============================== SRIM-2013.00 ==============================
==============================================================================
=================  TRANSMIT.txt : File of Transmitted Ions  ==================
=  This file tabulates the kinetics of ions or atoms leaving the target.     =
=  Column #1: S= Sputtered Atom, B= Backscattered Ion, T= Transmitted Ion.   =
=  Col.#2: Ion Number, Col.#3: Z of atom leaving, Col.#4: Atom energy (eV).  =
=  Col.#5-7: Last location:  X= Depth into target, Y,Z= Transverse axes.     =
=  Col.#8-10: Cosines of final trajectory.                                   =
= *** This data file is in the same format as TRIM.DAT (see manual for uses).=
====== TRIM Calc.=  H(18.1 MeV) ==> Layer 1( 1.48 mm) ========================
 Ion  Atom   Energy        Depth       Lateral-Position        Atom Direction      
 Numb Numb    (eV)          X(A)        Y(A)       Z(A)      Cos(X)  Cos(Y) Cos(Z) 
T    1  1 .6372689E+07   1488000E+01  .2021E+06  .4221E+06   .9888005  .1287596  .0754627
T    2  1 .6488094E+07   1488000E+01  .6557E+06  .7404E+05   .9947650  .1021724 -.0018438
T    3  1 .6379751E+07   1488000E+01  .2569E+06 -.4745E+06   .9983808  .0058236 -.0565855
T    4  1 .6649313E+07   1488000E+01 -.3613E+06  .5091E+05   .9990734 -.0341781  .0261575
T    5  1 .6426477E+07   1488000E+01 -.1299E+06 -.3522E+06   .9875224 -.0090185 -.1572200
T    6  1 .6384865E+07   1488000E+01  .1751E+06  .1933E+06   .9997105  .0238328 -.0032903
T    7  1 .6558231E+07   1488000E+01  .4103E+05  .3548E+06   .9996237  .0109716  .0251404
T    8  1 .6193245E+07   1488000E+01 -.1890E+06  .2509E+06   .9907161 -.0577551  .1230689
T    9  1 .6067763E+07   1488000E+01 -.3689E+06 -.1626E+06   .9864709 -.1625259 -.0214592
T   10  1 .6359356E+07   1488000E+01 -.1453E+07 -.1117E+07   .9883313 -.0868986 -.1250998
T   11  1 .6338863E+07   1488000E+01 -.1553E+06 -.4652E+06   .9953351 -.0543368 -.0797215
T   12  1 .6986232E+07   1488000E+01 -.1676E+06  .4635E+06   .9956768 -.0040888  .0927950
T   13  1 .6774839E+07   1488000E+01  .1254E+06 -.6306E+06   .9981697  .0282829 -.0534549
T   14  1 .6213417E+07   1488000E+01  .2879E+05  .1608E+06   .9805983  .0537169  .1885243
T   15  1 .6297307E+07   1488000E+01 -.2788E+06 -.2232E+06   .9985003 -.0364834 -.0408189
T   16  1 .6074481E+07   1488000E+01  .1265E+06  .4640E+06   .9978862  .0268171  .0591950
T   17  1 .6496015E+07   1488000E+01  .1036E+06  .8787E+06   .9872395  .0405383  .1539959
T   18  1 .6450556E+07   1488000E+01  .4774E+06  .3510E+06   .9948652  .0858383  .0536198
T   19  1 .5979150E+07   1488000E+01 -.1307E+07 -.2201E+07   .9486146 -.1234869 -.2913439
T   20  1 .6768474E+07   1488000E+01 -.3489E+06  .2203E+06   .9905661 -.1170375  .0712821
T   21  1 .6645268E+07   1488000E+01 -.1453E+05 -.9155E+05   .9986064 -.0508337 -.0141819
T   22  1 .6161692E+07   1488000E+01  .3069E+05  .2012E+06   .9999733  .0002834  .0073024
T   23  1 .6575484E+07   1488000E+01  .7472E+06  .5874E+05   .9842551  .1657670  .0613450
T   24  1 .6580482E+07   1488000E+01  .1096E+06  .8549E+06   .9998450  .0000233  .0176057
T   25  1 .6346901E+07   1488000E+01 -.1689E+06 -.4714E+06   .9951237 -.0153485 -.0974336
T   26  1 .6051597E+07   1488000E+01  .1639E+06 -.1791E+06   .9930509  .0503558 -.1063684
T   27  1 .6471435E+07   1488000E+01  .4503E+05 -.3281E+06   .9990678 -.0041183 -.0429726
T   28  1 .6370837E+07   1488000E+01 -.1985E+06 -.4038E+06   .9992357  .0104731 -.0376613
T   29  1 .6243841E+07   1488000E+01  .8238E+06  .1271E+06   .9915741  .1245892 -.0354724
T   30  1 .5944808E+07   1488000E+01 -.5161E+06  .1476E+06   .9970821 -.0577054  .0499734
T   31  1 .6917508E+07   1488000E+01 -.1219E+05  .2960E+06   .9967614  .0483637  .0642462
T   32  1 .6287513E+07   1488000E+01  .3535E+06  .7898E+04   .9976030  .0454013 -.0522200
T   33  1 .6389549E+07   1488000E+01 -.1259E+06 -.7583E+06   .9961576 -.0373225 -.0792275
T   34  1 .6480065E+07   1488000E+01  .6136E+06  .5400E+06   .9999249  .0092813 -.0079977
T   35  1 .6101638E+07   1488000E+01 -.3277E+06  .3647E+06   .9968180 -.0251509  .0756394
T   36  1 .6683707E+07   1488000E+01 -.5644E+05 -.1205E+06   .9998468  .0166908 -.0052793
T   37  1 .6343848E+07   1488000E+01  .6767E+06 -.8317E+06   .9841649  .0945710 -.1499193
T   38  1 .6399790E+07   1488000E+01  .7351E+05  .1141E+06   .9998985  .0123238  .0071552
T   39  1 .6627413E+07   1488000E+01 -.1481E+06  .4495E+05   .9974483 -.0527709  .0480839
T   40  1 .6525352E+07   1488000E+01  .1130E+06 -.3242E+06   .9989197 -.0408276  .0221931
T   41  1 .5928285E+07   1488000E+01  .2365E+06  .4341E+06   .9724931  .1733547  .1555809
T   42  1 .6603771E+07   1488000E+01 -.7954E+05  .3933E+06   .9992725  .0305878  .0227774
T   43  1 .5841492E+07   1488000E+01  .4059E+06 -.2072E+06   .9986562  .0468948 -.0220606
T   44  1 .6373935E+07   1488000E+01 -.3043E+06 -.2838E+05   .9993825 -.0270244  .0224551
T   45  1 .7023718E+07   1488000E+01 -.5221E+04  .2241E+06   .9991232 -.0151869  .0390162
T   46  1 .6540648E+07   1488000E+01  .4823E+06 -.2940E+06   .9764261  .1541724 -.1510729
T   47  1 .6411839E+07   1488000E+01 -.3329E+06 -.2653E+06   .9991430 -.0281835 -.0303132
T   48  1 .6414854E+07   1488000E+01  .2942E+06  .1878E+06   .9952081  .0698909  .0683817
T   49  1 .6711427E+07   1488000E+01  .1475E+06  .3407E+06   .9996337  .0111108  .0246782
T   50  1 .6426892E+07   1488000E+01 -.1028E+07 -.1327E+07   .9848014 -.0974834 -.1437467
T   51  1 .6857716E+07   1488000E+01  .2515E+06  .1415E+06   .9993123  .0370317  .0018939
T   52  1 .6303186E+07   1488000E+01 -.2850E+05  .2832E+06   .9976340 -.0330160  .0603020
T   53  1 .6513665E+07   1488000E+01 -.1619E+06  .2077E+06   .9995961 -.0059411 -.0277917
T   54  1 .6534373E+07   1488000E+01 -.4147E+06  .2401E+05   .9970480 -.0765009 -.0065485
T   55  1 .6444152E+07   1488000E+01 -.2619E+06 -.1958E+06   .9991812  .0234542 -.0329673
T   56  1 .7108262E+07   1488000E+01 -.1529E+06  .1853E+06   .9997914 -.0140513 -.0148223
T   57  1 .6442785E+07   1488000E+01  .2063E+06  .2978E+06   .9917895  .0575525  .1141988
T   58  1 .6598733E+07   1488000E+01  .1769E+06  .2668E+06   .9998379  .0170424 -.0058122
T   59  1 .6370904E+07   1488000E+01  .2108E+05  .4614E+06   .9969466 -.0522754  .0580063
T   60  1 .6368235E+07   1488000E+01 -.8084E+04  .1751E+06   .9964703 -.0158617  .0824345
T   61  1 .6317659E+07   1488000E+01  .2062E+05  .5282E+06   .9986694  .0442748  .0264415
T   62  1 .6481292E+07   1488000E+01 -.1286E+07 -.7016E+06   .9490862 -.2540791 -.1862236
T   63  1 .6751011E+07   1488000E+01  .2628E+06  .1687E+06   .9983230  .0439509 -.0376769
T   64  1 .6602592E+07   1488000E+01  .3129E+06  .1598E+06   .9931203  .1133522  .0293816
T   65  1 .6643567E+07   1488000E+01  .2118E+06 -.1552E+04   .9995532 -.0148356 -.0259472
T   66  1 .6407669E+07   1488000E+01  .6778E+05  .2221E+05   .9994661  .0018706  .0326208
T   67  1 .6269417E+07   1488000E+01  .1481E+06 -.2321E+06   .9994280  .0131108 -.0311750
T   68  1 .6110724E+07   1488000E+01 -.5946E+05 -.5383E+05   .9995848  .0279930 -.0068265
T   69  1 .6155199E+07   1488000E+01 -.2764E+06  .6785E+06   .9943417 -.0596371  .0879090
T   70  1 .6221296E+07   1488000E+01  .5238E+06  .2762E+06   .9978917  .0630938  .0152075
T   71  1 .6331791E+07   1488000E+01  .4804E+05 -.4544E+05   .9991901 -.0305587  .0261765
T   72  1 .6810108E+07   1488000E+01  .1354E+06  .5484E+04   .9998094  .0116725 -.0156528
T   73  1 .6872043E+07   1488000E+01  .5100E+06  .4321E+05   .9972648  .0492757 -.0550886
T   74  1 .6468531E+07   1488000E+01 -.1261E+06  .1397E+06   .9995687 -.0223866 -.0190046
T   75  1 .6015426E+07   1488000E+01  .8650E+04 -.1069E+06   .9990029  .0319419 -.0311922
T   76  1 .6254070E+07   1488000E+01 -.3871E+06  .3447E+06   .9979076 -.0498468  .0411793
T   77  1 .6427189E+07   1488000E+01 -.4948E+06 -.5740E+06   .9950392 -.0939000 -.0328590
T   78  1 .6613068E+07   1488000E+01  .4786E+06 -.4469E+06   .9945580  .0504405 -.0911599
T   79  1 .6710173E+07   1488000E+01 -.1433E+06  .4288E+06   .9965631 -.0480121  .0675044
T   80  1 .6109123E+07   1488000E+01  .1999E+06 -.1045E+06   .9965650 -.0119789  .0819432
T   81  1 .6036436E+07   1488000E+01 -.1257E+07 -.6747E+06   .9834284 -.1637023 -.0779109
T   82  1 .7059400E+07   1488000E+01 -.6594E+06 -.4153E+06   .9954391 -.0876336 -.0376999
T   83  1 .6402064E+07   1488000E+01  .6135E+05  .2533E+06   .9988354 -.0098205  .0472375
T   84  1 .6578299E+07   1488000E+01 -.2785E+06  .4065E+06   .9963909  .0096565  .0843320
T   85  1 .6013994E+07   1488000E+01 -.5038E+06 -.2622E+05   .9989014 -.0430760 -.0184503
T   86  1 .6674433E+07   1488000E+01  .1166E+06 -.3394E+06   .9956083  .0250677 -.0901985
T   87  1 .6848689E+07   1488000E+01 -.4134E+06 -.7467E+06   .9934455  .0583907 -.0982678
T   88  1 .6232274E+07   1488000E+01  .4834E+06 -.1682E+07   .9925693  .0221193 -.1196536
T   89  1 .6135634E+07   1488000E+01 -.1023E+06  .2458E+06   .9984386 -.0177143  .0529765
T   90  1 .6150682E+07   1488000E+01 -.2094E+06  .9707E+05   .9992178 -.0386388 -.0084106
T   91  1 .6713186E+07   1488000E+01 -.4600E+06 -.2976E+06   .9969819 -.0755155  .0180157
T   92  1 .6448351E+07   1488000E+01  .1085E+05  .4575E+05   .9999397 -.0020708  .0107812
T   93  1 .6508606E+07   1488000E+01  .7417E+05 -.9784E+05   .9996945 -.0010835 -.0246934
T   94  1 .6352668E+07   1488000E+01  .1259E+06 -.3755E+06   .9980358 -.0119716 -.0614919
T   95  1 .6579652E+07   1488000E+01  .3128E+06  .2036E+06   .9988670  .0412675  .0237023
T   96  1 .5773078E+07   1488000E+01  .1102E+07 -.7448E+06   .9912578  .1002713 -.0857531
T   97  1 .6284856E+07   1488000E+01  .1816E+06 -.2943E+05   .9981696  .0576227  .0183604
T   98  1 .6628675E+07   1488000E+01  .3733E+06  .5262E+06   .9977054  .0586007  .0339105
T   99  1 .6172276E+07   1488000E+01  .3452E+05  .4062E+06   .9935562 -.0150339  .1123393
T  100  1 .6495972E+07   1488000E+01 -.3495E+06  .4771E+05   .9995603 -.0050087  .0292269
T  101  1 .6351629E+07   1488000E+01  .2547E+06  .4394E+06   .9999839  .0054925 -.0014529
T  102  1 .6238651E+07   1488000E+01  .1025E+06 -.5340E+04   .9997399  .0213331  .0080626
T  103  1 .6559023E+07   1488000E+01 -.1751E+06  .8674E+05   .9997935  .0012831  .0202827
T  104  1 .6374790E+07   1488000E+01  .2672E+06  .2014E+06   .9939678  .1094121 -.0075467
T  105  1 .6383463E+07   1488000E+01 -.2258E+06 -.2369E+06   .9995066 -.0141393  .0280484
T  106  1 .5630602E+07   1488000E+01  .1977E+05 -.1088E+07   .9725994 -.0099172 -.2322758
T  107  1 .6532514E+07   1488000E+01  .7509E+05 -.1281E+06   .9893520  .0581113 -.1334379
T  108  1 .6861037E+07   1488000E+01  .4741E+06  .3188E+06   .9994213 -.0289643  .0178341
T  109  1 .6538008E+07   1488000E+01 -.9590E+05  .1241E+06   .9996951 -.0104458  .0223726
T  110  1 .6464556E+07   1488000E+01 -.1515E+06  .6519E+06   .9945103 -.0558032  .0885170
T  111  1 .6250393E+07   1488000E+01 -.6795E+04  .1585E+06   .9983391 -.0188273  .0544472
T  112  1 .6092346E+07   1488000E+01  .6622E+06  .9816E+06   .9814552  .1615800  .1031390
T  113  1 .6308176E+07   1488000E+01 -.1053E+07 -.1106E+06   .9715018 -.2337547 -.0392813
T  114  1 .6524477E+07   1488000E+01  .2758E+06 -.3404E+06   .9953456  .0906628 -.0326703
T  115  1 .5955937E+07   1488000E+01  .5310E+06 -.2407E+06   .9941399  .1073764  .0124929
T  116  1 .6338499E+07   1488000E+01 -.1504E+06 -.5032E+06   .9979584 -.0230205 -.0595736
T  117  1 .6408956E+07   1488000E+01  .8868E+04  .1696E+06   .9984580 -.0125542  .0540748
T  118  1 .6846654E+07   1488000E+01  .9804E+05  .4753E+06   .9998718 -.0120125  .0105871
T  119  1 .6762527E+07   1488000E+01  .3423E+06  .9601E+05   .9962292  .0816595  .0293120
T  120  1 .6363069E+07   1488000E+01 -.5657E+06  .3924E+05   .9980692 -.0609733 -.0118342
T  121  1 .6276170E+07   1488000E+01  .7007E+04  .5464E+06   .9992608  .0327282  .0201661
T  122  1 .6185363E+07   1488000E+01 -.7886E+05 -.1603E+06   .9994558 -.0262886 -.0199247
T  123  1 .6401051E+07   1488000E+01  .3279E+06 -.6058E+06   .9949402  .0363347 -.0936682
T  124  1 .6342524E+07   1488000E+01 -.8824E+05 -.9190E+06   .9954461 -.0519680 -.0799145
T  125  1 .7011652E+07   1488000E+01 -.4605E+06 -.1855E+06   .9877890 -.0611393 -.1432996
T  126  1 .6595741E+07   1488000E+01 -.7212E+05 -.2599E+06   .9994782  .0220992 -.0235583
T  127  1 .6235417E+07   1488000E+01 -.5200E+06  .1109E+07   .9887542 -.0302111  .1464666
T  128  1 .6446379E+07   1488000E+01  .1325E+05  .1187E+06   .9978278  .0609267  .0250541
T  129  1 .6649407E+07   1488000E+01 -.2026E+06  .1412E+06   .9958132  .0784128 -.0469842
T  130  1 .6709219E+07   1488000E+01  .9560E+05 -.1489E+06   .9976942 -.0383052 -.0560270
T  131  1 .6697668E+07   1488000E+01  .6403E+06  .2117E+06   .9977048  .0511066  .0444218
T  132  1 .6287652E+07   1488000E+01 -.2274E+06 -.3926E+05   .9997959 -.0142766 -.0142979
T  133  1 .6377500E+07   1488000E+01 -.1114E+06 -.5202E+06   .9984598  .0188353 -.0521853
T  134  1 .6957857E+07   1488000E+01  .2060E+06  .1721E+06   .9977671  .0327790  .0581929
T  135  1 .5992259E+07   1488000E+01  .7391E+06 -.6426E+06   .9965743  .0620779 -.0546451
T  136  1 .6245317E+07   1488000E+01  .1426E+06  .3334E+04   .9986820 -.0000419  .0513260
T  137  1 .6329055E+07   1488000E+01  .6409E+06  .2990E+06   .9989127  .0352667 -.0304902
T  138  1 .6048272E+07   1488000E+01  .2846E+06  .1864E+06   .9964544  .0711403  .0449184
T  139  1 .7044910E+07   1488000E+01  .1091E+06  .4231E+06   .9961528 -.0110229  .0869373
T  140  1 .6163972E+07   1488000E+01  .5143E+05  .4487E+05   .9979667 -.0129896 -.0624003
T  141  1 .6389876E+07   1488000E+01  .4598E+06 -.2672E+06   .9981820  .0431816 -.0420471
T  142  1 .6376411E+07   1488000E+01 -.1450E+05  .1007E+06   .9986445  .0357259  .0378536
T  143  1 .6820552E+07   1488000E+01 -.6296E+04 -.4558E+06   .9948353 -.0258752 -.0981486
T  144  1 .6444671E+07   1488000E+01 -.1676E+06 -.2259E+06   .9995698  .0021747 -.0292482
T  145  1 .5965007E+07   1488000E+01 -.6535E+04  .6849E+06   .9870488  .0149864  .1597190
T  146  1 .6170684E+07   1488000E+01 -.3317E+06 -.3050E+06   .9930925 -.0913041 -.0736940
T  147  1 .7195848E+07   1488000E+01  .3603E+06 -.1873E+06   .9997404  .0199527 -.0110003
T  148  1 .6179224E+07   1488000E+01  .2888E+06 -.3821E+06   .9912273  .1248357 -.0434115
T  149  1 .6146233E+07   1488000E+01  .4804E+06  .1030E+07   .9853568  .0671637  .1567197
T  150  1 .6379884E+07   1488000E+01 -.7284E+05  .7979E+05   .9999948  .0019817  .0025261
T  151  1 .5688690E+07   1488000E+01 -.1113E+06 -.1388E+06   .9986767 -.0008678 -.0514214
T  152  1 .6059948E+07   1488000E+01 -.2815E+06 -.8173E+05   .9990074 -.0008728  .0445357
T  153  1 .6406987E+07   1488000E+01 -.6158E+05  .5229E+06   .9963057  .0015256  .0858640
T  154  1 .6326370E+07   1488000E+01  .8432E+05 -.6368E+06   .9986718 -.0078912 -.0509150
T  155  1 .6529935E+07   1488000E+01 -.5327E+05 -.3577E+06   .9994726  .0289148 -.0147829
T  156  1 .6318082E+07   1488000E+01 -.1885E+06  .4019E+06   .9990966  .0224264  .0360972
T  157  1 .6431369E+07   1488000E+01 -.1381E+06 -.6891E+05   .9994494 -.0318622  .0092582
T  158  1 .5905577E+07   1488000E+01 -.3333E+06 -.2863E+06   .9982497 -.0176398 -.0564479
T  159  1 .6322665E+07   1488000E+01 -.2904E+06 -.2084E+06   .9998233 -.0180814  .0051391
T  160  1 .6063925E+07   1488000E+01 -.3521E+06 -.2141E+07   .9828325 -.0009924 -.1844972
T  161  1 .6113305E+07   1488000E+01  .1604E+06 -.3312E+06   .9969977  .0765649 -.0115536
T  162  1 .6443391E+07   1488000E+01 -.1746E+06  .5538E+05   .9991127 -.0230872  .0352246
T  163  1 .6085247E+07   1488000E+01 -.1028E+06  .1721E+06   .9989961 -.0023119  .0447369
T  164  1 .6022719E+07   1488000E+01  .1754E+06 -.1400E+04   .9997296  .0230498  .0030836
T  165  1 .6774281E+07   1488000E+01 -.7482E+06 -.5250E+06   .9937984 -.1020892 -.0440733
T  166  1 .6415071E+07   1488000E+01 -.7746E+06 -.4432E+06   .9465268 -.3217425 -.0238501
T  167  1 .6594748E+07   1488000E+01  .2212E+06  .8022E+05   .9936550  .1105081 -.0209190
T  168  1 .6397307E+07   1488000E+01  .3056E+06  .9181E+06   .9886125  .0913139  .1196127
T  169  1 .6028791E+07   1488000E+01  .5391E+05 -.1176E+06   .9987028  .0297086 -.0413542
T  170  1 .6255619E+07   1488000E+01 -.3660E+06 -.8460E+05   .9988849 -.0213463 -.0421108
T  171  1 .6687285E+07   1488000E+01  .1539E+06 -.1407E+06   .9992031  .0359787  .0172808
T  172  1 .6591946E+07   1488000E+01  .2822E+06  .8049E+05   .9912763  .1312091  .0124657
T  173  1 .6746290E+07   1488000E+01  .2003E+06  .4005E+06   .9993059  .0056733  .0368181
T  174  1 .6618210E+07   1488000E+01  .4249E+06 -.6709E+06   .9914384  .1010118 -.0827440
T  175  1 .6842519E+07   1488000E+01 -.7843E+05  .3104E+06   .9974796 -.0453228  .0545926
T  176  1 .6851211E+07   1488000E+01  .2761E+06  .2482E+04   .9991794  .0271374  .0300670
T  177  1 .6751548E+07   1488000E+01  .1425E+06  .4608E+05   .9968958  .0724918  .0307191
T  178  1 .6893840E+07   1488000E+01  .5387E+06 -.2332E+06   .9978635  .0647239  .0089018
T  179  1 .5696134E+07   1488000E+01  .4474E+06  .1335E+06   .9980158  .0625541  .0071736
T  180  1 .6191393E+07   1488000E+01  .3865E+06 -.1949E+06   .9400906  .2704241 -.2076067
T  181  1 .6379949E+07   1488000E+01  .2751E+06  .5908E+06   .9926321  .0870669  .0842662
T  182  1 .6555848E+07   1488000E+01  .1294E+06  .2770E+06   .9967254  .0614795  .0525238
T  183  1 .6868865E+07   1488000E+01 -.1825E+06  .4314E+06   .9984924 -.0164601  .0523633
T  184  1 .5953966E+07   1488000E+01  .3102E+06 -.1958E+05   .9991986  .0329323  .0227530
T  185  1 .6630216E+07   1488000E+01  .2687E+06 -.8296E+05   .9997234  .0113724 -.0205880
T  186  1 .6565787E+07   1488000E+01  .7556E+05  .9217E+05   .9992437  .0270006 -.0279826
T  187  1 .5461329E+07   1488000E+01 -.1131E+07  .3162E+07   .9297930 -.1130836  .3502815
T  188  1 .6603401E+07   1488000E+01  .1228E+06 -.5828E+05   .9999805 -.0062208 -.0005592
T  189  1 .6459795E+07   1488000E+01 -.3597E+05  .5471E+06   .9997202 -.0056955  .0229604
T  190  1 .6526718E+07   1488000E+01  .3458E+06 -.3342E+06   .9976771  .0680530  .0030275
T  191  1 .5925558E+07   1488000E+01  .3157E+06  .1905E+06   .9980038  .0493261  .0394384
T  192  1 .5912618E+07   1488000E+01 -.4951E+06  .6318E+06   .9961916 -.0695527  .0525807
T  193  1 .6421724E+07   1488000E+01  .8210E+05 -.3099E+06   .9982145  .0450160 -.0392603
T  194  1 .6579361E+07   1488000E+01 -.2469E+06 -.1010E+06   .9997103 -.0189308 -.0148642
T  195  1 .6579585E+07   1488000E+01  .3491E+06  .1100E+06   .9979687  .0618994  .0150639
T  196  1 .6318603E+07   1488000E+01 -.1598E+06  .6476E+06   .9991843  .0290962  .0280016
T  197  1 .6567974E+07   1488000E+01 -.5978E+06  .1439E+06   .9996328 -.0206846 -.0175048
T  198  1 .6286226E+07   1488000E+01 -.8834E+06 -.5965E+05   .9910957 -.1265089 -.0415300
T  199  1 .6714627E+07   1488000E+01  .1431E+06  .1047E+06   .9966588  .0771756  .0267414
T  200  1 .6232621E+07   1488000E+01  .8034E+05  .1522E+06   .9998424  .0170512 -.0049342
T  201  1 .6174564E+07   1488000E+01  .4335E+06  .6982E+05   .9939613  .1093682 -.0089158
T  202  1 .6558437E+07   1488000E+01 -.8956E+05 -.5235E+05   .9999392 -.0020829  .0108294
T  203  1 .6223107E+07   1488000E+01  .2158E+06 -.1753E+06   .9978471  .0552851 -.0352806
T  204  1 .7014030E+07   1488000E+01 -.3463E+06  .6528E+05   .9979823 -.0317873  .0549618
T  205  1 .6279230E+07   1488000E+01 -.3069E+06  .2961E+06   .9985648  .0182213  .0503628
T  206  1 .6794664E+07   1488000E+01 -.5065E+04 -.6740E+05   .9957190  .0911248 -.0154904
T  207  1 .6101367E+07   1488000E+01  .4556E+06 -.3767E+06   .9988007  .0465521 -.0151679
T  208  1 .6649005E+07   1488000E+01 -.2560E+06  .2819E+06   .9994729 -.0099758  .0308928
T  209  1 .6098633E+07   1488000E+01  .6652E+06 -.9409E+05   .9938136  .0896605 -.0655396
T  210  1 .6426491E+07   1488000E+01  .6442E+06  .6347E+05   .9986759  .0358859  .0368588
T  211  1 .6625579E+07   1488000E+01 -.3799E+06  .2489E+06   .9950605 -.0802941  .0583737
T  212  1 .5861811E+07   1488000E+01 -.7021E+05  .3402E+06   .9998808 -.0145611  .0051287
T  213  1 .6316389E+07   1488000E+01 -.7519E+06  .4735E+06   .9957145 -.0638205  .0669303
T  214  1 .6330966E+07   1488000E+01  .4116E+05  .5016E+06   .9978613  .0353307  .0549962
T  215  1 .6510188E+07   1488000E+01  .3240E+06 -.1393E+06   .9992084  .0395354  .0044230
T  216  1 .6780223E+07   1488000E+01 -.2288E+05 -.2828E+06   .9992606  .0259274 -.0283911
T  217  1 .6314560E+07   1488000E+01  .1987E+03 -.1082E+06   .9998117  .0180956 -.0070082
T  218  1 .6334700E+07   1488000E+01 -.2228E+07 -.1462E+07   .9548673 -.2467962 -.1652878
T  219  1 .6213501E+07   1488000E+01 -.5013E+06  .3024E+06   .9991017 -.0413255  .0093761
T  220  1 .6678192E+07   1488000E+01 -.1520E+06  .1516E+06   .9997071 -.0153280  .0187283
T  221  1 .6274217E+07   1488000E+01  .2716E+05 -.1079E+06   .9994851 -.0319219 -.0032474
T  222  1 .6038775E+07   1488000E+01  .5714E+06  .5393E+05   .9977011  .0673699 -.0073413
T  223  1 .6992386E+07   1488000E+01  .8145E+04 -.7267E+06   .9966512  .0411608 -.0706555
T  224  1 .6112599E+07   1488000E+01  .3020E+06 -.1219E+06   .9984969  .0513840  .0190697
T  225  1 .6984688E+07   1488000E+01 -.4373E+06  .1620E+06   .9995827 -.0254010 -.0137555
T  226  1 .6553805E+07   1488000E+01  .6053E+05  .3722E+06   .9990418 -.0051822  .0434579
T  227  1 .6316333E+07   1488000E+01  .1227E+06  .2890E+06   .9993634  .0016274  .0356400
T  228  1 .5997076E+07   1488000E+01 -.5636E+06  .7833E+05   .9942761 -.1066908  .0056584
T  229  1 .6088189E+07   1488000E+01 -.3157E+06  .1130E+07   .9878501  .0287375  .1527298
T  230  1 .5999921E+07   1488000E+01 -.1499E+06 -.1377E+05   .9986057 -.0159131  .0503336
T  231  1 .6082072E+07   1488000E+01 -.2888E+06  .1604E+06   .9998615 -.0007501  .0166241
T  232  1 .5516143E+07   1488000E+01  .3265E+06  .2963E+06   .9990832  .0412963 -.0112870
T  233  1 .6488960E+07   1488000E+01  .2385E+06  .1334E+06   .9998167  .0001194  .0191458
T  234  1 .6738504E+07   1488000E+01 -.6809E+06  .2743E+06   .9891126 -.1449444  .0254431
T  235  1 .6498919E+07   1488000E+01 -.2138E+05 -.4006E+06   .9990622 -.0416543  .0118156
T  236  1 .6338814E+07   1488000E+01 -.1266E+06  .1316E+05   .9987912 -.0486296 -.0071565
T  237  1 .6225591E+07   1488000E+01 -.9724E+05  .4752E+06   .9985834 -.0306471  .0434970
T  238  1 .6638039E+07   1488000E+01  .4557E+06  .6267E+06   .9833401  .1154049  .1404418
T  239  1 .6206705E+07   1488000E+01  .6904E+05 -.6682E+06   .9913456 -.0452043 -.1232495
T  240  1 .6710036E+07   1488000E+01  .7765E+05  .4089E+06   .9989510 -.0010163 -.0457802
T  241  1 .6101045E+07   1488000E+01  .1268E+06  .2085E+06   .9968391  .0647834  .0459884
T  242  1 .6754166E+07   1488000E+01  .4136E+05  .1331E+06   .9989437 -.0255269  .0382085
T  243  1 .6132100E+07   1488000E+01 -.1507E+06 -.3284E+06   .9982922 -.0000922 -.0584175
T  244  1 .6491529E+07   1488000E+01 -.6009E+06 -.2710E+06   .9987813 -.0461142 -.0175882
T  245  1 .6323119E+07   1488000E+01 -.2353E+05 -.5909E+06   .9981348  .0574601 -.0206216
T  246  1 .6727354E+07   1488000E+01  .5092E+06  .4470E+06   .9956913  .0485178  .0790245
T  247  1 .6266769E+07   1488000E+01  .4516E+06  .1500E+06   .9940639  .1086734  .0051996
T  248  1 .6291166E+07   1488000E+01  .3887E+06 -.3635E+06   .9957770  .0737607 -.0546581
T  249  1 .6254925E+07   1488000E+01  .1036E+06 -.4448E+06   .9986865 -.0499792 -.0112834
T  250  1 .6386943E+07   1488000E+01  .2393E+06 -.9843E+06   .9994492  .0237360 -.0231941
T  251  1 .6264210E+07   1488000E+01  .1438E+06 -.5405E+06   .9977538  .0367299 -.0560194
T  252  1 .6417802E+07   1488000E+01 -.2864E+06 -.4931E+05   .9972500 -.0491414 -.0554750
T  253  1 .6344239E+07   1488000E+01 -.1138E+06  .2476E+06   .9984759  .0053834  .0549259
T  254  1 .6311487E+07   1488000E+01  .2228E+05 -.2510E+05   .9999767 -.0068259 -.0002651
T  255  1 .6216076E+07   1488000E+01 -.1239E+06 -.7937E+06   .9922815 -.0132082 -.1233002
T  256  1 .6640675E+07   1488000E+01  .4170E+06 -.1758E+05   .9990283  .0316376  .0306830
T  257  1 .6645513E+07   1488000E+01 -.4067E+05  .2697E+05   .9999758 -.0034746 -.0060249
T  258  1 .6448270E+07   1488000E+01 -.6111E+05  .5431E+06   .9949178  .0278581  .0967597
T  259  1 .5823927E+07   1488000E+01 -.4411E+06 -.8272E+06   .9979076 -.0455542 -.0458838
T  260  1 .5330936E+07   1488000E+01  .1361E+06  .2417E+06   .9992030 -.0316154  .0243670
T  261  1 .6465581E+07   1488000E+01  .3847E+06 -.4271E+06   .9985366  .0226897 -.0490896
T  262  1 .6078328E+07   1488000E+01  .3045E+06 -.1108E+06   .9998311 -.0061058  .0173321
T  263  1 .6358580E+07   1488000E+01 -.1508E+05  .1931E+06   .9998149  .0156383  .0112106
T  264  1 .5838087E+07   1488000E+01  .3517E+06  .1432E+07   .9877799  .0623517  .1428396
T  265  1 .5943475E+07   1488000E+01 -.1714E+06  .9044E+06   .9907277  .0189711  .1345317
T  266  1 .6100297E+07   1488000E+01 -.7242E+04  .1394E+06   .9999116 -.0050739 -.0122868
T  267  1 .7084013E+07   1488000E+01  .1017E+06 -.3867E+06   .9985790 -.0127660 -.0517405
T  268  1 .5751978E+07   1488000E+01  .2210E+06  .1677E+06   .9983579  .0541216  .0187715
T  269  1 .6272667E+07   1488000E+01  .7808E+03 -.7235E+05   .9999699 -.0077484 -.0002945
T  270  1 .6422401E+07   1488000E+01  .8121E+06  .1258E+07   .9909569  .0523682  .1235392
T  271  1 .6110330E+07   1488000E+01  .5208E+05  .1246E+06   .9997024  .0034250  .0241535
T  272  1 .6682885E+07   1488000E+01  .7495E+06  .5325E+06   .9951371  .0903491  .0392318
T  273  1 .6358856E+07   1488000E+01 -.3303E+05 -.1943E+06   .9993150  .0327189 -.0172914
T  274  1 .6385096E+07   1488000E+01 -.5828E+06 -.6187E+06   .9940247 -.0773632 -.0770060
T  275  1 .6777657E+07   1488000E+01 -.1048E+06  .2406E+06   .9999032 -.0134215 -.0036581
T  276  1 .6300960E+07   1488000E+01  .6453E+06  .1266E+06   .9922874  .1177515  .0387340
T  277  1 .6528093E+07   1488000E+01 -.1766E+06 -.1646E+06   .9979666 -.0362868 -.0524014
T  278  1 .6348158E+07   1488000E+01  .7966E+06 -.7583E+05   .9852881  .1707685  .0067490
T  279  1 .6135743E+07   1488000E+01 -.4012E+06 -.3916E+06   .9765340 -.1456831 -.1586118
T  280  1 .6295234E+07   1488000E+01  .2312E+05  .1042E+06   .9990443 -.0166817  .0404002
T  281  1 .6529556E+07   1488000E+01 -.1987E+06  .2601E+05   .9995506  .0172613  .0245100
T  282  1 .6197069E+07   1488000E+01  .7499E+06 -.2772E+06   .9888090  .1491537  .0031453
T  283  1 .6490695E+07   1488000E+01 -.1146E+06 -.2496E+05   .9996638  .0236986  .0105187
T  284  1 .6827044E+07   1488000E+01  .3717E+06 -.1389E+06   .9941043  .1084281  .0000513
T  285  1 .6338825E+07   1488000E+01 -.5466E+06 -.7835E+05   .9983889 -.0394609  .0407719
T  286  1 .6070517E+07   1488000E+01 -.1748E+06  .1113E+06   .9993471 -.0262817  .0247903
T  287  1 .6805789E+07   1488000E+01 -.2680E+06 -.2505E+06   .9988626 -.0378423 -.0290081
T  288  1 .6208291E+07   1488000E+01  .2282E+06  .5802E+06   .9950672  .0186132  .0974414
T  289  1 .5899492E+07   1488000E+01 -.2392E+06 -.2368E+06   .9978547 -.0349844 -.0553368
T  290  1 .6270702E+07   1488000E+01  .3383E+06 -.3158E+06   .9975015  .0614615 -.0348315
T  291  1 .5997615E+07   1488000E+01  .6870E+06 -.9329E+06   .9918632  .0298045 -.1237700
T  292  1 .5534623E+07   1488000E+01 -.4072E+06 -.4747E+05   .9930280 -.1170642 -.0138366
T  293  1 .6573491E+07   1488000E+01  .4314E+05 -.7072E+03   .9997201 -.0120031 -.0203861
T  294  1 .6337655E+07   1488000E+01  .5171E+06 -.9208E+05   .9991503  .0404024 -.0081498
T  295  1 .6222004E+07   1488000E+01 -.5950E+06 -.5982E+06   .9889595 -.1477338 -.0115717
T  296  1 .6647179E+07   1488000E+01 -.1869E+06  .1500E+06   .9998658 -.0015693  .0163084
T  297  1 .6545151E+07   1488000E+01 -.4670E+06  .7486E+05   .9982214 -.0501834 -.0321820
T  298  1 .6513931E+07   1488000E+01  .6512E+05 -.1340E+07   .9830979 -.0402190 -.1786083
T  299  1 .6165991E+07   1488000E+01 -.2702E+06  .6031E+05   .9977977 -.0535814  .0391009
T  300  1 .6031685E+07   1488000E+01 -.1606E+06  .2561E+06   .9954138 -.0222724  .0930336
T  301  1 .6115683E+07   1488000E+01  .4739E+06  .5436E+05   .9950725  .0986170  .0102638
T  302  1 .6095359E+07   1488000E+01 -.1640E+06 -.6535E+05   .9998492 -.0164161 -.0056604
T  303  1 .6520232E+07   1488000E+01  .2347E+06 -.2238E+06   .9969971  .0714712  .0298098
T  304  1 .6836666E+07   1488000E+01 -.7993E+05 -.8206E+05   .9996290 -.0271062 -.0026492
T  305  1 .6846474E+07   1488000E+01  .2146E+06  .2540E+06   .9975465  .0528154  .0459509
T  306  1 .6106270E+07   1488000E+01 -.4740E+06 -.5381E+06   .9915329 -.0528048 -.1186347
T  307  1 .5762699E+07   1488000E+01  .4705E+06 -.3524E+06   .9775182  .1683683 -.1269264
T  308  1 .6596289E+07   1488000E+01 -.1696E+06 -.4022E+06   .9937523 -.0512384 -.0991516
T  309  1 .6385246E+07   1488000E+01  .2208E+06  .1995E+06   .9997362 -.0146339  .0177014
T  310  1 .5486282E+07   1488000E+01  .3448E+05  .9887E+05   .9990737 -.0372713  .0215099
T  311  1 .6482541E+07   1488000E+01  .1311E+06 -.1135E+06   .9997998  .0174028 -.0098705
T  312  1 .7107075E+07   1488000E+01 -.8679E+05 -.2418E+04   .9967807 -.0722398  .0347814
T  313  1 .6695713E+07   1488000E+01  .1996E+06  .1945E+06   .9990329  .0369404  .0238461
T  314  1 .6250531E+07   1488000E+01  .7797E+06  .3325E+06   .9944588  .0931438  .0487441
T  315  1 .6420421E+07   1488000E+01 -.1102E+06 -.9417E+05   .9994536  .0041537 -.0327897
T  316  1 .6144710E+07   1488000E+01  .6468E+06  .5896E+06   .9914765  .0888723  .0952687
T  317  1 .6471510E+07   1488000E+01  .4451E+06 -.2390E+06   .9920581  .0897940 -.0880777
T  318  1 .5907996E+07   1488000E+01  .7246E+06 -.4094E+06   .9960800  .0593107 -.0656262
T  319  1 .6377115E+07   1488000E+01 -.8882E+05  .1298E+06   .9988770  .0385964 -.0274767
T  320  1 .6156324E+07   1488000E+01 -.5679E+06  .1324E+05   .9832739 -.1821308  .0009102
T  321  1 .6479938E+07   1488000E+01 -.2270E+06  .9440E+05   .9976762 -.0543199 -.0411293
T  322  1 .6684992E+07   1488000E+01 -.3211E+06  .4179E+06   .9964972 -.0724893  .0416974
T  323  1 .6623987E+07   1488000E+01  .3720E+06 -.4413E+06   .9938941  .0351830 -.1045789
T  324  1 .6258359E+07   1488000E+01 -.1137E+06 -.5001E+03   .9980869 -.0239680  .0569920
T  325  1 .6141113E+07   1488000E+01 -.1125E+07 -.2482E+06   .9775181 -.0858205 -.1925961
T  326  1 .6577148E+07   1488000E+01 -.8491E+05 -.4368E+06   .9963587 -.0845790 -.0107566
T  327  1 .7047816E+07   1488000E+01  .1509E+06 -.6425E+06   .9706096  .1139303 -.2119833
T  328  1 .6090238E+07   1488000E+01  .4366E+06 -.5066E+06   .9989069  .0405089 -.0233227
T  329  1 .6490981E+07   1488000E+01  .1927E+06 -.7210E+05   .9987032 -.0038844 -.0507622
T  330  1 .5909268E+07   1488000E+01  .2235E+05  .9131E+05   .9996591 -.0037312  .0258404
T  331  1 .5930618E+07   1488000E+01  .3138E+06  .4300E+06   .9976223  .0387450  .0569970
T  332  1 .6621985E+07   1488000E+01  .4289E+06  .1093E+06   .9982106  .0542764  .0250919
T  333  1 .6688540E+07   1488000E+01  .4779E+06  .7617E+05   .9958616  .0901868 -.0112272
T  334  1 .6799826E+07   1488000E+01 -.4568E+06 -.6771E+05   .9995450 -.0301221 -.0015477
T  335  1 .6992232E+07   1488000E+01  .3588E+06  .4734E+06   .9933601  .1048896  .0472631
T  336  1 .6305172E+07   1488000E+01 -.4016E+06 -.5038E+06   .9969915  .0483166 -.0606095
T  337  1 .6716729E+07   1488000E+01  .4773E+06  .4798E+06   .9922425  .0900674  .0856890
T  338  1 .7096047E+07   1488000E+01 -.1168E+06 -.4073E+06   .9991028  .0035007 -.0422065
T  339  1 .6803537E+07   1488000E+01  .1550E+06 -.3848E+06   .9995632  .0289287  .0060493
T  340  1 .6666038E+07   1488000E+01 -.2691E+06 -.3304E+06   .9986201 -.0125835 -.0509850
T  341  1 .6506991E+07   1488000E+01  .1487E+06 -.4439E+06   .9970310 -.0081221 -.0765717
T  342  1 .6428375E+07   1488000E+01  .1020E+06 -.3437E+05   .9990324  .0367987 -.0240878
T  343  1 .6448024E+07   1488000E+01  .5387E+06 -.1742E+06   .9968746  .0436138 -.0658696
T  344  1 .6590548E+07   1488000E+01 -.4077E+06  .3111E+06   .9995436 -.0252729  .0165477
T  345  1 .6673618E+07   1488000E+01 -.3639E+06  .4128E+06   .9952344 -.0969784  .0101793
T  346  1 .6376117E+07   1488000E+01 -.4165E+06  .1405E+06   .9988644 -.0018425  .0476073
T  347  1 .6064935E+07   1488000E+01 -.2516E+06  .5265E+06   .9957148 -.0482486  .0788930
T  348  1 .6022198E+07   1488000E+01  .6198E+05  .7303E+06   .9976645  .0409736  .0546502
T  349  1 .6520272E+07   1488000E+01  .8423E+05  .5612E+06   .9984484 -.0121997  .0543317
T  350  1 .6261313E+07   1488000E+01 -.5763E+05  .3642E+06   .9960138 -.0091898  .0887244
T  351  1 .6067437E+07   1488000E+01  .3709E+06 -.4632E+06   .9967598  .0210734 -.0776256
T  352  1 .6540725E+07   1488000E+01  .2823E+06 -.3411E+06   .9985826  .0254261 -.0467584
T  353  1 .6356304E+07   1488000E+01  .1236E+06 -.3269E+06   .9989661  .0000536 -.0454616
T  354  1 .6071161E+07   1488000E+01 -.2167E+06  .4142E+06   .9929404  .0240936  .1161413
T  355  1 .6046149E+07   1488000E+01  .3077E+06 -.1152E+06   .9916504  .1289501 -.0011683
T  356  1 .6020278E+07   1488000E+01  .8050E+05  .3792E+06   .9994408 -.0304480  .0138184
T  357  1 .6705898E+07   1488000E+01  .2738E+06  .1061E+06   .9933637 -.1136543  .0176448
T  358  1 .6529636E+07   1488000E+01 -.4603E+06  .7253E+06   .9941165 -.0555058  .0930131
T  359  1 .6503934E+07   1488000E+01 -.6097E+06 -.3824E+06   .9857933 -.1581139 -.0566711
T  360  1 .6548276E+07   1488000E+01 -.2207E+06 -.1157E+06   .9980402 -.0437411  .0447495
T  361  1 .5965079E+07   1488000E+01 -.3832E+06  .4550E+06   .9971354 -.0115458  .0747514
T  362  1 .6476656E+07   1488000E+01  .7044E+06  .1998E+06   .9567212  .2837276 -.0646768
T  363  1 .6285609E+07   1488000E+01 -.5905E+06 -.8281E+05   .9985695 -.0520872 -.0120763
T  364  1 .6121994E+07   1488000E+01  .6821E+06 -.1078E+07   .9847058  .1229302 -.1234613
T  365  1 .6228588E+07   1488000E+01  .1858E+06  .3444E+06   .9979581  .0477392  .0424331
T  366  1 .5973870E+07   1488000E+01  .4004E+06 -.1377E+06   .9981359  .0370205 -.0485204
T  367  1 .6486222E+07   1488000E+01 -.3127E+06  .2609E+05   .9993095 -.0106312  .0356020
T  368  1 .6176021E+07   1488000E+01  .1090E+06  .5306E+06   .9963344  .0101011  .0849450
T  369  1 .6676072E+07   1488000E+01 -.1969E+06 -.1361E+06   .9961114 -.0683754 -.0555589
T  370  1 .6640596E+07   1488000E+01 -.1073E+07  .3574E+06   .9959578 -.0736504  .0514169
T  371  1 .6577153E+07   1488000E+01  .1693E+06 -.2052E+06   .9991519  .0280172 -.0301760
T  372  1 .6437980E+07   1488000E+01  .8163E+04 -.9023E+06   .9929750  .0186811 -.1168405
T  373  1 .6005822E+07   1488000E+01 -.1837E+06  .1292E+05   .9978547 -.0654596 -.0010652
T  374  1 .6539524E+07   1488000E+01  .3231E+06  .1362E+06   .9992497  .0258111  .0288759
T  375  1 .5773724E+07   1488000E+01 -.3030E+06 -.2990E+06   .9992150 -.0207642 -.0337369
T  376  1 .6742617E+07   1488000E+01  .6518E+05  .6267E+06   .9992323  .0031313  .0390523
T  377  1 .6223636E+07   1488000E+01 -.6748E+06  .7498E+06   .9938646 -.0641866  .0900732
T  378  1 .5584580E+07   1488000E+01 -.4063E+05  .4061E+06   .9994200  .0190532  .0282255
T  379  1 .5796769E+07   1488000E+01 -.7417E+05  .2455E+06   .9990278  .0402212 -.0180499
T  380  1 .6377927E+07   1488000E+01 -.9533E+05 -.1059E+06   .9992805 -.0349374 -.0147574
T  381  1 .6446697E+07   1488000E+01 -.4117E+05 -.4587E+06   .9976303 -.0116159 -.0678143
T  382  1 .6536909E+07   1488000E+01  .2447E+06 -.1316E+07   .9908711  .0629365 -.1192201
T  383  1 .5775681E+07   1488000E+01 -.8163E+05  .3152E+06   .9990264 -.0178778  .0403313
T  384  1 .6449173E+07   1488000E+01 -.1956E+06  .4643E+06   .9951778 -.0651798  .0732995
T  385  1 .5944823E+07   1488000E+01 -.1170E+06  .3166E+06   .9996030  .0274308  .0064352
T  386  1 .6497349E+07   1488000E+01 -.3805E+06 -.8583E+05   .9994207 -.0334030 -.0065215
T  387  1 .6246173E+07   1488000E+01 -.1517E+06 -.4060E+06   .9997888 -.0170735 -.0114433
T  388  1 .6020142E+07   1488000E+01  .5571E+06 -.3900E+06   .9944828  .0813389 -.0662412
T  389  1 .6633767E+07   1488000E+01 -.3758E+06 -.2045E+06   .9992840  .0072769 -.0371281
T  390  1 .6284985E+07   1488000E+01  .6899E+06  .5634E+06   .9897092  .0985889  .1037109
T  391  1 .6456254E+07   1488000E+01  .2950E+06 -.3017E+05   .9871253 -.1203788 -.1053210
T  392  1 .6236059E+07   1488000E+01  .1271E+05  .2409E+06   .9994980 -.0135237  .0286518
T  393  1 .6938597E+07   1488000E+01 -.7034E+06 -.1921E+06   .9936618 -.0839393 -.0747696
T  394  1 .6076314E+07   1488000E+01 -.1638E+06  .3809E+06   .9985662  .0077954  .0529604
T  395  1 .6626318E+07   1488000E+01  .1701E+06 -.2065E+06   .9995182 -.0084786 -.0298581
T  396  1 .6134161E+07   1488000E+01 -.1731E+06 -.4776E+06   .9993220 -.0136080 -.0342095
T  397  1 .5525084E+07   1488000E+01  .2915E+07  .1285E+07   .9043071  .4101510  .1183416
T  398  1 .5699997E+07   1488000E+01 -.1388E+06  .2661E+06   .9986979 -.0385057  .0334648
T  399  1 .6030650E+07   1488000E+01  .7478E+05 -.3606E+06   .9983166  .0382356 -.0436116
T  400  1 .6692998E+07   1488000E+01 -.3836E+06 -.4809E+06   .9899488  .0084531 -.1411732
T  401  1 .6569532E+07   1488000E+01 -.4345E+06  .8648E+06   .9967846 -.0516749  .0612387
T  402  1 .6070512E+07   1488000E+01  .1662E+06  .4875E+06   .9951282  .0625374  .0762163
T  403  1 .6573649E+07   1488000E+01 -.7774E+06  .2848E+06   .9900335 -.1096803  .0883396
T  404  1 .6080361E+07   1488000E+01  .5283E+06 -.7194E+06   .9943053  .0052107 -.1064416
T  405  1 .6186143E+07   1488000E+01 -.1415E+06  .2796E+06   .9959983 -.0867375 -.0215399
T  406  1 .6415267E+07   1488000E+01 -.8910E+06 -.3865E+06   .9925200 -.1196128 -.0244319
T  407  1 .6936949E+07   1488000E+01  .2614E+06 -.3579E+06   .9949204  .0591428 -.0814583
T  408  1 .6221799E+07   1488000E+01 -.9672E+06 -.1021E+06   .9673400 -.2428778 -.0725507
T  409  1 .6244703E+07   1488000E+01 -.3510E+06 -.3917E+06   .9974725 -.0421282 -.0572169
T  410  1 .6172577E+07   1488000E+01 -.8996E+04 -.3988E+06   .9963695  .0234760 -.0818329
T  411  1 .6619805E+07   1488000E+01 -.3934E+06  .4026E+06   .9993009  .0003332  .0373850
T  412  1 .5694832E+07   1488000E+01  .3524E+06 -.2593E+05   .9985784 -.0501873  .0179578
T  413  1 .6180354E+07   1488000E+01  .3767E+06 -.5644E+06   .9925422  .1187511 -.0275339
T  414  1 .6275599E+07   1488000E+01 -.1728E+06  .8514E+06   .9846728 -.0679309  .1606388
T  415  1 .6964217E+07   1488000E+01 -.6648E+05  .2777E+06   .9935658 -.0125967  .1125536
T  416  1 .6492336E+07   1488000E+01  .1402E+06 -.2124E+06   .9994205 -.0327402 -.0093116
T  417  1 .6013854E+07   1488000E+01  .6903E+05 -.1327E+06   .9986941  .0275834 -.0430019
T  418  1 .6576210E+07   1488000E+01 -.2943E+06 -.4383E+06   .9974614 -.0617097 -.0355329
T  419  1 .6383520E+07   1488000E+01  .5004E+06 -.2113E+05   .9991312  .0342791  .0237032
T  420  1 .6479347E+07   1488000E+01  .2796E+06  .2580E+06   .9965822  .0473801  .0676687
T  421  1 .6833646E+07   1488000E+01  .6084E+05  .1873E+06   .9986487  .0154933  .0496058
T  422  1 .6305792E+07   1488000E+01  .4161E+05 -.1615E+06   .9960551  .0360943 -.0810640
T  423  1 .6899067E+07   1488000E+01  .8909E+05  .1123E+06   .9999328  .0114878  .0015860
T  424  1 .6149809E+07   1488000E+01 -.5474E+06  .4234E+05   .9963755 -.0803226 -.0280017
T  425  1 .6665149E+07   1488000E+01  .9898E+04 -.1492E+06   .9988426 -.0016018 -.0480708
T  426  1 .6592940E+07   1488000E+01  .4342E+06 -.2433E+06   .9948944  .0774863 -.0646611
T  427  1 .7040880E+07   1488000E+01  .4206E+06  .3621E+06   .9964748  .0819457  .0179664
T  428  1 .6738371E+07   1488000E+01  .4803E+05 -.3046E+06   .9993008  .0217558  .0304067
T  429  1 .6246279E+07   1488000E+01 -.9168E+05  .4057E+06   .9884744 -.1163896  .0968080
T  430  1 .6585591E+07   1488000E+01  .2411E+06 -.1193E+05   .9976058  .0670546  .0169214
T  431  1 .6703665E+07   1488000E+01  .4099E+05 -.5683E+05   .9999615  .0071594 -.0050721
T  432  1 .7024373E+07   1488000E+01 -.7385E+06  .1978E+06   .9973267 -.0609941  .0402380
T  433  1 .6085095E+07   1488000E+01 -.2107E+06 -.5493E+06   .9935618 -.0598431 -.0961967
T  434  1 .6578629E+07   1488000E+01  .1646E+06 -.1432E+05   .9996935  .0223203 -.0107109
T  435  1 .6164069E+07   1488000E+01  .1357E+06  .2230E+06   .9989038  .0386084  .0264684
T  436  1 .6765646E+07   1488000E+01 -.9498E+05  .3777E+06   .9974978 -.0160196  .0688581
T  437  1 .6431453E+07   1488000E+01  .3017E+06  .7489E+06   .9966930  .0521461  .0623211
T  438  1 .6490916E+07   1488000E+01  .5432E+06  .2573E+06   .9982332  .0385209  .0452387
T  439  1 .6843735E+07   1488000E+01 -.2527E+06 -.4280E+06   .9993916 -.0081146 -.0339196
T  440  1 .6177705E+07   1488000E+01 -.8688E+05 -.1170E+06   .9994992  .0244257 -.0201205
T  441  1 .5917279E+07   1488000E+01 -.5984E+06 -.1400E+06   .9944574 -.1030820 -.0207014
T  442  1 .6003700E+07   1488000E+01 -.7385E+06  .5402E+05   .9977112 -.0558609 -.0381052
T  443  1 .6529850E+07   1488000E+01  .2435E+06  .1705E+06   .9989717  .0442760 -.0097570
T  444  1 .6699805E+07   1488000E+01  .8707E+05  .9179E+03   .9993038 -.0343117  .0146515
T  445  1 .5932833E+07   1488000E+01 -.1780E+06 -.1305E+06   .9997073  .0238846  .0038590
T  446  1 .6054113E+07   1488000E+01  .2584E+06 -.1986E+06   .9996283  .0268089 -.0049512
T  447  1 .7159460E+07   1488000E+01 -.5266E+05 -.4184E+06   .9964566 -.0586992 -.0602387
T  448  1 .6185183E+07   1488000E+01 -.4573E+06  .2937E+06   .9991583 -.0339482 -.0230265
T  449  1 .5850005E+07   1488000E+01  .4833E+06 -.2646E+05   .9944445  .0239256 -.1025069
T  450  1 .6003969E+07   1488000E+01  .3995E+06  .3364E+06   .9930619  .0913677  .0740276
T  451  1 .6193910E+07   1488000E+01 -.3553E+06  .2821E+05   .9968787 -.0590355  .0524177
T  452  1 .6369163E+07   1488000E+01  .1813E+06 -.9787E+05   .9959102 -.0020787 -.0903244
T  453  1 .6654093E+07   1488000E+01 -.1683E+06 -.1934E+06   .9997748  .0012867 -.0211847
T  454  1 .6764378E+07   1488000E+01 -.4237E+06  .1522E+06   .9998341 -.0181888  .0009429
T  455  1 .6074188E+07   1488000E+01 -.4712E+06 -.7437E+06   .9943712 -.0635026 -.0848133
T  456  1 .7067453E+07   1488000E+01 -.8211E+06 -.3312E+06   .9955910 -.0913331 -.0213757
T  457  1 .6593586E+07   1488000E+01 -.3060E+05  .1021E+06   .9989910 -.0258556  .0367215
T  458  1 .6476316E+07   1488000E+01 -.5046E+06 -.3530E+06   .9890615 -.1034653 -.1051298
T  459  1 .6602394E+07   1488000E+01  .2778E+06 -.8919E+05   .9993162  .0300426 -.0215558
T  460  1 .6632737E+07   1488000E+01  .2603E+06  .2491E+06   .9937868  .0408992  .1035139
T  461  1 .6231705E+07   1488000E+01  .4755E+06 -.1540E+05   .9900625  .1406170  .0017588
T  462  1 .6190066E+07   1488000E+01  .1824E+05 -.3433E+05   .9998549 -.0099288 -.0138425
T  463  1 .6490757E+07   1488000E+01 -.3584E+06  .2050E+06   .9978529 -.0566582  .0328554
T  464  1 .6560870E+07   1488000E+01  .1335E+07 -.8379E+05   .9979003  .0644520  .0064020
T  465  1 .7172352E+07   1488000E+01  .3244E+06  .1720E+05   .9992515  .0177581  .0343667
T  466  1 .6429086E+07   1488000E+01 -.9127E+05 -.4813E+06   .9976932 -.0268947 -.0623289
T  467  1 .6068932E+07   1488000E+01 -.2628E+06  .3045E+06   .9942923 -.0252695 -.1036550
T  468  1 .6321110E+07   1488000E+01  .1480E+06  .1805E+06   .9985819  .0527166  .0074238
T  469  1 .6119261E+07   1488000E+01  .1292E+06  .2030E+06   .9996003  .0000809  .0282695
T  470  1 .6008859E+07   1488000E+01  .3985E+06 -.1726E+06   .9973678  .0723593 -.0046473
T  471  1 .5595848E+07   1488000E+01  .9375E+06  .1702E+07   .9674697  .1456169  .2068769
T  472  1 .6579819E+07   1488000E+01  .3230E+06  .1772E+06   .9841012 -.0493281  .1706210
T  473  1 .7056064E+07   1488000E+01 -.1088E+06 -.3229E+06   .9977334 -.0311250 -.0596590
T  474  1 .6183079E+07   1488000E+01 -.6592E+05 -.4151E+05   .9998030 -.0176325 -.0091169
T  475  1 .6443162E+07   1488000E+01  .1514E+06  .5607E+05   .9996670  .0228531 -.0119837
T  476  1 .6217048E+07   1488000E+01  .8193E+06 -.2435E+06   .9943990  .1050701  .0114430
T  477  1 .6333688E+07   1488000E+01 -.1782E+06 -.4306E+05   .9992960 -.0374582 -.0021068
T  478  1 .6891294E+07   1488000E+01  .3766E+05 -.3601E+05   .9996392  .0261609 -.0060909
T  479  1 .6428491E+07   1488000E+01 -.1431E+05 -.5575E+05   .9918671  .1212083  .0388345
T  480  1 .6506002E+07   1488000E+01 -.9369E+05 -.1662E+07   .9904161 -.0391402 -.1324536
T  481  1 .6058936E+07   1488000E+01 -.2544E+06 -.3151E+05   .9992773 -.0378106 -.0038978
T  482  1 .6410777E+07   1488000E+01 -.3429E+06 -.1074E+06   .9998694  .0160769  .0016413
T  483  1 .6408194E+07   1488000E+01 -.2899E+06 -.1392E+06   .9978186 -.0599969 -.0275408
T  484  1 .6793002E+07   1488000E+01  .9430E+05 -.2722E+06   .9960882  .0572855 -.0672801
T  485  1 .5920662E+07   1488000E+01 -.9742E+06  .8917E+06   .9858985 -.0186718  .1662996
T  486  1 .6383122E+07   1488000E+01  .1255E+06 -.9867E+05   .9985466  .0532238 -.0084776
T  487  1 .6656502E+07   1488000E+01  .2032E+06  .3390E+06   .9995391  .0036030  .0301430
T  488  1 .6002971E+07   1488000E+01 -.6209E+06 -.1045E+05   .9912104 -.1299294  .0249051
T  489  1 .6205416E+07   1488000E+01 -.4990E+06 -.3054E+06   .9994483 -.0251897 -.0216487
T  490  1 .5734915E+07   1488000E+01  .9428E+05 -.6369E+05   .9998995  .0120752  .0074265
T  491  1 .6497088E+07   1488000E+01 -.4124E+06 -.7438E+05   .9953359 -.0929693 -.0257520
T  492  1 .6195774E+07   1488000E+01 -.4821E+06 -.9535E+05   .9969360 -.0690589 -.0367342
T  493  1 .6079668E+07   1488000E+01  .5107E+06 -.5391E+06   .9935563  .0817613 -.0784924
T  494  1 .6812298E+07   1488000E+01 -.5332E+06 -.4198E+06   .9988087 -.0102334 -.0477117
T  495  1 .6195481E+07   1488000E+01  .1033E+07 -.3086E+06   .9921146  .1240710 -.0177470
T  496  1 .6132379E+07   1488000E+01 -.2721E+06  .4031E+06   .9991406  .0323924  .0258623
T  497  1 .6491801E+07   1488000E+01  .5319E+06  .3168E+06   .9947007  .0845211  .0585377
T  498  1 .5985159E+07   1488000E+01 -.7258E+05 -.9205E+04   .9967395  .0055105 -.0804987
T  499  1 .6041943E+07   1488000E+01 -.1693E+04  .4156E+05   .9987968 -.0375301  .0315656
T  500  1 .6731813E+07   1488000E+01 -.7017E+05  .3183E+06   .9980672 -.0246433  .0570497
T  501  1 .6327654E+07   1488000E+01 -.7524E+05  .8849E+06   .9923522 -.0268497  .1204830
T  502  1 .6721548E+07   1488000E+01 -.8207E+05 -.3282E+06   .9997753 -.0001804 -.0211966
T  503  1 .6085487E+07   1488000E+01  .5239E+06  .2493E+05   .9958125  .0842003 -.0356067
T  504  1 .6230832E+07   1488000E+01 -.3376E+06  .1337E+06   .9985711 -.0482150  .0230460
T  505  1 .5863481E+07   1488000E+01  .1079E+07  .3918E+06   .9914537  .0901213  .0943275
T  506  1 .5857448E+07   1488000E+01  .7204E+06  .4369E+06   .9826541  .1309936  .1312691
T  507  1 .7133816E+07   1488000E+01  .3026E+05 -.1549E+06   .9997380 -.0199822  .0111649
T  508  1 .6235405E+07   1488000E+01 -.2015E+07  .1082E+07   .9605171 -.2502908  .1214963
T  509  1 .6463675E+07   1488000E+01 -.3633E+06 -.3224E+06   .9854053 -.0970886 -.1398219
T  510  1 .6426790E+07   1488000E+01 -.2008E+05  .2214E+06   .9983016 -.0094218  .0574896
T  511  1 .6607959E+07   1488000E+01 -.4383E+05 -.4244E+06   .9973865  .0257989 -.0674879
T  512  1 .6636355E+07   1488000E+01  .4775E+06 -.1838E+05   .9939971  .0775780 -.0771456
T  513  1 .7154033E+07   1488000E+01 -.1046E+06  .3148E+06   .9936996 -.0188191  .1104855
T  514  1 .6546695E+07   1488000E+01 -.1935E+06 -.2291E+06   .9998956 -.0046047 -.0136961
T  515  1 .6154922E+07   1488000E+01 -.1922E+06  .2240E+06   .9997629 -.0189260 -.0107648
T  516  1 .5927816E+07   1488000E+01  .2400E+05  .8134E+05   .9984785 -.0424670  .0351750
T  517  1 .6455547E+07   1488000E+01 -.1335E+06 -.3948E+04   .9997123 -.0024029 -.0238669
T  518  1 .6368141E+07   1488000E+01 -.2556E+06 -.2773E+04   .9996817 -.0225848 -.0112475
T  519  1 .5954914E+07   1488000E+01  .9442E+05 -.3073E+06   .9989916  .0251505 -.0371917
T  520  1 .6029689E+07   1488000E+01  .6925E+04 -.1083E+06   .9988497 -.0335946  .0342147
T  521  1 .6696750E+07   1488000E+01 -.9520E+05  .6229E+05   .9992295  .0024624  .0391696
T  522  1 .6370398E+07   1488000E+01  .1299E+06 -.5189E+06   .9991355  .0366041  .0197054
T  523  1 .6567603E+07   1488000E+01  .1887E+06  .7495E+05   .9992779  .0375021  .0061096
T  524  1 .6434980E+07   1488000E+01 -.6617E+06 -.7736E+05   .9981987 -.0564706 -.0202598
T  525  1 .6549777E+07   1488000E+01 -.2875E+05  .3415E+06   .9996736 -.0141260  .0212851
T  526  1 .6425730E+07   1488000E+01 -.2263E+06  .1903E+06   .9988172 -.0355531 -.0331703
T  527  1 .6479411E+07   1488000E+01 -.1555E+06  .6465E+05   .9986322  .0172303  .0493646
T  528  1 .6508208E+07   1488000E+01 -.1866E+06  .1181E+06   .9992829 -.0195852  .0324068
T  529  1 .6840683E+07   1488000E+01  .4758E+06 -.3138E+06   .9998783  .0156010 -.0001195
T  530  1 .6110968E+07   1488000E+01  .8072E+05 -.3596E+06   .9996244  .0271889  .0034329
T  531  1 .6312573E+07   1488000E+01  .3250E+06 -.7222E+06   .9901164  .0376514 -.1350996
T  532  1 .6464175E+07   1488000E+01 -.5056E+06  .6074E+05   .9957179 -.0895608 -.0229074
T  533  1 .6049511E+07   1488000E+01 -.6421E+05 -.1303E+06   .9994395  .0147893  .0300320
T  534  1 .5951413E+07   1488000E+01 -.1476E+06 -.8791E+05   .9993282 -.0340636 -.0135226
T  535  1 .6647228E+07   1488000E+01 -.5970E+05 -.1123E+06   .9995858  .0009052 -.0287656
T  536  1 .6313363E+07   1488000E+01  .4984E+06 -.3877E+05   .9996078  .0249727  .0126708
T  537  1 .5912196E+07   1488000E+01  .3771E+06  .3821E+06   .9931213  .0769554  .0882494
T  538  1 .6361917E+07   1488000E+01 -.8694E+05  .5023E+06   .9913727 -.0025203  .1310490
T  539  1 .7085363E+07   1488000E+01 -.2650E+06  .5071E+05   .9996841 -.0134325  .0212424
T  540  1 .6340342E+07   1488000E+01 -.3229E+06  .8182E+04   .9967107 -.0799002  .0135536
T  541  1 .5858898E+07   1488000E+01  .4653E+06  .3149E+06   .9967955  .0646795  .0470667
T  542  1 .6338012E+07   1488000E+01 -.2204E+06 -.1212E+07   .9866416 -.0758254 -.1441834
T  543  1 .6735544E+07   1488000E+01 -.7879E+06  .8032E+06   .9726315 -.1188816  .1996376
T  544  1 .6577947E+07   1488000E+01  .2646E+06  .4725E+06   .9984762  .0540834  .0109624
T  545  1 .6560230E+07   1488000E+01  .1703E+06 -.3490E+06   .9968346  .0261286 -.0750877
T  546  1 .6182887E+07   1488000E+01 -.1773E+06 -.6896E+06   .9957689 -.0251075 -.0883961
T  547  1 .6582580E+07   1488000E+01 -.7374E+05  .2254E+06   .9993600 -.0355888  .0036152
T  548  1 .6599946E+07   1488000E+01  .2592E+06 -.4637E+04   .9988961  .0378069 -.0278794
T  549  1 .6366757E+07   1488000E+01 -.6818E+06  .6581E+06   .9950750 -.0869443  .0476064
T  550  1 .6450194E+07   1488000E+01  .2692E+06 -.2152E+06   .9986471  .0243946 -.0459223
T  551  1 .6199645E+07   1488000E+01  .9210E+06 -.4149E+06   .9983693  .0447682 -.0354194
T  552  1 .6309802E+07   1488000E+01  .9636E+05  .2244E+06   .9968740  .0530655  .0585346
T  553  1 .6415109E+07   1488000E+01  .2605E+05  .4036E+06   .9994615  .0239108  .0224720
T  554  1 .6258966E+07   1488000E+01  .7110E+06 -.7558E+03   .9926723  .1142311 -.0394065
T  555  1 .6376620E+07   1488000E+01  .4257E+06 -.1560E+05   .9989739  .0317436  .0323040
T  556  1 .6269957E+07   1488000E+01  .1257E+06 -.6026E+05   .9999695  .0064095 -.0044704
T  557  1 .5434025E+07   1488000E+01 -.1844E+06 -.4206E+06   .9996090 -.0020337 -.0278878
T  558  1 .6570937E+07   1488000E+01  .9438E+05  .6678E+06   .9995276 -.0275951  .0135346
T  559  1 .6876327E+07   1488000E+01  .3587E+06  .7170E+06   .9904788  .0212597  .1360136
T  560  1 .5861453E+07   1488000E+01  .2033E+06  .1549E+06   .9996871 -.0106243  .0226472
T  561  1 .6525364E+07   1488000E+01  .3565E+06 -.3022E+06   .9978869  .0592771  .0266089
T  562  1 .6544045E+07   1488000E+01 -.1487E+06  .7953E+05   .9998199 -.0184053  .0046343
T  563  1 .6226678E+07   1488000E+01 -.4272E+06 -.2151E+06   .9969960 -.0591259 -.0500317
T  564  1 .6461213E+07   1488000E+01  .1739E+06  .1736E+06   .9976386  .0137839  .0672851
T  565  1 .6923750E+07   1488000E+01  .8370E+06 -.3378E+06   .9940582  .0990543 -.0451279
T  566  1 .6493994E+07   1488000E+01  .5717E+06 -.7946E+06   .9954789  .0724944 -.0613699
T  567  1 .6390582E+07   1488000E+01  .5240E+05 -.4158E+05   .9997858  .0132952 -.0158641
T  568  1 .6811849E+07   1488000E+01  .3467E+06 -.1295E+07   .9955296  .0382688 -.0863494
T  569  1 .6814556E+07   1488000E+01  .2069E+05 -.8617E+05   .9989685  .0354351 -.0283967
T  570  1 .6467616E+07   1488000E+01  .2243E+06  .3462E+06   .9971885 -.0035772  .0748488
T  571  1 .6086639E+07   1488000E+01  .7055E+06 -.1713E+06   .9969372  .0675577 -.0393983
T  572  1 .6396621E+07   1488000E+01  .1010E+06  .2975E+05   .9989088  .0423261 -.0197401
T  573  1 .6902091E+07   1488000E+01  .1785E+06 -.2363E+06   .9994022  .0300569 -.0170848
T  574  1 .6738349E+07   1488000E+01  .8208E+05  .1008E+07   .9931656  .0454856  .1074855
T  575  1 .6157636E+07   1488000E+01  .2922E+06 -.4932E+05   .9997639  .0214126  .0036804
T  576  1 .6216227E+07   1488000E+01 -.3968E+06  .5110E+06   .9908017 -.0713916  .1149576
T  577  1 .6430654E+07   1488000E+01  .8686E+06  .1909E+06   .9952334  .0975206 -.0004773
T  578  1 .6714479E+07   1488000E+01 -.1836E+06  .7837E+05   .9991088  .0174164  .0384496
T  579  1 .6070206E+07   1488000E+01 -.7672E+04  .9660E+06   .9986194 -.0014087  .0525102
T  580  1 .6673337E+07   1488000E+01  .2914E+06 -.4489E+06   .9959678 -.0609937 -.0657867
T  581  1 .6760335E+07   1488000E+01  .3012E+06 -.1020E+06   .9976978  .0452269 -.0505334
T  582  1 .6376109E+07   1488000E+01 -.2097E+06  .2106E+06   .9953385 -.0279091  .0923166
T  583  1 .6432417E+07   1488000E+01 -.2613E+06 -.8419E+06   .9920809  .0090395 -.1252751
T  584  1 .6413187E+07   1488000E+01 -.4708E+06  .4261E+06   .9931440 -.0891012  .0756708
T  585  1 .5941066E+07   1488000E+01  .1812E+06  .2525E+06   .9996816  .0223228  .0117604
T  586  1 .6635143E+07   1488000E+01  .4623E+06  .3333E+06   .9946602  .0619918  .0825107
T  587  1 .6233422E+07   1488000E+01  .5480E+06  .7035E+06   .9958995  .0394452  .0814136
T  588  1 .6760309E+07   1488000E+01  .1855E+06 -.1601E+06   .9995051 -.0171309 -.0263843
T  589  1 .5930158E+07   1488000E+01  .2764E+06  .5764E+06   .9956656  .0515567  .0774077
T  590  1 .6722109E+07   1488000E+01  .5199E+05  .9306E+05   .9986751  .0332551 -.0392706
T  591  1 .6142216E+07   1488000E+01 -.1994E+06  .3410E+06   .9999769  .0043561 -.0052128
T  592  1 .6002300E+07   1488000E+01  .6499E+06 -.7840E+06   .9862642  .1537041 -.0604809
T  593  1 .6450224E+07   1488000E+01 -.1501E+06  .1409E+06   .9973701 -.0565015 -.0453914
T  594  1 .6353918E+07   1488000E+01 -.4000E+06  .2442E+06   .9971714 -.0013944  .0751482
T  595  1 .6488712E+07   1488000E+01  .2172E+06  .2761E+06   .9894045 -.0503364  .1361803
T  596  1 .6474503E+07   1488000E+01 -.9777E+06 -.6551E+06   .9914825 -.0988494 -.0848009
T  597  1 .6532703E+07   1488000E+01 -.9364E+05 -.3695E+06   .9944600 -.0300826 -.1007191
T  598  1 .6391116E+07   1488000E+01  .1913E+06 -.4453E+06   .9991340  .0241160 -.0339082
T  599  1 .6045192E+07   1488000E+01  .6553E+06  .6750E+06   .9910298  .1111270  .0742348
T  600  1 .7250951E+07   1488000E+01  .1998E+06 -.4563E+06   .9985202  .0076355 -.0538427
T  601  1 .5945380E+07   1488000E+01  .1452E+06 -.2379E+06   .9994133 -.0340017 -.0041202
T  602  1 .6162620E+07   1488000E+01  .6227E+06 -.1587E+06   .9970421  .0737858 -.0215107
T  603  1 .6540127E+07   1488000E+01 -.3199E+06  .4705E+06   .9965219 -.0461357  .0693945
T  604  1 .6381639E+07   1488000E+01  .5833E+06  .3408E+06   .9925161  .1172951  .0339641
T  605  1 .6834630E+07   1488000E+01  .5079E+06  .1585E+06   .9948455  .1011238  .0075158
T  606  1 .6465580E+07   1488000E+01  .5200E+06 -.7076E+05   .9984669  .0173947  .0525480
T  607  1 .6436333E+07   1488000E+01  .2565E+06 -.3286E+06   .9948165  .0455730 -.0909028
T  608  1 .6466377E+07   1488000E+01  .6613E+06 -.3043E+06   .9953919  .0517627 -.0807193
T  609  1 .6170817E+07   1488000E+01  .5780E+06 -.4244E+06   .9964651  .0562065 -.0624356
T  610  1 .6694243E+07   1488000E+01 -.3451E+06 -.9834E+05   .9989795 -.0450839  .0027064
T  611  1 .6376997E+07   1488000E+01  .1463E+05 -.5538E+06   .9998619 -.0090183 -.0139554
T  612  1 .6137754E+07   1488000E+01  .2855E+06 -.2287E+06   .9983977  .0560400 -.0078415
T  613  1 .6273365E+07   1488000E+01  .1181E+06  .2895E+06   .9976741  .0421280  .0535874
T  614  1 .6300858E+07   1488000E+01  .1719E+06  .1953E+06   .9999608 -.0078972  .0040084
T  615  1 .6551204E+07   1488000E+01  .2944E+06 -.1867E+06   .9990632  .0432603 -.0011608
T  616  1 .6581111E+07   1488000E+01 -.2462E+06 -.2325E+06   .9995373 -.0149593  .0264826
T  617  1 .6512663E+07   1488000E+01  .3414E+06  .2570E+05   .9980892  .0616500  .0041581
T  618  1 .6779175E+07   1488000E+01 -.4569E+05 -.3607E+05   .9995661 -.0212715  .0203737
T  619  1 .6232853E+07   1488000E+01 -.2371E+06 -.2822E+06   .9991061 -.0257510 -.0335232
T  620  1 .6728236E+07   1488000E+01  .3779E+06 -.5057E+05   .9992759 -.0073535 -.0373318
T  621  1 .6358267E+07   1488000E+01 -.1770E+05  .2092E+06   .9969077 -.0089425  .0780708
T  622  1 .6689023E+07   1488000E+01 -.9679E+04  .2769E+06   .9984431  .0548291  .0102527
T  623  1 .7284297E+07   1488000E+01  .4491E+05  .4148E+06   .9947958 -.0522711  .0874590
T  624  1 .6234395E+07   1488000E+01  .3744E+06 -.7565E+06   .9952211  .0549596 -.0807118
T  625  1 .6582044E+07   1488000E+01 -.3505E+05 -.3866E+06   .9991594 -.0215846 -.0348519
T  626  1 .6468860E+07   1488000E+01  .4181E+05  .1772E+06   .9983149 -.0247119  .0525048
T  627  1 .6284313E+07   1488000E+01 -.2899E+06  .2158E+05   .9993299  .0158958 -.0329723
T  628  1 .6246925E+07   1488000E+01  .7253E+06  .3299E+06   .9889705  .1476428  .0117848
T  629  1 .5897111E+07   1488000E+01 -.3344E+06 -.1166E+06   .9994133 -.0337498 -.0058317
T  630  1 .6577999E+07   1488000E+01  .5610E+06 -.9613E+04   .9968772  .0650096 -.0448296
T  631  1 .6341039E+07   1488000E+01  .1099E+06  .3183E+06   .9987509 -.0283551  .0411407
T  632  1 .5930784E+07   1488000E+01  .5999E+06 -.2140E+06   .9976268  .0687856  .0030620
T  633  1 .6408809E+07   1488000E+01  .6348E+06 -.1075E+07   .9903569  .1142355 -.0783798
T  634  1 .5876245E+07   1488000E+01  .4181E+06  .6853E+06   .9947564  .0036135  .1022085
T  635  1 .6549237E+07   1488000E+01 -.1528E+06  .1182E+06   .9985814 -.0531342  .0034415
T  636  1 .6676505E+07   1488000E+01  .4272E+06  .1135E+06   .9887060  .1457923  .0347129
T  637  1 .6387094E+07   1488000E+01  .5074E+06  .2598E+06   .9932099  .0732865  .0903506
T  638  1 .6725855E+07   1488000E+01 -.1254E+06 -.2412E+06   .9998881  .0149453  .0006136
T  639  1 .5870159E+07   1488000E+01  .1552E+06 -.3225E+06   .9975220  .0141007 -.0689272
T  640  1 .6192002E+07   1488000E+01 -.3267E+06  .9425E+06   .9968270 -.0319998  .0728834
T  641  1 .6137709E+07   1488000E+01  .7446E+06  .3285E+06   .9955662  .0905148  .0255940
T  642  1 .6062703E+07   1488000E+01  .1524E+06  .7963E+05   .9837976 -.1785549 -.0161378
T  643  1 .6303065E+07   1488000E+01  .2740E+06 -.7963E+06   .9978044  .0375087 -.0545837
T  644  1 .6689407E+07   1488000E+01  .6691E+05 -.5898E+06   .9966683  .0203289 -.0789881
T  645  1 .6355554E+07   1488000E+01 -.4607E+06  .1680E+06   .9667880 -.2299149  .1116247
T  646  1 .6124841E+07   1488000E+01  .4699E+06 -.1506E+06   .9974052  .0702135  .0159029
T  647  1 .6650565E+07   1488000E+01  .3914E+06 -.6009E+06   .9961069  .0283785 -.0834614
T  648  1 .6593128E+07   1488000E+01 -.5112E+06  .5467E+06   .9955017 -.0677872  .0661916
T  649  1 .6147782E+07   1488000E+01 -.6940E+05 -.2198E+06   .9996405  .0193777 -.0185289
T  650  1 .6141447E+07   1488000E+01 -.7948E+06 -.3560E+06   .9660895 -.2396095 -.0962204
T  651  1 .6241613E+07   1488000E+01  .2159E+06 -.1766E+06   .9989910  .0447559 -.0037148
T  652  1 .6563359E+07   1488000E+01  .2240E+06  .3495E+06   .9953925 -.0036044  .0958165
T  653  1 .5838811E+07   1488000E+01 -.9940E+06  .2913E+06   .9956977 -.0899652  .0221872
T  654  1 .5821732E+07   1488000E+01 -.2389E+06  .3020E+06   .9987073 -.0420091  .0286172
T  655  1 .6112289E+07   1488000E+01 -.1923E+06  .4204E+06   .9986701  .0278761  .0433694
T  656  1 .5921204E+07   1488000E+01 -.1770E+06  .2108E+06   .9905940 -.1165147  .0717480
T  657  1 .6146774E+07   1488000E+01  .4423E+05 -.7304E+06   .9956828 -.0007988 -.0928182
T  658  1 .6318869E+07   1488000E+01 -.9033E+05  .2327E+06   .9991802  .0028568  .0403833
T  659  1 .6121068E+07   1488000E+01 -.4147E+05 -.6328E+06   .9924025  .0160452 -.1219832
T  660  1 .6428113E+07   1488000E+01 -.1124E+06 -.2151E+06   .9952610  .0684707 -.0690457
T  661  1 .6585179E+07   1488000E+01  .3193E+06 -.2537E+05   .9971696  .0642549 -.0390408
T  662  1 .6534426E+07   1488000E+01 -.1198E+06 -.6440E+05   .9982942 -.0348977 -.0468054
T  663  1 .5879876E+07   1488000E+01  .7063E+06 -.1336E+07   .9937262  .0538520 -.0980212
T  664  1 .6117990E+07   1488000E+01  .8028E+06  .3106E+06   .9938436  .0979224 -.0518274
T  665  1 .6230998E+07   1488000E+01  .6196E+06 -.1400E+07   .9925306  .0078521 -.1217429
T  666  1 .6395822E+07   1488000E+01 -.5537E+06 -.3889E+06   .9942395  .0629294  .0867625
T  667  1 .6696050E+07   1488000E+01 -.1668E+06 -.1822E+06   .9986112 -.0436249 -.0295400
T  668  1 .5997038E+07   1488000E+01  .2012E+06  .1158E+06   .9993274  .0362999  .0052110
T  669  1 .5699740E+07   1488000E+01  .1291E+07 -.8291E+06   .9860525  .1412349 -.0880522
T  670  1 .6035535E+07   1488000E+01 -.9343E+06 -.2480E+07   .9140734 -.1516888 -.3761120
T  671  1 .5999649E+07   1488000E+01  .2994E+06 -.2582E+06   .9804067  .1897593 -.0528588
T  672  1 .6942564E+07   1488000E+01 -.1945E+06  .2018E+06   .9965327 -.0633387  .0539523
T  673  1 .6875647E+07   1488000E+01 -.1306E+06 -.1132E+06   .9989507 -.0407087  .0209831
T  674  1 .6759878E+07   1488000E+01 -.4976E+05 -.1337E+06   .9992958  .0283505 -.0245780
T  675  1 .6309280E+07   1488000E+01  .2581E+06  .5370E+06   .9928976  .0385215  .1125629
T  676  1 .6387417E+07   1488000E+01  .1679E+06 -.5568E+06   .9982973 -.0488628 -.0318571
T  677  1 .6471836E+07   1488000E+01 -.2998E+06 -.5699E+06   .9945892  .0036667 -.1038212
T  678  1 .6508637E+07   1488000E+01 -.8612E+05  .1091E+06   .9999138  .0012872 -.0130673
T  679  1 .6398697E+07   1488000E+01  .2344E+06 -.2661E+06   .9968518  .0612012 -.0504080
T  680  1 .6422958E+07   1488000E+01  .1906E+06  .6453E+05   .9999973  .0022890  .0004513
T  681  1 .6534082E+07   1488000E+01 -.2449E+06  .2075E+05   .9985964 -.0310258  .0429251
T  682  1 .6551883E+07   1488000E+01 -.1155E+06  .3422E+06   .9943444  .0374679  .0993747
T  683  1 .6397803E+07   1488000E+01  .3710E+06 -.1790E+06   .9986239  .0460121 -.0251644
T  684  1 .6853168E+07   1488000E+01 -.2474E+06  .2730E+06   .9995307 -.0238399 -.0192352
T  685  1 .6580416E+07   1488000E+01 -.1938E+06 -.2081E+06   .9995617  .0087701 -.0282744
T  686  1 .5771064E+07   1488000E+01  .2926E+06 -.3776E+06   .9943605  .0574442 -.0891483
T  687  1 .6417031E+07   1488000E+01 -.3664E+06  .1146E+06   .9980705 -.0603078  .0147720
T  688  1 .6748575E+07   1488000E+01  .4285E+06 -.3069E+04   .9966180  .0796930  .0200399
T  689  1 .6239847E+07   1488000E+01 -.2335E+06  .3300E+06   .9979817  .0061626  .0632031
T  690  1 .5917550E+07   1488000E+01  .3452E+05 -.1650E+05   .9985870  .0508747  .0153531
T  691  1 .6108948E+07   1488000E+01  .3601E+05 -.4380E+03   .9997594  .0218698  .0017163
T  692  1 .6357241E+07   1488000E+01  .1032E+07  .3648E+06   .9947364  .0899230  .0491249
T  693  1 .6322645E+07   1488000E+01 -.8026E+05  .2787E+06   .9981438 -.0543150  .0275475
T  694  1 .6525713E+07   1488000E+01  .4939E+06 -.2471E+06   .9957753  .0864271 -.0310149
T  695  1 .6826404E+07   1488000E+01 -.3948E+06  .7818E+05   .9994848 -.0259973 -.0188216
T  696  1 .6164292E+07   1488000E+01 -.2719E+05 -.2435E+06   .9995956  .0270526  .0087579
T  697  1 .7061854E+07   1488000E+01  .3485E+06  .2357E+06   .9976932  .0383648  .0560039
T  698  1 .6330893E+07   1488000E+01  .2375E+06 -.6029E+06   .9962831  .0536216 -.0674140
T  699  1 .6723459E+07   1488000E+01  .1381E+06  .6094E+06   .9977033 -.0356520  .0575931
T  700  1 .5871508E+07   1488000E+01  .2368E+06  .7131E+05   .9966429  .0216089 -.0789684
T  701  1 .6556072E+07   1488000E+01  .4285E+06  .5496E+06   .9967739  .0293433  .0747049
T  702  1 .6255183E+07   1488000E+01 -.6108E+06 -.6413E+06   .9964813 -.0652550 -.0526003
T  703  1 .6865057E+07   1488000E+01  .2321E+06  .5223E+06   .9975169 -.0041335  .0703061
T  704  1 .6343747E+07   1488000E+01  .1160E+06 -.1921E+06   .9994903  .0226231 -.0225228
T  705  1 .6229013E+07   1488000E+01 -.1820E+06 -.4089E+05   .9954201 -.0955762  .0020244
T  706  1 .6623613E+07   1488000E+01  .3865E+06 -.9990E+06   .9900227  .0466023 -.1329784
T  707  1 .6249358E+07   1488000E+01  .2728E+06 -.2106E+06   .9984855 -.0406993 -.0370161
T  708  1 .6449480E+07   1488000E+01  .4592E+06  .2116E+06   .9994012  .0338462  .0071850
T  709  1 .6318078E+07   1488000E+01 -.3189E+06 -.4141E+06   .9988850  .0294953 -.0368608
T  710  1 .6852222E+07   1488000E+01 -.2562E+06 -.1250E+06   .9994733 -.0011655 -.0324314
T  711  1 .6098062E+07   1488000E+01  .1929E+06 -.3344E+06   .9950357  .0074321 -.0992411
T  712  1 .6155132E+07   1488000E+01  .2454E+06  .2495E+06   .9742760  .2132343  .0729201
T  713  1 .6539228E+07   1488000E+01  .1725E+06  .1680E+06   .9983428  .0283368  .0500860
T  714  1 .6656554E+07   1488000E+01 -.1098E+06 -.1570E+06   .9998046 -.0086115 -.0177938
T  715  1 .6092054E+07   1488000E+01 -.9850E+05 -.2206E+06   .9998086  .0039692  .0191551
T  716  1 .6487268E+07   1488000E+01  .3494E+06 -.4228E+06   .9981414  .0555258 -.0251139
T  717  1 .6878274E+07   1488000E+01  .4470E+06 -.2941E+06   .9952225  .0793397 -.0568987
T  718  1 .5879904E+07   1488000E+01  .2498E+06 -.1963E+07   .9770856 -.0138433 -.2123959
T  719  1 .6283762E+07   1488000E+01  .3498E+05 -.8440E+04   .9998782 -.0076877 -.0135814
T  720  1 .6426557E+07   1488000E+01 -.1070E+06  .2891E+05   .9959614  .0347054 -.0828037
T  721  1 .6378720E+07   1488000E+01 -.7878E+05 -.8984E+05   .9999943 -.0012300 -.0031558
T  722  1 .6619559E+07   1488000E+01  .4753E+06  .3716E+06   .9968951  .0599281  .0510754
T  723  1 .6139367E+07   1488000E+01  .1407E+06  .3712E+06   .9936649  .0853361  .0731288
T  724  1 .6639827E+07   1488000E+01  .2853E+06  .2466E+06   .9983927  .0523224  .0217809
T  725  1 .6303618E+07   1488000E+01  .8335E+05 -.2490E+06   .9996224  .0274431 -.0013547
T  726  1 .6316082E+07   1488000E+01 -.6789E+05  .4857E+06   .9989139 -.0008661 -.0465863
T  727  1 .6519722E+07   1488000E+01  .3124E+06  .1592E+06   .9985823  .0507756 -.0159785
T  728  1 .6023824E+07   1488000E+01  .4707E+06  .6249E+05   .9933783  .1148523 -.0029083
T  729  1 .5909516E+07   1488000E+01 -.3878E+06  .1548E+06   .9999363  .0000901  .0112893
T  730  1 .6436799E+07   1488000E+01  .5690E+06 -.5427E+05   .9955172  .0908749 -.0262172
T  731  1 .6372899E+07   1488000E+01 -.8165E+04  .5749E+06   .9986412 -.0220769  .0472049
T  732  1 .6517985E+07   1488000E+01  .2064E+06 -.3633E+06   .9974694  .0455660 -.0545764
T  733  1 .5740967E+07   1488000E+01 -.4297E+05 -.7275E+05   .9997125 -.0232783 -.0057507
T  734  1 .6928435E+07   1488000E+01 -.6606E+06 -.1238E+06   .9940538 -.1061529  .0242618
T  735  1 .6684111E+07   1488000E+01 -.2815E+06 -.5414E+06   .9987731 -.0245975 -.0429795
T  736  1 .6099923E+07   1488000E+01 -.3744E+06  .3983E+06   .9974785  .0037488 -.0708705
T  737  1 .6275722E+07   1488000E+01 -.2234E+06  .9960E+05   .9989309 -.0042644 -.0460317
T  738  1 .6523972E+07   1488000E+01 -.1591E+06  .7124E+06   .9993010  .0194738  .0319119
T  739  1 .6500709E+07   1488000E+01  .2684E+06 -.4668E+06   .9970899  .0431260 -.0628638
T  740  1 .6796817E+07   1488000E+01  .5899E+06  .9240E+05   .9942822  .1064503  .0084441
T  741  1 .6610201E+07   1488000E+01  .9593E+05 -.1342E+06   .9998863 -.0043281 -.0144470
T  742  1 .5852268E+07   1488000E+01  .3959E+06  .1738E+06   .9991669  .0407346 -.0024999
T  743  1 .6383902E+07   1488000E+01  .4754E+06 -.2588E+06   .9826121  .1856492  .0027829
T  744  1 .6299526E+07   1488000E+01  .2952E+06  .5227E+06   .9993949  .0173314  .0301577
T  745  1 .6080490E+07   1488000E+01  .1202E+06  .1799E+06   .9990947 -.0195254  .0377959
T  746  1 .6299110E+07   1488000E+01 -.7760E+05 -.5286E+06   .9950921  .0014961 -.0989419
T  747  1 .6456427E+07   1488000E+01 -.1398E+06 -.6436E+05   .9998989  .0046279  .0134459
T  748  1 .6672773E+07   1488000E+01  .1173E+06  .1634E+06   .9996467 -.0143258  .0223897
T  749  1 .6174900E+07   1488000E+01  .2030E+05 -.1033E+06   .9948305  .0195982 -.0996401
T  750  1 .6519906E+07   1488000E+01 -.1301E+06 -.2145E+06   .9990200 -.0243145  .0369849
T  751  1 .6292458E+07   1488000E+01 -.4622E+06 -.1433E+06   .9927231 -.0912436 -.0785844
T  752  1 .6393358E+07   1488000E+01 -.7957E+05 -.3440E+06   .9992687 -.0326129 -.0199625
T  753  1 .6093773E+07   1488000E+01 -.2592E+07  .1228E+07   .9796833 -.1726619  .1020222
T  754  1 .6584795E+07   1488000E+01 -.1698E+06  .1595E+06   .9993147 -.0003030  .0370147
T  755  1 .6585554E+07   1488000E+01  .1493E+06 -.1296E+05   .9985073  .0543709  .0051950
T  756  1 .6571072E+07   1488000E+01 -.1578E+06  .5978E+05   .9972061 -.0457556 -.0590458
T  757  1 .6423228E+07   1488000E+01 -.3358E+06 -.1028E+06   .9978343 -.0526806 -.0393897
T  758  1 .6321757E+07   1488000E+01  .1355E+06 -.5354E+06   .9979228 -.0209139 -.0609322
T  759  1 .6864976E+07   1488000E+01 -.3062E+05  .3234E+05   .9973276  .0719454 -.0127082
T  760  1 .6803953E+07   1488000E+01  .3897E+06  .5534E+05   .9934641  .1141215  .0023114
T  761  1 .6483921E+07   1488000E+01  .1920E+06 -.4584E+06   .9959189  .0300076 -.0851180
T  762  1 .6491911E+07   1488000E+01  .2843E+05  .1196E+06   .9986600  .0331252 -.0397618
T  763  1 .6312206E+07   1488000E+01 -.1472E+06  .8730E+05   .9988435  .0150924  .0456492
T  764  1 .6248167E+07   1488000E+01 -.2918E+06 -.5190E+06   .9938721 -.0664426 -.0883385
T  765  1 .6930905E+07   1488000E+01 -.8801E+05  .3150E+06   .9985500 -.0206630  .0497079
T  766  1 .6691961E+07   1488000E+01 -.1288E+06  .1717E+06   .9973829 -.0244487  .0680406
T  767  1 .6067154E+07   1488000E+01 -.1571E+06  .1834E+06   .9971401 -.0497255  .0569121
T  768  1 .6517276E+07   1488000E+01 -.3537E+06 -.1513E+06   .9974972 -.0597300 -.0378382
T  769  1 .6930159E+07   1488000E+01  .3631E+05 -.4540E+05   .9997594  .0190752 -.0108274
T  770  1 .5968283E+07   1488000E+01 -.5854E+05  .3002E+06   .9466872 -.3135781  .0738388
T  771  1 .6260777E+07   1488000E+01 -.4756E+06 -.5448E+05   .9973563 -.0622615 -.0374691
T  772  1 .6410130E+07   1488000E+01  .6822E+03 -.5943E+04   .9999382  .0090153 -.0065027
T  773  1 .6253392E+07   1488000E+01  .1781E+05  .1981E+06   .9994067 -.0016230  .0344044
T  774  1 .6471422E+07   1488000E+01 -.1125E+07  .4044E+06   .9906191 -.1232117  .0590982
T  775  1 .6616661E+07   1488000E+01 -.2729E+06 -.1532E+06   .9919687 -.0187880 -.1250802
T  776  1 .6257943E+07   1488000E+01 -.4013E+06 -.3307E+06   .9960976 -.0741474 -.0478724
T  777  1 .6738479E+07   1488000E+01  .5495E+06  .4368E+06   .9963932  .0543335  .0651795
T  778  1 .5968856E+07   1488000E+01  .7572E+06 -.1813E+07   .9862816  .0366703 -.1609466
T  779  1 .6447718E+07   1488000E+01 -.5845E+05  .3446E+06   .9976554  .0440812  .0523493
T  780  1 .6070423E+07   1488000E+01  .3656E+06  .5705E+06   .9967364 -.0189473  .0784699
T  781  1 .6421568E+07   1488000E+01  .5141E+06  .3847E+06   .9945530  .0820035  .0643414
T  782  1 .6487455E+07   1488000E+01 -.2042E+06  .1928E+06   .9938024 -.0283198  .1074934
T  783  1 .6558021E+07   1488000E+01  .8575E+04 -.1125E+06   .9986689 -.0412768 -.0309300
T  784  1 .6779618E+07   1488000E+01 -.1280E+06 -.5888E+06   .9965591 -.0625809 -.0543467
T  785  1 .6530796E+07   1488000E+01  .1453E+06  .1341E+06   .9986700 -.0111561  .0503365
T  786  1 .5735862E+07   1488000E+01  .4112E+06  .1926E+06   .9992028  .0110864 -.0383511
T  787  1 .6663751E+07   1488000E+01 -.1943E+06  .3048E+06   .9950861 -.0568771  .0810469
T  788  1 .6807385E+07   1488000E+01  .2292E+06 -.4114E+06   .9981531  .0090249 -.0600752
T  789  1 .6202331E+07   1488000E+01  .2461E+06  .2940E+06   .9966822  .0759478  .0292651
T  790  1 .6353928E+07   1488000E+01 -.3868E+06  .2186E+06   .9975719 -.0694555  .0051271
T  791  1 .6190033E+07   1488000E+01 -.3202E+06 -.6393E+05   .9986881 -.0511513 -.0023906
T  792  1 .6059181E+07   1488000E+01 -.2909E+06 -.1266E+07   .9942036 -.0670098 -.0840761
T  793  1 .6404718E+07   1488000E+01  .3863E+06 -.9951E+05   .9986845  .0510234 -.0050899
T  794  1 .5967199E+07   1488000E+01 -.1074E+05  .7470E+06   .9934572  .0625727  .0955380
T  795  1 .6713314E+07   1488000E+01  .2646E+06 -.3397E+06   .9962365  .0692914 -.0520726
T  796  1 .6319162E+07   1488000E+01  .4520E+06 -.6165E+06   .9955433  .0587304 -.0737851
T  797  1 .6177090E+07   1488000E+01 -.1202E+07 -.4374E+06   .9895804 -.1434946 -.0118335
T  798  1 .5919126E+07   1488000E+01 -.4609E+06 -.9730E+05   .9930348 -.1135803  .0313270
T  799  1 .6426521E+07   1488000E+01  .1188E+06 -.1146E+06   .9995166  .0038516 -.0308516
T  800  1 .6263060E+07   1488000E+01  .4975E+05  .1164E+07   .9841593  .0053999  .1772043
T  801  1 .5865588E+07   1488000E+01  .3990E+06  .1000E+05   .9982989  .0582558 -.0023565
T  802  1 .5964027E+07   1488000E+01  .2204E+06  .1090E+07   .8448038 -.0565931  .5320750
T  803  1 .7102132E+07   1488000E+01 -.4602E+06  .5250E+05   .9990553 -.0434534 -.0005064
T  804  1 .6313637E+07   1488000E+01 -.7939E+06  .2023E+06   .9930018 -.1179759 -.0054039
T  805  1 .6262844E+07   1488000E+01  .1128E+06  .5070E+06   .9987437  .0256585  .0430437
T  806  1 .6250439E+07   1488000E+01  .1901E+06 -.1242E+06   .9998114 -.0098972  .0167098
T  807  1 .6835397E+07   1488000E+01 -.4060E+05  .4069E+06   .9999923  .0035306  .0017019
T  808  1 .6467582E+07   1488000E+01  .3821E+06 -.3899E+06   .9963576  .0724955 -.0448983
T  809  1 .6358213E+07   1488000E+01  .4182E+06 -.1357E+06   .9981013  .0495891  .0365328
T  810  1 .6139879E+07   1488000E+01  .4477E+06  .7674E+05   .9991796  .0262632 -.0308270
T  811  1 .6459848E+07   1488000E+01  .2313E+06  .2752E+06   .9956680  .0929789 -.0002697
T  812  1 .6476078E+07   1488000E+01 -.3293E+06 -.1441E+06   .9995708 -.0189150 -.0223690
T  813  1 .5705287E+07   1488000E+01 -.3333E+06  .2705E+06   .9979554 -.0590772  .0243915
T  814  1 .6321416E+07   1488000E+01 -.2735E+06  .1966E+06   .9927362 -.1200172 -.0084076
T  815  1 .6603415E+07   1488000E+01 -.1513E+06 -.3627E+06   .9964767 -.0816111 -.0193362
T  816  1 .6883325E+07   1488000E+01 -.3761E+06 -.3034E+05   .9993366 -.0337583  .0136620
T  817  1 .6691163E+07   1488000E+01 -.5557E+06  .5342E+06   .9922558 -.0958361  .0790179
T  818  1 .6764502E+07   1488000E+01  .1508E+06  .2581E+06   .9992253  .0190089  .0344585
T  819  1 .6178722E+07   1488000E+01  .3997E+06  .4746E+05   .9836851  .1094337  .1427858
T  820  1 .6287847E+07   1488000E+01 -.3906E+06  .2184E+06   .9992332 -.0260816  .0292023
T  821  1 .6127743E+07   1488000E+01  .2787E+06  .6018E+06   .9973454  .0208563  .0697649
T  822  1 .6283392E+07   1488000E+01  .8291E+06  .3677E+06   .9974902  .0625718  .0331375
T  823  1 .6335744E+07   1488000E+01  .1222E+06  .5288E+05   .9975573  .0548916 -.0432006
T  824  1 .6210411E+07   1488000E+01 -.1408E+06 -.3395E+06   .9984860 -.0245237  .0492374
T  825  1 .6112405E+07   1488000E+01  .5808E+06  .2290E+06   .9987041  .0445141 -.0246705
T  826  1 .6774160E+07   1488000E+01 -.4374E+06  .4035E+04   .9991748 -.0404255 -.0039294
T  827  1 .6619876E+07   1488000E+01  .1888E+04 -.1683E+06   .9968341 -.0575525 -.0548588
T  828  1 .5986997E+07   1488000E+01 -.2428E+05 -.2108E+06   .9986902 -.0313789 -.0404144
T  829  1 .5904427E+07   1488000E+01  .1123E+05  .4500E+05   .9993975  .0292745  .0186460
T  830  1 .6710330E+07   1488000E+01  .3887E+06 -.6301E+06   .9984091  .0380289 -.0416293
T  831  1 .6428003E+07   1488000E+01  .1436E+06 -.4472E+06   .9999747 -.0014836  .0069630
T  832  1 .6109020E+07   1488000E+01  .2818E+06 -.1146E+06   .9807135  .1869349  .0570646
T  833  1 .6694676E+07   1488000E+01 -.2507E+06  .4703E+06   .9998722 -.0011346  .0159439
T  834  1 .6566879E+07   1488000E+01  .5717E+05  .4265E+06   .9974087  .0288857  .0658895
T  835  1 .6102199E+07   1488000E+01 -.4916E+06  .3278E+05   .9956215 -.0924831  .0135881
T  836  1 .6563143E+07   1488000E+01 -.2643E+05 -.4032E+06   .9995165 -.0269579 -.0154933
T  837  1 .6533432E+07   1488000E+01 -.2725E+05  .5418E+05   .9992764  .0089370  .0369702
T  838  1 .6356636E+07   1488000E+01 -.3087E+06 -.4247E+06   .9953152 -.0607516 -.0752126
T  839  1 .6075437E+07   1488000E+01  .3198E+06  .4978E+05   .9997188  .0236252  .0020668
T  840  1 .6384646E+07   1488000E+01 -.1902E+06  .9381E+05   .9996224 -.0262340  .0081786
T  841  1 .7140491E+07   1488000E+01 -.3794E+06 -.1209E+06   .9981833 -.0599846  .0056532
T  842  1 .6305196E+07   1488000E+01 -.7394E+06 -.4949E+06   .9981808 -.0220346 -.0561208
T  843  1 .6534618E+07   1488000E+01 -.1846E+06  .1926E+04   .9989517 -.0430300 -.0156166
T  844  1 .6643394E+07   1488000E+01 -.2221E+05  .2468E+06   .9963364  .0175539  .0837002
T  845  1 .5852558E+07   1488000E+01 -.7855E+06 -.8780E+05   .9976864 -.0650820 -.0196512
T  846  1 .6308782E+07   1488000E+01 -.1535E+06  .1221E+06   .9990979  .0048278  .0421914
T  847  1 .6991718E+07   1488000E+01  .1110E+07  .9991E+06   .9933861  .0939118  .0660657
T  848  1 .6384226E+07   1488000E+01  .6015E+06 -.9036E+05   .9998780  .0020082  .0154935
T  849  1 .6267744E+07   1488000E+01  .3645E+06 -.1487E+06   .9999081 -.0134200  .0019111
T  850  1 .5989612E+07   1488000E+01 -.3051E+06  .2279E+06   .9946497 -.1004101 -.0242853
T  851  1 .5894496E+07   1488000E+01  .7007E+05 -.5265E+06   .9933038 -.0004848 -.1155306
T  852  1 .6322936E+07   1488000E+01 -.7960E+05  .2336E+06   .9989548  .0152350  .0430962
T  853  1 .6368974E+07   1488000E+01  .1814E+06  .2883E+06   .9987728 -.0321366  .0376844
T  854  1 .6674716E+07   1488000E+01  .9286E+05  .4324E+06   .9963375  .0420976  .0744267
T  855  1 .6657698E+07   1488000E+01 -.1508E+06 -.3472E+06   .9987759 -.0462184 -.0176203
T  856  1 .6417384E+07   1488000E+01 -.1125E+06  .2318E+06   .9980897  .0491983  .0373690
T  857  1 .6570781E+07   1488000E+01  .2550E+05  .4086E+06   .9989686  .0174548  .0419168
T  858  1 .6298026E+07   1488000E+01 -.2664E+06 -.1520E+06   .9996438 -.0239016 -.0118716
T  859  1 .6772038E+07   1488000E+01 -.1383E+06 -.1746E+06   .9978344 -.0174489 -.0634191
T  860  1 .6589420E+07   1488000E+01  .4600E+06 -.2237E+06   .9973785  .0697949 -.0190975
T  861  1 .6437634E+07   1488000E+01 -.5663E+06  .8535E+06   .9940252  .0089030  .1087868
T  862  1 .6650271E+07   1488000E+01  .5648E+05 -.3690E+06   .9984413 -.0070810  .0553608
T  863  1 .6358177E+07   1488000E+01  .2219E+06  .1395E+06   .9989546  .0442461  .0114883
T  864  1 .6469994E+07   1488000E+01  .2460E+05 -.6266E+05   .9992320  .0385886 -.0068133
T  865  1 .6482684E+07   1488000E+01  .3314E+06 -.1456E+06   .9984899  .0480278 -.0266686
T  866  1 .6265378E+07   1488000E+01  .3053E+06 -.4700E+04   .9992821  .0363328 -.0107294
T  867  1 .6727464E+07   1488000E+01  .2902E+06 -.4145E+06   .9893225  .0994577 -.1065329
T  868  1 .6423391E+07   1488000E+01 -.8917E+05 -.1255E+06   .9975569 -.0471386 -.0515575
T  869  1 .6356927E+07   1488000E+01  .2503E+06 -.4080E+05   .9997246  .0204277  .0115517
T  870  1 .6580498E+07   1488000E+01  .1928E+06 -.1096E+06   .9999272  .0011630 -.0120115
T  871  1 .6200696E+07   1488000E+01  .3805E+05  .1670E+06   .9977867  .0146806  .0648553
T  872  1 .6692876E+07   1488000E+01 -.5747E+06  .9926E+05   .9954405 -.0818362  .0489997
T  873  1 .6179747E+07   1488000E+01  .2966E+05 -.1319E+06   .9990069 -.0416979 -.0157011
T  874  1 .5897967E+07   1488000E+01  .2860E+06  .6003E+05   .9983830  .0568457 -.0001405
T  875  1 .6667035E+07   1488000E+01  .5073E+06  .3814E+05   .9977823  .0496715 -.0443089
T  876  1 .6828363E+07   1488000E+01  .2173E+06  .6094E+05   .9997076  .0225008 -.0088538
T  877  1 .6454175E+07   1488000E+01 -.1040E+06  .3393E+05   .9997173 -.0232298 -.0050637
T  878  1 .6003640E+07   1488000E+01  .9495E+04 -.2587E+06   .9955331  .0139178 -.0933816
T  879  1 .6622206E+07   1488000E+01  .5021E+04  .6078E+06   .9936187 -.0020463  .1127728
T  880  1 .6222540E+07   1488000E+01 -.5416E+06  .3119E+05   .9964842 -.0508080  .0666163
T  881  1 .6324259E+07   1488000E+01 -.1907E+06 -.6954E+05   .9983563  .0169510 -.0547479
T  882  1 .6841657E+07   1488000E+01  .9817E+05 -.3528E+06   .9961831  .0577629 -.0654426
T  883  1 .6700368E+07   1488000E+01 -.5033E+05 -.2859E+06   .9990324 -.0159524  .0409845
T  884  1 .6797958E+07   1488000E+01 -.2379E+06 -.2083E+06   .9979011 -.0581931 -.0284069
T  885  1 .6307790E+07   1488000E+01  .2329E+06 -.1839E+06   .9997946 -.0202269 -.0012512
T  886  1 .6099241E+07   1488000E+01  .8778E+05  .1925E+06   .9998081  .0006230  .0195783
T  887  1 .5914853E+07   1488000E+01 -.4237E+06 -.2420E+06   .9933779 -.1120532 -.0253871
T  888  1 .6455833E+07   1488000E+01  .6691E+06  .3114E+06   .9977512  .0665477  .0079956
T  889  1 .6411356E+07   1488000E+01  .5070E+06  .6528E+05   .9938896  .1100568 -.0084215
T  890  1 .6829910E+07   1488000E+01  .1010E+06  .5271E+05   .9999534  .0096528  .0000143
T  891  1 .6951168E+07   1488000E+01  .1882E+06 -.1180E+06   .9992248 -.0172502  .0353865
T  892  1 .6730505E+07   1488000E+01 -.2172E+06  .5929E+04   .9989454 -.0347840 -.0299698
T  893  1 .6289316E+07   1488000E+01  .3452E+05  .4068E+05   .9997417 -.0153280 -.0167776
T  894  1 .6658177E+07   1488000E+01  .5932E+06  .9302E+05   .9974132  .0684933  .0218066
T  895  1 .6350033E+07   1488000E+01 -.2062E+06 -.2371E+06   .9867572 -.1270895 -.1007893
T  896  1 .6520717E+07   1488000E+01 -.4383E+05 -.1228E+06   .9957112 -.0274847 -.0883388
T  897  1 .6461560E+07   1488000E+01 -.2928E+06  .8566E+05   .9946315 -.0390656  .0958232
T  898  1 .6343026E+07   1488000E+01  .4539E+06 -.1473E+06   .9968545  .0612343 -.0503139
T  899  1 .6468125E+07   1488000E+01  .7367E+06  .3440E+06   .9961457  .0620981  .0619488
T  900  1 .5932299E+07   1488000E+01 -.1343E+06  .5556E+06   .9890807 -.1406815  .0439094
T  901  1 .6273163E+07   1488000E+01  .2976E+06 -.3427E+06   .9967503  .0338584 -.0730925
T  902  1 .6437372E+07   1488000E+01 -.2359E+06 -.4287E+06   .9993279 -.0117957 -.0347078
T  903  1 .6333218E+07   1488000E+01 -.1701E+06  .4602E+06   .9930650 -.0855964  .0805932
T  904  1 .6653060E+07   1488000E+01  .2172E+06 -.2347E+06   .9991945  .0183906 -.0356659
T  905  1 .5599281E+07   1488000E+01 -.5921E+05 -.9251E+05   .9998826 -.0131916 -.0077905
T  906  1 .6024418E+07   1488000E+01  .1413E+06 -.1596E+06   .9970103  .0743472 -.0210470
T  907  1 .6680972E+07   1488000E+01  .1540E+06  .1124E+06   .9984835 -.0550509  .0002473
T  908  1 .6212958E+07   1488000E+01  .3717E+06  .5021E+06   .9923825  .0812051  .0926429
T  909  1 .6434047E+07   1488000E+01  .1982E+06  .4524E+06   .9975452  .0518128  .0471066
T  910  1 .6530835E+07   1488000E+01 -.3768E+06 -.3677E+06   .9987203  .0315846 -.0394995
T  911  1 .6062954E+07   1488000E+01 -.3192E+06  .1484E+06   .9987285  .0470510  .0180989
T  912  1 .6493142E+07   1488000E+01  .3027E+06 -.6887E+04   .9968716  .0595588  .0519591
T  913  1 .6681594E+07   1488000E+01  .2159E+06  .2823E+06   .9984844  .0547592  .0054998
T  914  1 .6288546E+07   1488000E+01  .4533E+06 -.6446E+05   .9983039  .0521360  .0259083
T  915  1 .6017655E+07   1488000E+01  .3630E+06  .5967E+05   .9966745  .0814093 -.0035436
T  916  1 .6258176E+07   1488000E+01 -.1385E+05 -.2614E+05   .9931838  .1138513 -.0249783
T  917  1 .6090715E+07   1488000E+01  .3322E+06 -.3123E+06   .9984504  .0175108 -.0528227
T  918  1 .6029157E+07   1488000E+01  .3454E+06  .9484E+06   .9932339  .0344084  .1109169
T  919  1 .6899238E+07   1488000E+01 -.4928E+05 -.6623E+05   .9990810  .0389727  .0178425
T  920  1 .6129085E+07   1488000E+01 -.9278E+05 -.9236E+06   .9944961 -.0165845 -.1034532
T  921  1 .6495290E+07   1488000E+01 -.1840E+06 -.1013E+06   .9994418 -.0250312 -.0221262
T  922  1 .6230391E+07   1488000E+01  .3343E+06 -.1961E+06   .9977481  .0367033 -.0561398
T  923  1 .7071462E+07   1488000E+01 -.4196E+06  .4064E+05   .9977097 -.0658824  .0153223
T  924  1 .6653967E+07   1488000E+01 -.1199E+06 -.2670E+06   .9989181 -.0440589 -.0148800
T  925  1 .6494977E+07   1488000E+01 -.1081E+06 -.3487E+06   .9994463 -.0134033 -.0304528
T  926  1 .6689963E+07   1488000E+01  .2758E+06 -.2701E+06   .9961076  .0774461 -.0420917
T  927  1 .6041230E+07   1488000E+01 -.6402E+06 -.1480E+06   .9928230 -.1088895 -.0494526
T  928  1 .6441362E+07   1488000E+01 -.2193E+06 -.1306E+06   .9977229 -.0539962 -.0404156
T  929  1 .5910606E+07   1488000E+01  .9803E+05  .8867E+04   .9984775  .0549584  .0047145
T  930  1 .6111353E+07   1488000E+01  .9521E+05  .3571E+05   .9994908 -.0108525  .0300054
T  931  1 .6342824E+07   1488000E+01 -.4466E+06  .2317E+06   .9989555 -.0103471  .0445062
T  932  1 .6138273E+07   1488000E+01 -.1250E+06  .6381E+06   .9965148 -.0432996  .0712984
T  933  1 .6497230E+07   1488000E+01  .1773E+06  .1636E+06   .9996636  .0010263  .0259172
T  934  1 .6204926E+07   1488000E+01  .1042E+05  .4587E+06   .9978503  .0133720  .0641553
T  935  1 .5945428E+07   1488000E+01 -.6893E+06 -.9384E+05   .9978247 -.0658826  .0023285
T  936  1 .6080293E+07   1488000E+01  .1426E+06 -.5251E+06   .9928496  .0550365 -.1059278
T  937  1 .6528436E+07   1488000E+01 -.8909E+05 -.3385E+06   .9996131  .0033300 -.0276154
T  938  1 .6285061E+07   1488000E+01  .1177E+05 -.8000E+05   .9998238 -.0090017 -.0164720
T  939  1 .7158486E+07   1488000E+01 -.2518E+06 -.4238E+06   .9997825 -.0182626 -.0100734
T  940  1 .6083797E+07   1488000E+01 -.4277E+06  .2772E+06   .9958877 -.0381992  .0821489
T  941  1 .6446266E+07   1488000E+01 -.3515E+06 -.3002E+06   .9977328 -.0155074 -.0654886
T  942  1 .7086337E+07   1488000E+01 -.5180E+05  .2517E+05   .9998656  .0109848 -.0121732
T  943  1 .6553592E+07   1488000E+01 -.2237E+06  .2877E+05   .9999492 -.0099552 -.0015931
T  944  1 .6129490E+07   1488000E+01  .3045E+06 -.7547E+05   .9919088  .1251649 -.0212293
T  945  1 .5212917E+07   1488000E+01 -.1292E+07 -.1031E+07   .9762281 -.1784462 -.1230275
T  946  1 .6717778E+07   1488000E+01  .5412E+06 -.4491E+06   .9920309  .1043516 -.0706075
T  947  1 .6235308E+07   1488000E+01 -.1326E+06  .3087E+06   .9983639 -.0142856  .0553663
T  948  1 .6329189E+07   1488000E+01 -.5190E+05  .3018E+05   .9976474 -.0371966  .0575857
T  949  1 .6502539E+07   1488000E+01 -.5776E+06  .2959E+06   .9992991  .0299133 -.0225073
T  950  1 .6455711E+07   1488000E+01 -.1443E+06 -.1555E+06   .9982525 -.0131366 -.0576148
T  951  1 .6336711E+07   1488000E+01  .9648E+04  .8608E+06   .9957687 -.0101581  .0913317
T  952  1 .6109739E+07   1488000E+01  .1003E+06 -.5045E+06   .9980724  .0116807 -.0609509
T  953  1 .6806391E+07   1488000E+01  .6570E+06  .3802E+03   .9977496  .0610235 -.0277821
T  954  1 .6488282E+07   1488000E+01  .1546E+06 -.1604E+06   .9992192  .0381897  .0101214
T  955  1 .6446995E+07   1488000E+01  .3759E+06 -.1385E+05   .9989587  .0108329 -.0443195
T  956  1 .6712650E+07   1488000E+01  .1388E+06  .2887E+06   .9911162  .1088753  .0763868
T  957  1 .6434770E+07   1488000E+01 -.5198E+05 -.6983E+04   .9987595 -.0471015  .0161536
T  958  1 .6612218E+07   1488000E+01  .2330E+06  .1934E+06   .9991726  .0384778  .0131780
T  959  1 .6368399E+07   1488000E+01 -.3846E+06 -.5045E+05   .9952243 -.0915488  .0338720
T  960  1 .7010131E+07   1488000E+01  .2191E+06 -.3497E+06   .9918089  .0758046 -.1028043
T  961  1 .6163748E+07   1488000E+01  .3579E+06 -.8229E+06   .9989723  .0272382 -.0362280
T  962  1 .6555811E+07   1488000E+01 -.3851E+06 -.3835E+06   .9960919 -.0356857 -.0807924
T  963  1 .6964699E+07   1488000E+01  .1247E+06  .4165E+06   .9972937 -.0068613  .0732003
T  964  1 .6535605E+07   1488000E+01  .2434E+06 -.1624E+06   .9945861  .0176925 -.1023990
T  965  1 .6023016E+07   1488000E+01 -.3226E+05 -.1087E+06   .9998594 -.0117527  .0119576
T  966  1 .6167392E+07   1488000E+01  .2480E+06 -.2104E+06   .9972889 -.0030209 -.0735231
T  967  1 .6228160E+07   1488000E+01  .3440E+06  .1086E+07   .9939588  .0702332  .0843399
T  968  1 .6386825E+07   1488000E+01  .1737E+06 -.3134E+06   .9970151  .0330280 -.0697863
T  969  1 .6321684E+07   1488000E+01  .2399E+07 -.3196E+06   .9771745  .2072027 -.0468721
T  970  1 .6253581E+07   1488000E+01 -.5176E+05  .1220E+06   .9996888 -.0209454  .0135502
T  971  1 .6286594E+07   1488000E+01 -.1732E+06  .2650E+06   .9979990 -.0159626  .0611812
T  972  1 .6247668E+07   1488000E+01  .2719E+06  .3416E+06   .9999754  .0023021  .0066324
T  973  1 .6262122E+07   1488000E+01  .9738E+05 -.2777E+05   .9993325  .0044389 -.0362605
T  974  1 .6332815E+07   1488000E+01 -.6679E+06  .7203E+05   .9928101 -.1093921  .0485958
T  975  1 .6049908E+07   1488000E+01  .2104E+06  .5092E+06   .9979126  .0095338  .0638708
T  976  1 .6250196E+07   1488000E+01  .1469E+07  .8138E+06   .9913409  .1089430  .0733121
T  977  1 .6583308E+07   1488000E+01 -.8450E+05  .4498E+05   .9991371 -.0068143  .0409717
T  978  1 .6460774E+07   1488000E+01  .5395E+06  .2108E+06   .9980475  .0566446  .0263164
T  979  1 .6290230E+07   1488000E+01 -.1555E+06  .5552E+06   .9992029 -.0222055  .0331720
T  980  1 .6209596E+07   1488000E+01  .5634E+06  .3014E+06   .9965798  .0803861  .0191534
T  981  1 .6607329E+07   1488000E+01 -.3483E+05 -.1428E+06   .9993294 -.0301838  .0207308
T  982  1 .6673540E+07   1488000E+01 -.6149E+06 -.1125E+06   .9946987 -.1018941 -.0138593
T  983  1 .6401622E+07   1488000E+01  .4853E+05  .2369E+06   .9992643 -.0134846  .0359018
T  984  1 .6247245E+07   1488000E+01  .2995E+06  .1340E+06   .9979533  .0638984 -.0024752
T  985  1 .6351775E+07   1488000E+01 -.1728E+06 -.4016E+06   .9974907  .0146137 -.0692736
T  986  1 .6176504E+07   1488000E+01  .1964E+06 -.5713E+04   .9986959  .0350031 -.0371651
T  987  1 .6563286E+07   1488000E+01 -.3993E+06 -.1884E+06   .9969055 -.0714301 -.0328202
T  988  1 .5840484E+07   1488000E+01  .1876E+06  .2518E+06   .9976577  .0177325  .0660660
T  989  1 .6901889E+07   1488000E+01 -.1520E+06  .3207E+06   .9964631  .0196975  .0816897
T  990  1 .6413802E+07   1488000E+01  .3120E+05 -.2746E+06   .9997147  .0080801 -.0224787
T  991  1 .7039659E+07   1488000E+01 -.1426E+06  .1051E+06   .9999855 -.0010637  .0052831
T  992  1 .6482449E+07   1488000E+01  .3042E+06 -.6696E+06   .9927423  .0279985 -.1169561
T  993  1 .6190646E+07   1488000E+01  .4397E+06 -.1829E+06   .9904365  .1300376 -.0461061
T  994  1 .6268476E+07   1488000E+01 -.1514E+06 -.1078E+06   .9994801 -.0320405 -.0036003
T  995  1 .6227584E+07   1488000E+01 -.1628E+07 -.5979E+06   .9858165 -.1325954 -.1028795
T  996  1 .6088356E+07   1488000E+01 -.3814E+06 -.3767E+06   .9986275 -.0523695  .0006926
T  997  1 .6314514E+07   1488000E+01  .1042E+06 -.2806E+06   .9979840 -.0108712 -.0625277
T  998  1 .6606818E+07   1488000E+01  .1426E+06  .4452E+05   .9991722 -.0380724 -.0143336
T  999  1 .5805977E+07   1488000E+01  .2706E+06  .5799E+06   .9964866  .0447340  .0708052
T 1000  1 .6751878E+07   1488000E+01  .5501E+06 -.2166E+06   .9963043  .0516620 -.0686204
T 1001  1 .5548299E+07   1488000E+01 -.5971E+06 -.4192E+06   .9892361 -.1346305 -.0573278
T 1002  1 .6060344E+07   1488000E+01  .1562E+06 -.6260E+06   .9966379 -.0153925 -.0804734
T 1003  1 .6244095E+07   1488000E+01  .1432E+07  .5839E+06   .9929718  .0857273  .0815950
T 1004  1 .5774597E+07   1488000E+01  .2485E+06 -.1810E+06   .9998314  .0112294 -.0145256
T 1005  1 .6590824E+07   1488000E+01 -.4973E+06 -.6383E+06   .9825834 -.1289509 -.1337967
T 1006  1 .6332263E+07   1488000E+01  .2222E+06  .3293E+06   .9953419  .0961655  .0068380
T 1007  1 .6521558E+07   1488000E+01  .8778E+05 -.3434E+06   .9966544 -.0254799 -.0776585
T 1008  1 .6641486E+07   1488000E+01  .1490E+06  .1252E+06   .9969154  .0621107  .0479784
T 1009  1 .6835015E+07   1488000E+01  .1756E+05 -.5526E+05   .9980802 -.0286011 -.0549357
T 1010  1 .6263675E+07   1488000E+01  .1704E+06 -.3366E+05   .9994467  .0280643  .0178493
T 1011  1 .6282069E+07   1488000E+01  .1190E+07 -.2247E+06   .9919138  .1254470 -.0192356
T 1012  1 .6770488E+07   1488000E+01  .3802E+06  .1863E+06   .9980565  .0430542  .0450513
T 1013  1 .6654072E+07   1488000E+01 -.3668E+05  .3669E+06   .9975264 -.0166445  .0682939
T 1014  1 .6366959E+07   1488000E+01 -.4285E+06 -.4138E+06   .9936711 -.1123118 -.0019735
T 1015  1 .5938647E+07   1488000E+01 -.3051E+06  .2214E+06   .9972760 -.0458712  .0577610
T 1016  1 .6149117E+07   1488000E+01  .1498E+05  .2671E+06   .9992518  .0000051  .0386756
T 1017  1 .6295892E+07   1488000E+01 -.1027E+06  .1791E+06   .9998990  .0112526  .0086775
T 1018  1 .6623404E+07   1488000E+01 -.2741E+06  .1717E+06   .9993093 -.0182477  .0323729
T 1019  1 .6475852E+07   1488000E+01 -.2075E+06 -.5263E+05   .9996994 -.0244371 -.0019957
T 1020  1 .6838838E+07   1488000E+01  .2674E+05 -.5078E+06   .9977899 -.0058588 -.0661895
T 1021  1 .7110876E+07   1488000E+01  .8673E+04 -.3686E+06   .9991384 -.0111193 -.0399860
T 1022  1 .6101793E+07   1488000E+01 -.3448E+06  .1895E+06   .9989420 -.0346940  .0301866
T 1023  1 .6427834E+07   1488000E+01 -.4668E+06  .3778E+06   .9980044 -.0602595  .0188670
T 1024  1 .6230766E+07   1488000E+01 -.1835E+06  .1011E+06   .9981899  .0103155  .0592492
T 1025  1 .6791377E+07   1488000E+01  .1081E+06 -.3517E+06   .9988351  .0181750 -.0446993
T 1026  1 .6263933E+07   1488000E+01 -.2174E+05  .2395E+05   .9993400 -.0029083 -.0362091
T 1027  1 .6379982E+07   1488000E+01 -.3701E+06  .3138E+06   .9996276 -.0249903 -.0109632
T 1028  1 .6719025E+07   1488000E+01 -.3553E+05 -.4200E+06   .9991045 -.0009642 -.0422999
T 1029  1 .6540500E+07   1488000E+01  .6122E+05  .2403E+04   .9973663  .0331936  .0644874
T 1030  1 .6320602E+07   1488000E+01  .2487E+06  .1084E+06   .9991296 -.0024270 -.0416441
T 1031  1 .6556532E+07   1488000E+01 -.3673E+06  .5799E+06   .9977827 -.0608649  .0269297
T 1032  1 .6425467E+07   1488000E+01 -.4973E+05 -.2250E+06   .9998683  .0129126 -.0098272
T 1033  1 .6300330E+07   1488000E+01  .3824E+06 -.4444E+06   .9880686  .0146306 -.1533179
T 1034  1 .6775633E+07   1488000E+01 -.2537E+06  .5556E+06   .9933408 -.0687082  .0924833
T 1035  1 .6267796E+07   1488000E+01  .3792E+05  .3318E+06   .9984899 -.0088594  .0542171
T 1036  1 .5896415E+07   1488000E+01 -.2347E+06 -.3042E+06   .9968475 -.0774629 -.0171603
T 1037  1 .6302937E+07   1488000E+01 -.3046E+06  .5750E+05   .9999592  .0089906  .0008861
T 1038  1 .5785569E+07   1488000E+01  .2784E+06 -.5632E+06   .9973802  .0046481 -.0721886
T 1039  1 .6227516E+07   1488000E+01  .1848E+06 -.1332E+06   .9945701  .0387465 -.0965865
T 1040  1 .6515339E+07   1488000E+01 -.1421E+06 -.2808E+06   .9948583  .0269878 -.0976148
T 1041  1 .6516264E+07   1488000E+01  .7737E+05  .3325E+05   .9979796 -.0635005  .0021038
T 1042  1 .6534019E+07   1488000E+01  .2036E+06  .1883E+05   .9975996  .0647633  .0245105
T 1043  1 .6505081E+07   1488000E+01 -.3158E+04 -.1151E+06   .9997598  .0218852 -.0011594
T 1044  1 .6452362E+07   1488000E+01  .2962E+06  .4281E+06   .9987361  .0203261  .0459680
T 1045  1 .6578927E+07   1488000E+01 -.9220E+06  .5390E+06   .9966209 -.0216517  .0792335
T 1046  1 .6267827E+07   1488000E+01  .4670E+06 -.1788E+06   .9999173 -.0003357 -.0128596
T 1047  1 .6499934E+07   1488000E+01 -.4189E+05  .5288E+06   .9950176 -.0299139  .0951055
T 1048  1 .6497527E+07   1488000E+01  .2865E+06 -.4077E+06   .9990999  .0415452  .0085635
T 1049  1 .5980991E+07   1488000E+01 -.8271E+06 -.2715E+06   .9911662 -.1050337 -.0809783
T 1050  1 .6257254E+07   1488000E+01  .1922E+06 -.4232E+06   .9969187 -.0757811 -.0202591
T 1051  1 .6223926E+07   1488000E+01  .2195E+06 -.1790E+06   .9997302  .0208554  .0102289
T 1052  1 .6172581E+07   1488000E+01 -.1216E+07 -.1297E+07   .9758901 -.1295402 -.1756642
T 1053  1 .6000228E+07   1488000E+01 -.3349E+06 -.1351E+05   .9992691 -.0357598 -.0135077
T 1054  1 .6472545E+07   1488000E+01 -.1811E+05 -.2248E+06   .9994418 -.0254795  .0216091
T 1055  1 .6585936E+07   1488000E+01 -.1257E+06  .9251E+06   .9940102 -.0208225  .1072856
T 1056  1 .5943798E+07   1488000E+01  .1387E+06 -.5231E+06   .9984918 -.0354543 -.0419169
T 1057  1 .6553459E+07   1488000E+01  .3078E+05  .3263E+06   .9977940  .0651426 -.0127868
T 1058  1 .6529755E+07   1488000E+01  .6143E+06 -.7725E+06   .9875582  .0279886 -.1547432
T 1059  1 .5981107E+07   1488000E+01  .5335E+05  .8240E+05   .9981644  .0592338 -.0126209
T 1060  1 .6417182E+07   1488000E+01  .3635E+06 -.3682E+06   .9976898  .0645755 -.0210965
T 1061  1 .6375952E+07   1488000E+01  .5868E+05  .2618E+06   .9992112  .0324519  .0228895
T 1062  1 .6431971E+07   1488000E+01 -.8929E+06  .2074E+06   .9989777 -.0451814 -.0015041
T 1063  1 .6611124E+07   1488000E+01 -.1871E+06  .2124E+06   .9975336 -.0107832  .0693567
T 1064  1 .6414348E+07   1488000E+01 -.1545E+06  .9037E+06   .9983232  .0394129  .0423961
T 1065  1 .6084098E+07   1488000E+01  .1370E+06 -.6849E+06   .9962341  .0316057 -.0807386
T 1066  1 .6640640E+07   1488000E+01  .5544E+06 -.2310E+06   .9902383  .1244166 -.0628385
T 1067  1 .7058437E+07   1488000E+01  .3274E+06  .7698E+05   .9983784  .0251021  .0510921
T 1068  1 .6825059E+07   1488000E+01 -.4683E+06 -.2843E+06   .9986762 -.0350744 -.0376249
T 1069  1 .6309003E+07   1488000E+01 -.3783E+06  .5338E+06   .9987309 -.0274278  .0422414
T 1070  1 .6136671E+07   1488000E+01 -.4291E+06  .5581E+06   .9959134 -.0669451  .0606201
T 1071  1 .6613875E+07   1488000E+01 -.5073E+06 -.3252E+06   .9982717 -.0577046 -.0111284
T 1072  1 .6798037E+07   1488000E+01 -.4917E+06 -.3695E+06   .9980690 -.0513159 -.0350000
T 1073  1 .6286071E+07   1488000E+01 -.8729E+05 -.4074E+06   .9926554 -.0657119 -.1015732
T 1074  1 .6430337E+07   1488000E+01  .1297E+04  .4575E+06   .9978257  .0175762  .0635218
T 1075  1 .6326002E+07   1488000E+01 -.4937E+06  .1550E+06   .9924336 -.0997502  .0715919
T 1076  1 .6718827E+07   1488000E+01  .5338E+06  .1653E+06   .9932530  .1109773  .0336542
T 1077  1 .6680008E+07   1488000E+01  .1135E+06  .3283E+06   .9964254  .0650448  .0539028
T 1078  1 .5823017E+07   1488000E+01 -.9019E+05  .2102E+06   .9994635 -.0257354  .0202583
T 1079  1 .6652097E+07   1488000E+01  .5481E+06 -.1549E+06   .9986741  .0318381 -.0404518
T 1080  1 .6521877E+07   1488000E+01 -.2297E+06  .9734E+05   .9984903  .0501772  .0223484
T 1081  1 .6690208E+07   1488000E+01 -.3584E+05 -.8193E+05   .9993234  .0303723  .0207435
T 1082  1 .6286266E+07   1488000E+01 -.6915E+06  .1534E+06   .9817280 -.1622542  .0994170
T 1083  1 .6525386E+07   1488000E+01 -.4953E+06  .9753E+05   .9990915 -.0381298  .0190321
T 1084  1 .6264719E+07   1488000E+01 -.2558E+06 -.3624E+06   .9994260  .0062802 -.0332912
T 1085  1 .6199161E+07   1488000E+01 -.1245E+06 -.2551E+06   .9989246 -.0024823 -.0462969
T 1086  1 .6217837E+07   1488000E+01  .4732E+06 -.5552E+05   .9898934  .1296152  .0575405
T 1087  1 .5736593E+07   1488000E+01  .5153E+06  .6498E+06   .9966295  .0719906  .0393325
T 1088  1 .6114896E+07   1488000E+01 -.2948E+06 -.5064E+06   .9978730  .0021112 -.0651534
T 1089  1 .6462142E+07   1488000E+01 -.2006E+06 -.1475E+06   .9995313 -.0254638  .0169962
T 1090  1 .6122693E+07   1488000E+01  .3564E+06  .8772E+05   .9989814  .0198740  .0405113
T 1091  1 .6374979E+07   1488000E+01 -.3275E+06 -.2573E+06   .9980035 -.0570297 -.0271399
T 1092  1 .6269420E+07   1488000E+01 -.1084E+06  .4127E+04   .9969537 -.0619957  .0473268
T 1093  1 .6561045E+07   1488000E+01 -.5971E+06 -.1745E+06   .9993956 -.0337286 -.0084114
T 1094  1 .6605879E+07   1488000E+01 -.2699E+06 -.5415E+05   .9989262 -.0461605 -.0039664
T 1095  1 .6287699E+07   1488000E+01  .4562E+05  .1090E+06   .9999908  .0033887  .0026131
T 1096  1 .6568835E+07   1488000E+01  .5893E+06  .8619E+05   .9980654  .0257968  .0565677
T 1097  1 .6475643E+07   1488000E+01 -.3014E+06  .2055E+06   .9955599 -.0606972  .0719461
T 1098  1 .6408498E+07   1488000E+01 -.4385E+04 -.8876E+05   .9992640  .0382825 -.0024215
T 1099  1 .7184579E+07   1488000E+01  .2521E+05  .7810E+05   .9991365  .0239422  .0339565
T 1100  1 .6839852E+07   1488000E+01  .6531E+06 -.7513E+06   .9912556  .0976689 -.0887305
T 1101  1 .6518763E+07   1488000E+01  .3065E+06  .4153E+06   .9980457  .0222412  .0583968
T 1102  1 .6178799E+07   1488000E+01 -.1419E+05 -.2454E+06   .9995831 -.0266944 -.0110027
T 1103  1 .6385864E+07   1488000E+01 -.3103E+06 -.4415E+06   .9960961 -.0596320 -.0650887
T 1104  1 .6446239E+07   1488000E+01  .3646E+06 -.5040E+05   .9987829  .0485454  .0087249
T 1105  1 .6573329E+07   1488000E+01 -.2202E+06  .2280E+06   .9153791 -.3416101 -.2130344
T 1106  1 .6423331E+07   1488000E+01  .4415E+05 -.4958E+06   .9968957  .0114813 -.0778923
T 1107  1 .6412379E+07   1488000E+01 -.7824E+04 -.2113E+06   .9980820 -.0451074 -.0423983
T 1108  1 .6400742E+07   1488000E+01 -.1392E+06  .1289E+07   .9933875  .0083600  .1145051
T 1109  1 .6137239E+07   1488000E+01 -.3350E+06  .3380E+05   .9904472 -.1263754  .0551687
T 1110  1 .6854705E+07   1488000E+01  .1598E+05 -.7797E+04   .9998249 -.0108536 -.0152429
T 1111  1 .6139626E+07   1488000E+01 -.3340E+06  .1620E+06   .9963828 -.0845124  .0088841
T 1112  1 .5741393E+07   1488000E+01 -.8536E+06  .8145E+06   .9919128 -.1074312  .0675838
T 1113  1 .6353344E+07   1488000E+01  .7641E+06  .1729E+06   .9620702  .2099444  .1741962
T 1114  1 .7172428E+07   1488000E+01  .1518E+06  .1667E+06   .9988398  .0480048 -.0038325
T 1115  1 .6245844E+07   1488000E+01  .1287E+07  .2973E+05   .9803052  .1974235  .0050694
T 1116  1 .6134347E+07   1488000E+01  .1493E+05  .5379E+06   .9959019  .0324390  .0844224
T 1117  1 .6789433E+07   1488000E+01  .2678E+06  .3760E+06   .9902171  .0275805  .1367827
T 1118  1 .6158709E+07   1488000E+01  .1295E+07 -.5359E+04   .9257202  .2192999  .3081391
T 1119  1 .6413468E+07   1488000E+01  .1159E+06  .3814E+06   .9921410  .0230206  .1229893
T 1120  1 .6096627E+07   1488000E+01  .2485E+06  .3918E+06   .9982928  .0348811  .0468489
T 1121  1 .6381518E+07   1488000E+01 -.2507E+06 -.1732E+06   .9972305 -.0550857 -.0499682
T 1122  1 .7060035E+07   1488000E+01  .2047E+06  .4958E+06   .9991101  .0377688  .0187774
T 1123  1 .5805835E+07   1488000E+01 -.2931E+06 -.4720E+06   .9975334 -.0139367 -.0687953
T 1124  1 .5996432E+07   1488000E+01  .4699E+06 -.8575E+06   .9951571 -.0180349 -.0966283
T 1125  1 .7022191E+07   1488000E+01  .6052E+06  .3083E+06   .9990492  .0435913 -.0007192
T 1126  1 .6869818E+07   1488000E+01  .3342E+06  .1149E+06   .9978421  .0646833  .0112801
T 1127  1 .6750748E+07   1488000E+01  .8929E+05 -.3838E+06   .9991515  .0180157 -.0370378
T 1128  1 .6207621E+07   1488000E+01  .5739E+05 -.3811E+06   .9989423  .0316739 -.0333313
T 1129  1 .6437729E+07   1488000E+01 -.5862E+06  .3880E+06   .9971640 -.0398214  .0638610
T 1130  1 .6569661E+07   1488000E+01 -.5373E+06  .2318E+06   .9994902 -.0242276  .0207946
T 1131  1 .5868781E+07   1488000E+01 -.2198E+06  .1329E+06   .9972218 -.0195311  .0718830
T 1132  1 .6192562E+07   1488000E+01  .5491E+06  .1369E+06   .9983172  .0577495 -.0052661
T 1133  1 .6271958E+07   1488000E+01  .5892E+05 -.4671E+06   .9964469  .0593513 -.0597576
T 1134  1 .5979669E+07   1488000E+01 -.4470E+06  .1209E+04   .9976878 -.0658319  .0168904
T 1135  1 .5898126E+07   1488000E+01 -.5682E+05  .1585E+06   .9966549 -.0806849 -.0129955
T 1136  1 .6694677E+07   1488000E+01  .2857E+06  .4981E+06   .9969730  .0330093  .0703937
T 1137  1 .6600270E+07   1488000E+01  .6656E+05 -.5837E+06   .9863082 -.0161122 -.1641236
T 1138  1 .6484252E+07   1488000E+01 -.2212E+06  .9829E+06   .9827780 -.0982646  .1564975
T 1139  1 .6671965E+07   1488000E+01 -.2723E+06  .7903E+05   .9969978 -.0318982  .0705545
T 1140  1 .6691705E+07   1488000E+01  .5024E+05 -.9691E+05   .9997038 -.0020431 -.0242513
T 1141  1 .6802487E+07   1488000E+01 -.3637E+06  .1038E+06   .9943109 -.1037918  .0239400
T 1142  1 .6165768E+07   1488000E+01 -.6925E+06  .1242E+06   .9953695 -.0928743  .0247756
T 1143  1 .6250139E+07   1488000E+01  .7281E+06 -.3290E+06   .9953163  .0748098 -.0612290
T 1144  1 .6278167E+07   1488000E+01 -.3401E+05 -.7707E+05   .9998002 -.0126587 -.0154701
T 1145  1 .6732919E+07   1488000E+01  .2771E+06 -.1383E+06   .9941586  .0943534 -.0524042
T 1146  1 .6237890E+07   1488000E+01  .1093E+06  .1999E+06   .9996233  .0162015 -.0221512
T 1147  1 .6108192E+07   1488000E+01 -.9977E+06  .1026E+07   .9930047 -.0972917  .0669032
T 1148  1 .6307931E+07   1488000E+01 -.3492E+06 -.2645E+06   .9992587 -.0383474 -.0034028
T 1149  1 .6230617E+07   1488000E+01  .3882E+06 -.9409E+06   .9870160 -.0303279 -.1577327
T 1150  1 .6284212E+07   1488000E+01 -.8682E+06 -.5030E+05   .9984884 -.0507123 -.0211949
T 1151  1 .6540320E+07   1488000E+01 -.1226E+06 -.4385E+06   .9897608  .1324204 -.0532769
T 1152  1 .5976938E+07   1488000E+01  .1839E+06 -.1649E+06   .9976592  .0678935 -.0081569
T 1153  1 .6116983E+07   1488000E+01  .1006E+06 -.6991E+05   .9995324  .0103912 -.0287579
T 1154  1 .6415917E+07   1488000E+01 -.7129E+06  .1526E+06   .9794277 -.1202200  .1620756
T 1155  1 .6148035E+07   1488000E+01  .2973E+06 -.9506E+05   .9975378  .0700957 -.0022046
T 1156  1 .6529259E+07   1488000E+01 -.8563E+05  .4453E+06   .9961469 -.0179863  .0858359
T 1157  1 .6511772E+07   1488000E+01 -.4162E+06 -.7902E+05   .9982130 -.0246346  .0544420
T 1158  1 .6434719E+07   1488000E+01  .3362E+06  .3343E+06   .9983068  .0568505 -.0123104
T 1159  1 .6397232E+07   1488000E+01 -.7430E+06  .3669E+05   .9945100 -.1015336 -.0253121
T 1160  1 .6784660E+07   1488000E+01  .3154E+06  .9047E+06   .9969851  .0246926  .0735592
T 1161  1 .6181891E+07   1488000E+01  .3845E+06  .1052E+07   .9973396  .0179364  .0706541
T 1162  1 .6445141E+07   1488000E+01  .1248E+06 -.3793E+06   .9982754 -.0043596 -.0585423
T 1163  1 .6322034E+07   1488000E+01 -.9718E+05  .1262E+06   .9986251 -.0133700  .0506861
T 1164  1 .6882111E+07   1488000E+01  .2199E+06 -.2784E+06   .9982081  .0007319 -.0598333
T 1165  1 .5753657E+07   1488000E+01  .1812E+07 -.5449E+06   .9879658  .1527650 -.0242171
T 1166  1 .6748958E+07   1488000E+01 -.7711E+05  .1128E+06   .9991130  .0266279  .0326216
T 1167  1 .6609451E+07   1488000E+01  .1367E+06  .4259E+06   .9969921  .0774401 -.0031356
T 1168  1 .6484611E+07   1488000E+01 -.1187E+07  .3463E+06   .9776531 -.2097277 -.0144468
T 1169  1 .7049648E+07   1488000E+01  .5765E+05 -.1341E+06   .9988701 -.0138371 -.0454639
T 1170  1 .6797109E+07   1488000E+01 -.1268E+06 -.4365E+06   .9965584 -.0079675 -.0825098
T 1171  1 .6857260E+07   1488000E+01 -.1511E+06  .2459E+06   .9979508 -.0507132  .0390168
T 1172  1 .6399240E+07   1488000E+01 -.6127E+06 -.6689E+06   .9965596 -.0611164 -.0559802
T 1173  1 .5830927E+07   1488000E+01 -.3236E+06 -.3270E+06   .9969247 -.0687106 -.0376815
T 1174  1 .6982184E+07   1488000E+01  .5357E+06 -.2170E+06   .9959481  .0778159 -.0450784
T 1175  1 .6371193E+07   1488000E+01  .5310E+06  .2596E+05   .9981780  .0579413  .0168361
T 1176  1 .6098571E+07   1488000E+01  .6643E+06 -.2113E+06   .9778839  .2091483  .0003904
T 1177  1 .5889776E+07   1488000E+01  .3479E+06 -.8601E+06   .9955137  .0531544 -.0782761
T 1178  1 .6092267E+07   1488000E+01 -.4309E+06 -.2038E+06   .9988214 -.0298080 -.0383063
T 1179  1 .6292076E+07   1488000E+01  .2094E+06  .1118E+06   .9996775 -.0170192 -.0188481
T 1180  1 .6528965E+07   1488000E+01 -.7149E+05  .4468E+06   .9963025 -.0038614  .0858278
T 1181  1 .6210113E+07   1488000E+01 -.2341E+06  .7604E+06   .9883267 -.1095547  .1058679
T 1182  1 .6796888E+07   1488000E+01 -.3301E+06 -.4804E+06   .9941862 -.0915845 -.0566222
T 1183  1 .6519474E+07   1488000E+01 -.5565E+06  .8019E+05   .9913109 -.1270585  .0340420
T 1184  1 .6473990E+07   1488000E+01 -.1382E+06  .5539E+06   .9975016  .0039503 -.0705336
T 1185  1 .6532291E+07   1488000E+01  .1563E+06  .1222E+06   .9995764 -.0192696  .0218088
T 1186  1 .6263161E+07   1488000E+01 -.1181E+06 -.8789E+05   .9981433 -.0415832 -.0445054
T 1187  1 .6151109E+07   1488000E+01  .6752E+06  .2277E+06   .9959855  .0724306  .0525992
T 1188  1 .6193538E+07   1488000E+01  .2993E+06 -.3346E+06   .9945497  .0741466 -.0733020
T 1189  1 .6331057E+07   1488000E+01 -.6987E+05 -.1890E+06   .9987468 -.0202080 -.0457877
T 1190  1 .6692447E+07   1488000E+01 -.1651E+06 -.4457E+06   .9996594 -.0053876 -.0255368
T 1191  1 .5765068E+07   1488000E+01 -.1705E+06  .1280E+06   .9993656 -.0346356 -.0082926
T 1192  1 .6121187E+07   1488000E+01  .5180E+06  .8819E+05   .9977425  .0531010  .0411114
T 1193  1 .6542210E+07   1488000E+01 -.1153E+06  .3634E+06   .9974156 -.0052275  .0716577
T 1194  1 .6819095E+07   1488000E+01 -.5130E+06 -.1194E+06   .9985038 -.0350626  .0419627
T 1195  1 .6236780E+07   1488000E+01 -.1643E+05 -.2242E+05   .9995616 -.0194926 -.0222858
T 1196  1 .6222105E+07   1488000E+01  .5262E+06 -.1194E+07   .9847791  .1351873 -.1092454
T 1197  1 .6526438E+07   1488000E+01 -.1318E+06  .3600E+05   .9993089 -.0305726  .0211432
T 1198  1 .6559497E+07   1488000E+01 -.3543E+05 -.1390E+06   .9998779  .0152090 -.0035918
T 1199  1 .6733632E+07   1488000E+01  .1863E+06  .1089E+06   .9994418  .0331053 -.0044775
T 1200  1 .6304566E+07   1488000E+01  .6277E+06 -.3172E+06   .9975077  .0533225 -.0462075
T 1201  1 .6297774E+07   1488000E+01 -.1418E+06 -.1388E+05   .9996307  .0246048  .0115380
T 1202  1 .5951101E+07   1488000E+01 -.1809E+06 -.3026E+05   .9985735 -.0532597  .0037843
T 1203  1 .6152171E+07   1488000E+01  .2672E+06  .5774E+05   .9990202  .0420080  .0139241
T 1204  1 .6677727E+07   1488000E+01  .2795E+06 -.8489E+04   .9999643  .0027520 -.0079835
T 1205  1 .6042451E+07   1488000E+01  .2362E+06  .6593E+05   .9992347  .0249213  .0301483
T 1206  1 .6567136E+07   1488000E+01  .2401E+06  .2988E+06   .9896279  .0603330  .1303708
T 1207  1 .6516347E+07   1488000E+01  .4466E+05 -.2198E+06   .9971312  .0542340 -.0528013
T 1208  1 .6002742E+07   1488000E+01  .1092E+06  .1638E+06   .9994995 -.0210777 -.0235904
T 1209  1 .6464181E+07   1488000E+01 -.2055E+06 -.3345E+06   .9996060 -.0047748 -.0276590
T 1210  1 .6247620E+07   1488000E+01 -.3129E+06  .1985E+05   .9958573 -.0652754  .0633043
T 1211  1 .6176653E+07   1488000E+01 -.1208E+06  .5072E+06   .9969902 -.0135881  .0763280
T 1212  1 .6167221E+07   1488000E+01 -.9544E+05  .6600E+05   .9985085  .0287109  .0464370
T 1213  1 .6604622E+07   1488000E+01 -.1440E+06  .2902E+05   .9977068  .0351329  .0578518
T 1214  1 .6248098E+07   1488000E+01  .5878E+06 -.2728E+06   .9912213  .0593051 -.1181658
T 1215  1 .6436301E+07   1488000E+01 -.9548E+05 -.2063E+06   .9916031 -.0196073  .1278232
T 1216  1 .6354626E+07   1488000E+01  .3371E+06  .4642E+06   .9965482  .0493551  .0667507
T 1217  1 .6894298E+07   1488000E+01  .5643E+06 -.8346E+06   .9970690  .0466998 -.0606010
T 1218  1 .6443649E+07   1488000E+01 -.5584E+05 -.1490E+06   .9994026 -.0000105 -.0345601
T 1219  1 .6525599E+07   1488000E+01  .3190E+06  .7441E+06   .9959855  .0088710  .0890739
T 1220  1 .6476229E+07   1488000E+01  .1827E+06  .7686E+05   .9991826 -.0394151 -.0089820
T 1221  1 .6525727E+07   1488000E+01  .2604E+04  .6144E+06   .9992176 -.0080674  .0387187
T 1222  1 .6339277E+07   1488000E+01  .1158E+05 -.7576E+06   .9935478 -.0073140 -.1131776
T 1223  1 .6167334E+07   1488000E+01  .2348E+06 -.6782E+06   .9960365  .0090357 -.0884856
T 1224  1 .6480811E+07   1488000E+01 -.1053E+07 -.5156E+06   .9770474 -.2129681  .0047818
T 1225  1 .6093021E+07   1488000E+01  .7243E+06  .4433E+06   .9892793  .1202970  .0827959
T 1226  1 .6319146E+07   1488000E+01 -.5249E+05  .1478E+06   .9998037 -.0054382 -.0190527
T 1227  1 .6226184E+07   1488000E+01 -.1025E+07  .8030E+06   .9883793 -.1078245  .1071463
T 1228  1 .6239890E+07   1488000E+01  .3294E+05 -.3073E+06   .9983045  .0420670 -.0402296
T 1229  1 .6992083E+07   1488000E+01  .3572E+06  .4553E+06   .9945627  .0902690  .0519286
T 1230  1 .6514719E+07   1488000E+01 -.3373E+06  .2360E+06   .9995429  .0166244  .0252523
T 1231  1 .6240366E+07   1488000E+01  .1805E+06 -.3857E+06   .9946690  .0594363 -.0842664
T 1232  1 .6270293E+07   1488000E+01 -.1526E+06  .1951E+06   .9401176 -.2405484  .2414857
T 1233  1 .5738830E+07   1488000E+01  .4586E+06  .9810E+05   .9970412 -.0286974  .0713120
T 1234  1 .5825585E+07   1488000E+01 -.1380E+06 -.3623E+06   .9997651 -.0167134 -.0138008
T 1235  1 .6047348E+07   1488000E+01 -.4026E+06 -.1838E+06   .9998330 -.0029225 -.0180384
T 1236  1 .7085871E+07   1488000E+01  .8538E+05 -.2304E+06   .9959960  .0451263 -.0771721
T 1237  1 .6108263E+07   1488000E+01  .2734E+06  .3582E+05   .9998086  .0154187  .0120387
T 1238  1 .6776881E+07   1488000E+01  .7110E+05 -.2637E+06   .9992335  .0385272 -.0069303
T 1239  1 .6318656E+07   1488000E+01 -.6375E+05 -.1526E+06   .9892511  .1292133  .0684561
T 1240  1 .6522330E+07   1488000E+01  .1212E+06 -.6934E+06   .9972257  .0499932 -.0551512
T 1241  1 .6540464E+07   1488000E+01 -.3633E+06 -.8544E+05   .9992889 -.0266257 -.0266990
T 1242  1 .5966228E+07   1488000E+01  .3295E+06  .8987E+06   .9952273  .0606661  .0764350
T 1243  1 .5895209E+07   1488000E+01 -.3939E+06 -.1086E+06   .9967550 -.0346554 -.0726536
T 1244  1 .6831324E+07   1488000E+01  .3115E+06 -.5263E+05   .9990401  .0437616  .0019571
T 1245  1 .6110531E+07   1488000E+01 -.5593E+06  .3615E+06   .9991926 -.0393929  .0078932
T 1246  1 .6181985E+07   1488000E+01  .3683E+06  .6545E+06   .9994348  .0269020  .0201587
T 1247  1 .5904940E+07   1488000E+01  .4670E+06 -.8772E+06   .9991723  .0307761  .0265984
T 1248  1 .6383576E+07   1488000E+01 -.1102E+07 -.7859E+06   .9905369 -.1126108 -.0784570
T 1249  1 .5800262E+07   1488000E+01 -.1268E+07 -.1027E+07   .9838168 -.0919673 -.1537744
T 1250  1 .6251287E+07   1488000E+01  .1331E+06 -.3504E+06   .9986701 -.0407667 -.0315604
T 1251  1 .6177604E+07   1488000E+01 -.2852E+05  .2355E+06   .9994090 -.0335701  .0073997
T 1252  1 .6463405E+07   1488000E+01  .1257E+06 -.2957E+06   .9992295  .0373481 -.0120628
T 1253  1 .6630573E+07   1488000E+01  .1033E+05  .6519E+05   .9988408 -.0468999 -.0108384
T 1254  1 .6569233E+07   1488000E+01 -.7047E+06  .2188E+06   .9898895 -.1211039  .0738421
T 1255  1 .5701026E+07   1488000E+01  .4664E+05 -.6876E+06   .9745924 -.0623840 -.2151229
T 1256  1 .6236299E+07   1488000E+01  .1283E+06 -.3413E+06   .9992182  .0395344  .0000882
T 1257  1 .6066010E+07   1488000E+01  .1472E+06 -.7969E+06   .9885657  .0669551 -.1351106
T 1258  1 .7005087E+07   1488000E+01 -.6992E+06  .2755E+06   .9946407 -.1027536  .0114704
T 1259  1 .6501465E+07   1488000E+01 -.4500E+06  .4481E+06   .9974341 -.0539279  .0470849
T 1260  1 .6254545E+07   1488000E+01 -.1558E+06  .3324E+04   .9986881 -.0350120 -.0373652
T 1261  1 .6723747E+07   1488000E+01  .3066E+06 -.3512E+06   .9989784  .0155086 -.0424456
T 1262  1 .6508762E+07   1488000E+01 -.6940E+06  .2655E+06   .9959548 -.0891258 -.0114303
T 1263  1 .6544541E+07   1488000E+01 -.3602E+06  .1548E+06   .9830581 -.1550556  .0977468
T 1264  1 .6432553E+07   1488000E+01 -.3810E+06  .5969E+06   .9972910 -.0440622  .0589003
T 1265  1 .6645334E+07   1488000E+01  .1013E+07  .1602E+07   .9820632  .1266025  .1397274
T 1266  1 .6803953E+07   1488000E+01 -.2134E+06 -.8396E+05   .9956287  .0712748 -.0603609
T 1267  1 .6486879E+07   1488000E+01  .5042E+06 -.4959E+04   .9922901  .1141224  .0483363
T 1268  1 .6504596E+07   1488000E+01 -.9652E+05  .5763E+05   .9991584 -.0221580  .0345178
T 1269  1 .6705827E+07   1488000E+01 -.5246E+06 -.3029E+06   .9943350 -.1023118 -.0288144
T 1270  1 .6954691E+07   1488000E+01  .1302E+06 -.3471E+06   .9970257 -.0299542 -.0710110
T 1271  1 .6481793E+07   1488000E+01 -.2826E+06 -.1988E+06   .9996320  .0003092 -.0271258
T 1272  1 .6277645E+07   1488000E+01 -.3827E+04  .2370E+06   .9979558 -.0534333  .0350580
T 1273  1 .6171165E+07   1488000E+01 -.3865E+06  .3224E+05   .9955720 -.0916190 -.0210343
T 1274  1 .6608681E+07   1488000E+01 -.2386E+06 -.4883E+06   .9989972 -.0288925 -.0342014
T 1275  1 .6396796E+07   1488000E+01  .8032E+05  .4578E+06   .9989810 -.0334782  .0302695
T 1276  1 .6705480E+07   1488000E+01 -.2948E+06  .1487E+06   .9997887 -.0114148  .0170928
T 1277  1 .6013553E+07   1488000E+01  .1672E+06 -.4182E+06   .9915114  .1150344 -.0605981
T 1278  1 .6621787E+07   1488000E+01 -.1127E+06  .2337E+06   .9950310 -.0984681  .0147439
T 1279  1 .5505396E+07   1488000E+01 -.8257E+06 -.4131E+06   .9916640 -.1239979 -.0350300
T 1280  1 .6714859E+07   1488000E+01  .3255E+06 -.9982E+05   .9991960  .0334893 -.0220394
T 1281  1 .6592189E+07   1488000E+01  .7259E+06 -.5413E+06   .9955983  .0089750 -.0932927
T 1282  1 .6322567E+07   1488000E+01 -.5180E+06 -.3320E+06   .9983588 -.0509227 -.0262031
T 1283  1 .6119319E+07   1488000E+01  .1125E+06  .5473E+06   .9969055  .0525997  .0584176
T 1284  1 .5889511E+07   1488000E+01  .1490E+06  .2745E+06   .9966845  .0614339  .0533474
T 1285  1 .6866852E+07   1488000E+01  .5665E+06  .4511E+05   .9936425  .1070072 -.0349859
T 1286  1 .6771153E+07   1488000E+01 -.6572E+05  .9227E+05   .9990666  .0384926  .0196017
T 1287  1 .6197157E+07   1488000E+01  .2450E+05 -.5268E+06   .9951074  .0487789 -.0859181
T 1288  1 .5863653E+07   1488000E+01 -.1594E+06 -.1030E+05   .9986770 -.0500882 -.0116394
T 1289  1 .6199774E+07   1488000E+01 -.1734E+06 -.2075E+06   .9999101 -.0113407 -.0071559
T 1290  1 .6291972E+07   1488000E+01  .1873E+05  .2694E+06   .9922373 -.0110468  .1238669
T 1291  1 .6456707E+07   1488000E+01 -.1099E+06 -.5333E+06   .9967727  .0144992 -.0789558
T 1292  1 .6558176E+07   1488000E+01  .5617E+05 -.3567E+06   .9971023 -.0184078 -.0738110
T 1293  1 .6205147E+07   1488000E+01 -.9881E+05  .3823E+06   .9984276 -.0218234  .0516334
T 1294  1 .6665077E+07   1488000E+01  .6338E+05 -.1468E+06   .9976938  .0493786 -.0465699
T 1295  1 .6580766E+07   1488000E+01  .7296E+05 -.2843E+06   .9992790 -.0281696 -.0254535
T 1296  1 .6913971E+07   1488000E+01  .7810E+05 -.1363E+06   .9995069 -.0188376 -.0251214
T 1297  1 .6360244E+07   1488000E+01  .4932E+06  .2454E+05   .9994272  .0208586  .0266491
T 1298  1 .6180509E+07   1488000E+01 -.1766E+06 -.2974E+06   .9996683  .0079290 -.0245039
T 1299  1 .5936260E+07   1488000E+01  .2513E+06 -.1382E+06   .9994173  .0327300 -.0096884
T 1300  1 .6599060E+07   1488000E+01  .9424E+05  .4854E+06   .9989145 -.0069670  .0460585
T 1301  1 .6407032E+07   1488000E+01 -.1079E+06 -.2453E+06   .9984125 -.0359233  .0433826
T 1302  1 .5780356E+07   1488000E+01 -.4503E+06 -.2726E+05   .9965129 -.0813018  .0187648
T 1303  1 .6052617E+07   1488000E+01 -.3621E+06 -.4004E+06   .9981846 -.0405564 -.0445267
T 1304  1 .5719033E+07   1488000E+01  .3886E+06 -.8218E+06   .9940663  .0777931 -.0760292
T 1305  1 .5886496E+07   1488000E+01  .2023E+06  .5656E+05   .9999460 -.0103473 -.0010106
T 1306  1 .6508820E+07   1488000E+01 -.3642E+06 -.3768E+06   .9924210 -.1060241 -.0621245
T 1307  1 .6117714E+07   1488000E+01 -.4269E+06 -.3061E+06   .9938808 -.0862287 -.0690328
T 1308  1 .6985917E+07   1488000E+01  .3265E+06  .3421E+06   .9983350  .0550571  .0172019
T 1309  1 .6478953E+07   1488000E+01 -.6773E+06  .1718E+06   .9996579 -.0260064  .0027989
T 1310  1 .6158021E+07   1488000E+01  .2625E+06  .1075E+06   .9987930  .0283053  .0401408
T 1311  1 .7118556E+07   1488000E+01  .5561E+06 -.4454E+06   .9972048  .0732570  .0146992
T 1312  1 .6587354E+07   1488000E+01  .1053E+06  .2523E+06   .9926904  .1125751 -.0435041
T 1313  1 .6253486E+07   1488000E+01 -.4276E+06 -.5739E+06   .9970830 -.0597586 -.0474796
T 1314  1 .6238887E+07   1488000E+01 -.2813E+06  .4679E+06   .9982830 -.0411407  .0416951
T 1315  1 .6478984E+07   1488000E+01 -.8928E+06  .1460E+05   .9942632 -.1064940 -.0099826
T 1316  1 .6590668E+07   1488000E+01  .4770E+05 -.5027E+06   .9987332 -.0280900 -.0417491
T 1317  1 .6932275E+07   1488000E+01 -.9097E+05  .4512E+06   .9982122 -.0408732  .0436100
T 1318  1 .6460065E+07   1488000E+01 -.4438E+06 -.4704E+05   .9975135 -.0655330 -.0259268
T 1319  1 .6454804E+07   1488000E+01  .3334E+05  .4140E+06   .9929408 -.0305236  .1146161
T 1320  1 .6496623E+07   1488000E+01 -.1266E+06 -.1605E+06   .9991631  .0059894 -.0404622
T 1321  1 .6262524E+07   1488000E+01 -.1766E+06 -.8684E+05   .9972377  .0032595  .0742043
T 1322  1 .6384350E+07   1488000E+01  .3245E+05 -.1574E+06   .9995330  .0092898 -.0291118
T 1323  1 .6012900E+07   1488000E+01  .2065E+06 -.4040E+05   .9993354  .0097083  .0351357
T 1324  1 .6331776E+07   1488000E+01 -.8510E+05 -.5760E+06   .9844934 -.1284354 -.1194869
T 1325  1 .6050675E+07   1488000E+01 -.1115E+06  .2023E+05   .9992523 -.0346722 -.0171059
T 1326  1 .5751804E+07   1488000E+01  .1807E+06  .3479E+06   .9989233  .0450680 -.0110041
T 1327  1 .6137101E+07   1488000E+01 -.8606E+06 -.7807E+06   .9971848 -.0476664 -.0578829
T 1328  1 .5987158E+07   1488000E+01  .5221E+05 -.5049E+06   .9944704 -.0049442 -.1049005
T 1329  1 .6648533E+07   1488000E+01  .3898E+06 -.8958E+04   .9944829  .1044167  .0100425
T 1330  1 .6149746E+07   1488000E+01 -.7050E+06  .2326E+06   .9977976 -.0628423  .0212320
T 1331  1 .6673261E+07   1488000E+01  .8639E+05  .2702E+05   .9999156 -.0002592 -.0129877
T 1332  1 .6742226E+07   1488000E+01  .2114E+06 -.4705E+06   .9990145  .0255973 -.0362614
T 1333  1 .6276845E+07   1488000E+01  .2693E+06  .1918E+05   .9937191  .0915932  .0642886
T 1334  1 .6889690E+07   1488000E+01 -.2307E+06 -.5918E+06   .9936256 -.0388831 -.1058125
T 1335  1 .6580773E+07   1488000E+01 -.1148E+07  .2462E+06   .9965889 -.0824398 -.0037753
T 1336  1 .6694512E+07   1488000E+01 -.8130E+05  .4759E+06   .9966790  .0798108 -.0161591
T 1337  1 .6721339E+07   1488000E+01  .1011E+06  .2297E+06   .9986815  .0145952  .0492155
T 1338  1 .5843147E+07   1488000E+01 -.2332E+06 -.8388E+06   .9959819 -.0189740 -.0875222
T 1339  1 .6880654E+07   1488000E+01  .2144E+06 -.1865E+06   .9818248  .1865226  .0350614
T 1340  1 .6407764E+07   1488000E+01 -.3138E+06 -.4967E+06   .9969060  .0059638 -.0783765
T 1341  1 .6073761E+07   1488000E+01  .6515E+05 -.2213E+06   .9996690  .0234998 -.0104738
T 1342  1 .5959726E+07   1488000E+01 -.4034E+06 -.4066E+06   .9957219 -.0149180 -.0911881
T 1343  1 .6400133E+07   1488000E+01  .6953E+06  .9460E+05   .9964077  .0810075  .0246872
T 1344  1 .6271198E+07   1488000E+01  .7668E+05  .9985E+05   .9995198  .0269688  .0152575
T 1345  1 .6852481E+07   1488000E+01 -.5072E+06  .3899E+06   .9967533 -.0339387  .0730133
T 1346  1 .6451176E+07   1488000E+01 -.5232E+05 -.5331E+06   .9945483 -.0180917 -.1026956
T 1347  1 .6295202E+07   1488000E+01 -.9285E+06 -.2740E+05   .9924383 -.1213978 -.0181344
T 1348  1 .6948280E+07   1488000E+01  .3197E+06 -.6353E+06   .9962424  .0296832 -.0813630
T 1349  1 .6379694E+07   1488000E+01 -.5269E+06 -.9632E+05   .9961824 -.0858480 -.0158323
T 1350  1 .6412245E+07   1488000E+01  .4906E+05  .8711E+05   .9993713  .0351441 -.0046804
T 1351  1 .6045526E+07   1488000E+01 -.8062E+05  .3995E+06   .9913570 -.0905201  .0949605
T 1352  1 .6551543E+07   1488000E+01 -.2653E+06  .1748E+06   .9970613 -.0590067  .0488560
T 1353  1 .5630841E+07   1488000E+01 -.1325E+06  .2557E+06   .9720714 -.0133812  .2343037
T 1354  1 .6364247E+07   1488000E+01 -.7400E+05  .2184E+06   .9988246  .0269593  .0402826
T 1355  1 .6945327E+07   1488000E+01 -.6832E+05  .3986E+06   .9988764  .0139114  .0453033
T 1356  1 .6093471E+07   1488000E+01 -.3577E+05 -.9291E+05   .9987579 -.0295075 -.0401487
T 1357  1 .5648793E+07   1488000E+01 -.2048E+06  .3978E+05   .9998769 -.0096946 -.0123391
T 1358  1 .6891429E+07   1488000E+01 -.7522E+06  .1869E+06   .9980395 -.0405848  .0476451
T 1359  1 .5982711E+07   1488000E+01  .9234E+05  .2717E+06   .9995880  .0113905  .0263468
T 1360  1 .5684547E+07   1488000E+01  .4256E+06  .8383E+06   .9896510  .0512385  .1340352
T 1361  1 .6458314E+07   1488000E+01 -.3085E+06  .4096E+06   .9946499 -.0006048  .1033020
T 1362  1 .6568463E+07   1488000E+01  .9875E+05  .1128E+06   .9995109 -.0022285  .0311944
T 1363  1 .5888410E+07   1488000E+01  .1287E+06  .6618E+06   .9965634  .0360154  .0745936
T 1364  1 .6319553E+07   1488000E+01  .2287E+06 -.6084E+06   .9892365  .0927048 -.1132123
T 1365  1 .6134284E+07   1488000E+01  .1236E+06 -.2570E+05   .9993901  .0254199 -.0239444
T 1366  1 .6060450E+07   1488000E+01  .4724E+06  .1937E+06   .9922226  .1244571  .0021704
T 1367  1 .6348902E+07   1488000E+01  .8739E+04  .1091E+06   .9947088 -.0645271  .0799413
T 1368  1 .6214235E+07   1488000E+01 -.8083E+05 -.2559E+05   .9990473 -.0015219  .0436147
T 1369  1 .6541588E+07   1488000E+01 -.6640E+06  .5306E+06   .9852667 -.0909959  .1448074
T 1370  1 .6568192E+07   1488000E+01  .1586E+06 -.1521E+04   .9997307  .0121802  .0197527
T 1371  1 .6261225E+07   1488000E+01 -.1490E+06  .1669E+06   .9990287 -.0294240  .0328000
T 1372  1 .6802941E+07   1488000E+01 -.2143E+06 -.2022E+06   .9996177  .0069156 -.0267713
T 1373  1 .6192894E+07   1488000E+01  .1189E+06 -.4009E+06   .9989595  .0100943 -.0444749
T 1374  1 .6568837E+07   1488000E+01  .3741E+06  .4482E+06   .9985415  .0439178  .0314016
T 1375  1 .6085795E+07   1488000E+01  .4274E+06 -.1501E+06   .9956371  .0603380 -.0711771
T 1376  1 .6589298E+07   1488000E+01 -.2525E+04  .1334E+06   .9975693 -.0327889  .0614851
T 1377  1 .6500386E+07   1488000E+01 -.1282E+06  .2347E+04   .9988476 -.0323898 -.0354176
T 1378  1 .6283931E+07   1488000E+01  .5243E+06 -.5642E+06   .9968933  .0748240  .0245999
T 1379  1 .6715236E+07   1488000E+01 -.5790E+06 -.2593E+05   .9918263 -.1134945  .0583065
T 1380  1 .6309894E+07   1488000E+01 -.4197E+06 -.1086E+07   .9837506 -.0259101 -.1776608
T 1381  1 .6627262E+07   1488000E+01 -.1733E+06 -.3798E+06   .9991759 -.0098342 -.0393796
T 1382  1 .6922266E+07   1488000E+01 -.5184E+06  .8555E+05   .9964314 -.0843257 -.0036981
T 1383  1 .6592992E+07   1488000E+01  .2468E+06  .1727E+06   .9966613  .0771185  .0268132
T 1384  1 .6260347E+07   1488000E+01 -.2826E+06 -.4653E+06   .9981716 -.0362137 -.0483936
T 1385  1 .6356127E+07   1488000E+01 -.3718E+06 -.2268E+06   .9971447 -.0474690 -.0587289
T 1386  1 .6388738E+07   1488000E+01 -.1828E+06  .3177E+05   .9986172  .0375043 -.0368379
T 1387  1 .6678181E+07   1488000E+01  .6279E+05  .3392E+06   .9998099  .0003459  .0194959
T 1388  1 .6815787E+07   1488000E+01  .1630E+06 -.1539E+06   .9992059  .0022461 -.0397805
T 1389  1 .6381708E+07   1488000E+01 -.6614E+05 -.3893E+06   .9992012 -.0233742 -.0324130
T 1390  1 .6639639E+07   1488000E+01  .6252E+05 -.6857E+05   .9987255  .0334434 -.0378002
T 1391  1 .5726506E+07   1488000E+01 -.7285E+06 -.5569E+06   .9897246 -.1322161 -.0544433
T 1392  1 .6496623E+07   1488000E+01 -.4317E+06  .2116E+06   .9955940 -.0831530  .0433382
T 1393  1 .6687446E+07   1488000E+01 -.4586E+06 -.4316E+06   .9987202 -.0193779 -.0467173
T 1394  1 .6467202E+07   1488000E+01 -.9638E+05  .8512E+05   .9997382  .0010340 -.0228581
T 1395  1 .6096568E+07   1488000E+01  .3069E+06 -.6468E+06   .9974124  .0257229 -.0671332
T 1396  1 .6118601E+07   1488000E+01  .8443E+06  .2207E+06   .9948912  .0983171  .0229178
T 1397  1 .6061183E+07   1488000E+01 -.1379E+06  .4047E+04   .9997303 -.0232226 -.0001454
T 1398  1 .6472225E+07   1488000E+01 -.1788E+06 -.1383E+06   .9969672 -.0777909  .0022271
T 1399  1 .6087311E+07   1488000E+01  .7388E+06 -.5105E+06   .9897055  .1012675 -.1011335
T 1400  1 .6796273E+07   1488000E+01 -.5405E+06  .4805E+06   .9963555 -.0801078  .0293007
T 1401  1 .5999214E+07   1488000E+01 -.1624E+06 -.2691E+06   .9999473  .0076591  .0068432
T 1402  1 .6251195E+07   1488000E+01 -.2926E+06  .8875E+05   .9991432 -.0237902 -.0338652
T 1403  1 .7034778E+07   1488000E+01  .3525E+06  .4144E+06   .9961326  .0152155  .0865353
T 1404  1 .6843638E+07   1488000E+01  .1289E+06  .5743E+05   .9999138  .0064599  .0114287
T 1405  1 .6434947E+07   1488000E+01  .1410E+05  .1871E+06   .9994389  .0282872 -.0179352
T 1406  1 .6090924E+07   1488000E+01 -.3490E+06  .1068E+06   .9960905 -.0798439 -.0377966
T 1407  1 .6339819E+07   1488000E+01  .4107E+06 -.3479E+06   .9996978 -.0099935  .0224616
T 1408  1 .5952150E+07   1488000E+01  .6095E+06  .1291E+07   .9675389  .0863230  .2375222
T 1409  1 .6261324E+07   1488000E+01  .4481E+06  .2944E+06   .9944611  .1018388  .0259998
T 1410  1 .6307224E+07   1488000E+01 -.2332E+06 -.1071E+06   .9987666  .0354690 -.0347458
T 1411  1 .6417840E+07   1488000E+01  .3095E+06  .1035E+06   .9991277  .0413438 -.0058756
T 1412  1 .6350467E+07   1488000E+01 -.1632E+06  .1364E+06   .9957505  .0177127  .0903727
T 1413  1 .6853200E+07   1488000E+01 -.8333E+05  .4896E+06   .9976758 -.0266386  .0627165
T 1414  1 .6610734E+07   1488000E+01 -.3925E+05  .4660E+06   .9995239  .0047852  .0304795
T 1415  1 .6716332E+07   1488000E+01  .4585E+05  .2074E+06   .9999562  .0034862  .0086855
T 1416  1 .6430370E+07   1488000E+01 -.7438E+06  .7652E+05   .9952049 -.0924844 -.0318419
T 1417  1 .6958180E+07   1488000E+01  .1925E+06 -.7173E+05   .9993492 -.0097496 -.0347292
T 1418  1 .6411274E+07   1488000E+01 -.7477E+06  .1041E+07   .8833816 -.3418778  .3205565
T 1419  1 .6350178E+07   1488000E+01  .1081E+05  .1211E+06   .9994925 -.0314807 -.0048774
T 1420  1 .6251637E+07   1488000E+01 -.2268E+06  .1842E+06   .9872554 -.1578774 -.0200378
T 1421  1 .6378318E+07   1488000E+01  .6584E+06 -.4607E+06   .9939460  .0886082 -.0649606
T 1422  1 .6542361E+07   1488000E+01 -.1126E+06  .8386E+05   .9988726  .0240181  .0409482
T 1423  1 .6224954E+07   1488000E+01 -.2842E+06 -.3234E+06   .9955249 -.0939748 -.0099501
T 1424  1 .6598817E+07   1488000E+01  .2404E+05 -.5114E+05   .9996181  .0215096  .0173475
T 1425  1 .6748872E+07   1488000E+01 -.1704E+06  .3213E+06   .9986152  .0301265  .0431277
T 1426  1 .6206722E+07   1488000E+01 -.1813E+06  .1781E+06   .9994244 -.0280129  .0191324
T 1427  1 .6671622E+07   1488000E+01  .4542E+05  .2487E+06   .9993493 -.0009404  .0360577
T 1428  1 .7148899E+07   1488000E+01 -.1796E+05  .1725E+06   .9977814  .0198649  .0635425
T 1429  1 .6856746E+07   1488000E+01 -.6611E+05 -.8396E+05   .9982135  .0329106  .0498667
T 1430  1 .6840609E+07   1488000E+01 -.9199E+06  .2975E+06   .9894429 -.1427348  .0250903
T 1431  1 .6947565E+07   1488000E+01  .1357E+06 -.1007E+06   .9991221 -.0294037 -.0298400
T 1432  1 .6627319E+07   1488000E+01  .3241E+06 -.1741E+05   .9969248  .0660450  .0421778
T 1433  1 .6819988E+07   1488000E+01 -.2044E+06 -.4924E+06   .9963574 -.0737780 -.0427644
T 1434  1 .6153454E+07   1488000E+01 -.3467E+06 -.1535E+06   .9994872  .0152291 -.0281674
T 1435  1 .6476656E+07   1488000E+01  .5944E+05 -.1313E+05   .9996126 -.0236674  .0146477
T 1436  1 .6734780E+07   1488000E+01  .2423E+06 -.2034E+06   .9963865  .0743386  .0410820
T 1437  1 .6103520E+07   1488000E+01 -.3846E+06 -.4024E+06   .9993015 -.0274119 -.0254005
T 1438  1 .6214909E+07   1488000E+01  .4394E+05  .1557E+06   .9978114  .0482801  .0451832
T 1439  1 .6658460E+07   1488000E+01 -.2965E+05 -.2473E+05   .9986924 -.0259075 -.0440722
T 1440  1 .6327036E+07   1488000E+01  .2973E+06  .1059E+05   .9998757  .0123031  .0098648
T 1441  1 .6456349E+07   1488000E+01 -.5251E+06  .2802E+06   .9978554 -.0406539 -.0513026
T 1442  1 .6223564E+07   1488000E+01 -.3057E+06  .1109E+06   .9997215 -.0235970 -.0002267
T 1443  1 .6224064E+07   1488000E+01  .1265E+06  .1928E+06   .9986557  .0396799 -.0333519
T 1444  1 .6496685E+07   1488000E+01  .9645E+05 -.9114E+05   .9982935  .0580079  .0067220
T 1445  1 .6817288E+07   1488000E+01 -.2357E+06  .8096E+05   .9942285 -.0907669  .0571934
T 1446  1 .6589734E+07   1488000E+01 -.3835E+06 -.3510E+05   .9984105 -.0485689 -.0285921
T 1447  1 .5817142E+07   1488000E+01  .2010E+06 -.1081E+06   .9991866  .0099165 -.0390873
T 1448  1 .6160228E+07   1488000E+01 -.4262E+06 -.1885E+06   .9995200 -.0261997 -.0165336
T 1449  1 .6637424E+07   1488000E+01  .2167E+06  .9565E+06   .9888489  .0560107  .1379879
T 1450  1 .6296461E+07   1488000E+01 -.2083E+06  .1692E+06   .9993639 -.0311331  .0173953
T 1451  1 .6197685E+07   1488000E+01  .4059E+06  .7518E+06   .9987187  .0482037  .0154055
T 1452  1 .6404941E+07   1488000E+01 -.1656E+06  .1575E+06   .9995515 -.0299458 -.0001737
T 1453  1 .7134639E+07   1488000E+01  .4690E+06 -.1135E+06   .9985348  .0524015  .0135017
T 1454  1 .6536341E+07   1488000E+01 -.5457E+06  .2868E+06   .9989682  .0428149  .0151465
T 1455  1 .6388975E+07   1488000E+01  .8929E+06 -.6473E+06   .9902106  .1384033 -.0180943
T 1456  1 .6264802E+07   1488000E+01 -.1633E+06 -.1371E+06   .9874175 -.1270509 -.0941529
T 1457  1 .6321941E+07   1488000E+01  .1583E+05 -.5313E+06   .9963939 -.0642753 -.0553889
T 1458  1 .6463732E+07   1488000E+01  .7067E+05 -.6634E+06   .9992138  .0198207 -.0343354
T 1459  1 .7019229E+07   1488000E+01 -.4071E+05  .3206E+06   .9994474 -.0056106  .0327628
T 1460  1 .6064558E+07   1488000E+01 -.3217E+06  .2766E+06   .9967747 -.0801325  .0043505
T 1461  1 .6522533E+07   1488000E+01  .3537E+06  .3004E+06   .9983971  .0309879  .0473609
T 1462  1 .6517768E+07   1488000E+01 -.6614E+06 -.4704E+05   .9969082 -.0746209 -.0246117
T 1463  1 .6290034E+07   1488000E+01 -.8057E+05  .1866E+06   .9990734 -.0093265  .0420162
T 1464  1 .6699889E+07   1488000E+01  .3734E+06  .1015E+04   .9986445  .0396257  .0337491
T 1465  1 .6452437E+07   1488000E+01 -.1788E+06 -.4246E+06   .9963462 -.0239070 -.0819920
T 1466  1 .6156101E+07   1488000E+01  .2167E+06 -.1636E+06   .9963099  .0842054 -.0166119
T 1467  1 .6047720E+07   1488000E+01  .8686E+06 -.4414E+06   .9964588  .0823203 -.0171262
T 1468  1 .6324692E+07   1488000E+01  .1494E+06  .4316E+06   .9984713 -.0029643  .0551933
T 1469  1 .6890703E+07   1488000E+01  .2180E+06  .1071E+06   .9997236  .0235100  .0000294
T 1470  1 .6569828E+07   1488000E+01 -.4768E+06  .2941E+05   .9954729 -.0806987 -.0502145
T 1471  1 .5820385E+07   1488000E+01 -.2820E+06 -.1024E+06   .9991870 -.0182105 -.0359696
T 1472  1 .6575196E+07   1488000E+01  .3047E+06 -.9602E+06   .9902683  .0650214 -.1230482
T 1473  1 .6101566E+07   1488000E+01  .4175E+06  .1502E+06   .9990545  .0408522  .0148745
T 1474  1 .5949928E+07   1488000E+01 -.1496E+06  .8436E+05   .9995673 -.0270963 -.0114462
T 1475  1 .6474381E+07   1488000E+01 -.3467E+06  .3893E+06   .9932832 -.0607489  .0984790
T 1476  1 .6591991E+07   1488000E+01  .7121E+06  .2380E+06   .9975154  .0693318  .0124926
T 1477  1 .6295277E+07   1488000E+01 -.3102E+06  .1256E+06   .9998968  .0075387 -.0122310
T 1478  1 .6643088E+07   1488000E+01 -.1933E+06  .6682E+05   .9999156  .0129046  .0015198
T 1479  1 .6046565E+07   1488000E+01 -.6791E+06  .1447E+05   .9975754 -.0688165  .0103733
T 1480  1 .6731311E+07   1488000E+01  .9745E+05  .4890E+06   .9997349 -.0119249  .0196982
T 1481  1 .6744974E+07   1488000E+01  .6714E+06  .2924E+06   .9870694  .0402095  .1551683
T 1482  1 .5925334E+07   1488000E+01 -.3080E+06  .9875E+05   .9975606 -.0289981  .0634977
T 1483  1 .6380392E+07   1488000E+01 -.4492E+06  .6870E+06   .9969418 -.0564581  .0540324
T 1484  1 .6651508E+07   1488000E+01  .2849E+06 -.4284E+06   .9980320  .0041536 -.0625696
T 1485  1 .6338667E+07   1488000E+01 -.3922E+06 -.1292E+06   .9988484 -.0311228 -.0365137
T 1486  1 .6382986E+07   1488000E+01 -.2800E+06  .2910E+06   .9995975  .0243846  .0144990
T 1487  1 .6539607E+07   1488000E+01 -.2218E+06 -.1625E+06   .9995992  .0109702 -.0260966
T 1488  1 .6026618E+07   1488000E+01 -.1557E+06  .1998E+06   .9997367 -.0042228  .0225561
T 1489  1 .6558824E+07   1488000E+01 -.7269E+05  .1373E+06   .9996588 -.0261188  .0002245
T 1490  1 .6099102E+07   1488000E+01  .1075E+06 -.1750E+06   .9980578  .0278489 -.0557228
T 1491  1 .6226823E+07   1488000E+01 -.2722E+06  .2986E+06   .9955230 -.0705963  .0628502
T 1492  1 .6256873E+07   1488000E+01  .2975E+06  .2658E+06   .9989054  .0336718 -.0324673
T 1493  1 .6703270E+07   1488000E+01 -.3470E+06 -.2164E+06   .9991283 -.0186196 -.0373633
T 1494  1 .5879256E+07   1488000E+01 -.8499E+05  .8797E+05   .9992859 -.0364872 -.0098188
T 1495  1 .6732951E+07   1488000E+01  .4233E+06  .3407E+06   .9980766  .0380494  .0489413
T 1496  1 .6601580E+07   1488000E+01  .3627E+06 -.2033E+04   .9970188  .0722085  .0271940
T 1497  1 .6130820E+07   1488000E+01 -.2131E+06 -.4104E+06   .9975041 -.0705346 -.0032383
T 1498  1 .6542100E+07   1488000E+01  .2132E+06 -.3416E+06   .9995568 -.0007765 -.0297583
T 1499  1 .6239884E+07   1488000E+01 -.3411E+06 -.1859E+06   .9981046 -.0608003  .0095103
T 1500  1 .7059121E+07   1488000E+01 -.2704E+06  .3356E+06   .9975363 -.0553654  .0430815
T 1501  1 .7010222E+07   1488000E+01 -.1435E+06  .1853E+06   .9991910 -.0243552  .0320028
T 1502  1 .6275900E+07   1488000E+01  .8338E+05  .2703E+05   .9990058  .0144066  .0421883
T 1503  1 .6227879E+07   1488000E+01 -.5664E+06 -.4741E+06   .9945172 -.0989584 -.0338063
T 1504  1 .6402726E+07   1488000E+01  .1302E+06  .2944E+05   .9998237 -.0054577 -.0179650
T 1505  1 .6184106E+07   1488000E+01 -.3664E+06  .7090E+06   .9955728 -.0087382  .0935863
T 1506  1 .6329406E+07   1488000E+01 -.1370E+06 -.4120E+06   .9963881  .0614739 -.0585809
T 1507  1 .6609100E+07   1488000E+01 -.8225E+05 -.1262E+06   .9999823  .0058731  .0009393
T 1508  1 .6547361E+07   1488000E+01  .4993E+06  .1433E+06   .9962297  .0860572  .0109814
T 1509  1 .6409632E+07   1488000E+01 -.1863E+06  .2286E+06   .9964778 -.0488406  .0681654
T 1510  1 .6540848E+07   1488000E+01  .4516E+05  .4358E+05   .9998315 -.0002932 -.0183542
T 1511  1 .6313754E+07   1488000E+01 -.7707E+04  .3920E+06   .9947411 -.0213783  .1001655
T 1512  1 .6573160E+07   1488000E+01 -.5617E+06 -.2126E+06   .9980043 -.0575175 -.0260603
T 1513  1 .6014792E+07   1488000E+01 -.3107E+06  .1363E+06   .9964534 -.0827401  .0153177
T 1514  1 .6616951E+07   1488000E+01 -.1453E+05 -.2202E+06   .9993686  .0082357 -.0345612
T 1515  1 .6629202E+07   1488000E+01  .2169E+06  .5440E+06   .9971935  .0554627  .0502900
T 1516  1 .6525939E+07   1488000E+01 -.9324E+05  .2914E+05   .9918135  .1097540 -.0652689
T 1517  1 .6607017E+07   1488000E+01  .2737E+05 -.2832E+06   .9983566 -.0254619 -.0513395
T 1518  1 .6262644E+07   1488000E+01  .6609E+05 -.6577E+05   .9993225  .0356591  .0091054
T 1519  1 .6558140E+07   1488000E+01 -.5256E+06 -.6248E+06   .9896179 -.1119450 -.0901376
T 1520  1 .6325665E+07   1488000E+01  .2112E+06 -.3599E+06   .9991868  .0179459  .0361052
T 1521  1 .6239807E+07   1488000E+01 -.2332E+04 -.1208E+06   .9995865 -.0124053 -.0259427
T 1522  1 .6267030E+07   1488000E+01  .1641E+06 -.2133E+06   .9995567  .0234115  .0183941
T 1523  1 .6791150E+07   1488000E+01  .5623E+05  .5261E+06   .9942311 -.0125369  .1065238
T 1524  1 .6420705E+07   1488000E+01  .1212E+05 -.5564E+06   .9992421 -.0057851 -.0384946
T 1525  1 .6729186E+07   1488000E+01 -.3483E+06  .3381E+06   .9990440 -.0199592  .0388926
T 1526  1 .6219910E+07   1488000E+01 -.1067E+06  .3969E+06   .9994697 -.0315601  .0080115
T 1527  1 .6232003E+07   1488000E+01  .9517E+05 -.1050E+06   .9986569  .0060153  .0514599
T 1528  1 .6672879E+07   1488000E+01 -.4494E+06 -.7668E+06   .9942136 -.0755051 -.0764089
T 1529  1 .6452889E+07   1488000E+01  .6752E+05 -.1875E+06   .9997746  .0105078 -.0184464
T 1530  1 .6215098E+07   1488000E+01  .5989E+05  .1324E+05   .9984996 -.0452964 -.0307685
T 1531  1 .7193476E+07   1488000E+01 -.9107E+04  .3358E+06   .9995227 -.0080662  .0298202
T 1532  1 .5882648E+07   1488000E+01  .3463E+06  .4430E+06   .9985361  .0298152  .0451307
T 1533  1 .6697906E+07   1488000E+01 -.9057E+05 -.5687E+06   .9921546  .0338009 -.1203608
T 1534  1 .5911740E+07   1488000E+01  .8763E+05 -.2921E+06   .9996520 -.0132203 -.0228263
T 1535  1 .6924636E+07   1488000E+01  .2267E+05  .6126E+06   .9989949 -.0015850  .0447959
T 1536  1 .6298265E+07   1488000E+01  .3206E+06  .2271E+06   .9981451  .0436987  .0423875
T 1537  1 .6227613E+07   1488000E+01 -.1042E+07  .1686E+06   .9947107 -.1004654  .0213861
T 1538  1 .5796256E+07   1488000E+01 -.1283E+06  .4247E+06   .9962872 -.0252451  .0823073
T 1539  1 .6448912E+07   1488000E+01 -.2137E+06 -.4740E+06   .9960038  .0162437 -.0878214
T 1540  1 .6599278E+07   1488000E+01  .3923E+06  .6389E+06   .9891751  .0243913  .1446984
T 1541  1 .7065792E+07   1488000E+01 -.2708E+06 -.7069E+06   .9964606  .0088373 -.0835948
T 1542  1 .7005207E+07   1488000E+01  .3670E+06 -.2897E+06   .9997196  .0066699 -.0227210
T 1543  1 .6679549E+07   1488000E+01 -.3968E+05  .1908E+06   .9999479 -.0086130  .0054766
T 1544  1 .6821363E+07   1488000E+01 -.1008E+06  .2975E+05   .9999802 -.0058218  .0023897
T 1545  1 .6420813E+07   1488000E+01  .4354E+06 -.2845E+06   .9941627  .0685953 -.0832785
T 1546  1 .6505113E+07   1488000E+01  .9913E+06 -.1663E+06   .9869537  .1574991 -.0334143
T 1547  1 .6589734E+07   1488000E+01  .2504E+06 -.1879E+06   .9991128  .0130632 -.0400377
T 1548  1 .6177506E+07   1488000E+01 -.2805E+06 -.1323E+06   .9969695  .0363387 -.0687841
T 1549  1 .6677829E+07   1488000E+01 -.1432E+06 -.4690E+06   .9966261 -.0293187 -.0766599
T 1550  1 .5825771E+07   1488000E+01  .8056E+06 -.1227E+06   .9947483  .1021946  .0056627
T 1551  1 .6651228E+07   1488000E+01  .1747E+06 -.1487E+06   .9961107  .0880566  .0030979
T 1552  1 .6395437E+07   1488000E+01 -.7840E+06  .4174E+06   .9869569 -.1244642  .1021015
T 1553  1 .6463382E+07   1488000E+01 -.5789E+06 -.2925E+05   .9991326 -.0084761  .0407707
T 1554  1 .5421750E+07   1488000E+01 -.1511E+07  .1526E+07   .9063406 -.2339218  .3518912
T 1555  1 .6066181E+07   1488000E+01  .5646E+06  .2311E+06   .9895274  .1442211  .0059855
T 1556  1 .6462399E+07   1488000E+01 -.1386E+06  .3331E+06   .9950808 -.0849533  .0509617
T 1557  1 .6734298E+07   1488000E+01  .4200E+05 -.3070E+06   .9994625  .0181093  .0273259
T 1558  1 .6040628E+07   1488000E+01  .3132E+06  .1075E+06   .9935251  .1013148  .0514123
T 1559  1 .6369634E+07   1488000E+01 -.4125E+05  .3401E+06   .9984719  .0315950  .0453394
T 1560  1 .7250412E+07   1488000E+01  .3468E+06 -.2293E+04   .9990963  .0418294 -.0075463
T 1561  1 .6564798E+07   1488000E+01  .1972E+06  .2895E+06   .9881905  .1445767  .0507649
T 1562  1 .6150745E+07   1488000E+01 -.1153E+06 -.5498E+06   .9905536  .0142645 -.1363823
T 1563  1 .6382569E+07   1488000E+01 -.9811E+05 -.8125E+05   .9990204  .0437241  .0068213
T 1564  1 .6219732E+07   1488000E+01 -.1176E+07 -.7389E+06   .9191250 -.3190252 -.2311541
T 1565  1 .6199429E+07   1488000E+01 -.6867E+06  .7149E+06   .9933922 -.1147450 -.0023661
T 1566  1 .6310925E+07   1488000E+01 -.2163E+06  .2370E+06   .9860042 -.1067947  .1280261
T 1567  1 .6396005E+07   1488000E+01  .1903E+06 -.2356E+06   .9996866 -.0047907 -.0245699
T 1568  1 .6220952E+07   1488000E+01 -.3285E+06 -.1300E+06   .9999165 -.0123840 -.0036907
T 1569  1 .6256090E+07   1488000E+01  .1282E+06  .2353E+05   .9996143  .0232469  .0151929
T 1570  1 .5876196E+07   1488000E+01 -.6999E+05  .2897E+06   .9985608  .0212282  .0492509
T 1571  1 .6411880E+07   1488000E+01  .6698E+06 -.1830E+06   .9930663  .1173602 -.0067819
T 1572  1 .6125421E+07   1488000E+01  .1001E+06 -.1955E+06   .9994287  .0256233 -.0220397
T 1573  1 .5874062E+07   1488000E+01  .1146E+07 -.5480E+06   .9952366  .0917421 -.0329771
T 1574  1 .5940403E+07   1488000E+01  .7513E+06 -.2747E+06   .9912288  .1306782  .0197170
T 1575  1 .6266131E+07   1488000E+01 -.1540E+07 -.1350E+07   .9895183 -.1418905 -.0268434
T 1576  1 .6518074E+07   1488000E+01  .2055E+05  .4153E+06   .9982208  .0543765  .0244629
T 1577  1 .6148758E+07   1488000E+01 -.5410E+06  .1477E+06   .9980562 -.0548553  .0295758
T 1578  1 .6660191E+07   1488000E+01  .2598E+06 -.5203E+05   .9996266  .0218682 -.0163829
T 1579  1 .6096690E+07   1488000E+01  .1845E+06  .9524E+05   .9996554  .0241622  .0102616
T 1580  1 .6385560E+07   1488000E+01  .3415E+06  .1402E+06   .9985350  .0299752  .0450485
T 1581  1 .6946478E+07   1488000E+01 -.4045E+06 -.5276E+04   .9969320 -.0764055 -.0169960
T 1582  1 .6275016E+07   1488000E+01 -.1597E+06  .4138E+06   .9980339  .0072677  .0622543
T 1583  1 .5881291E+07   1488000E+01  .3961E+06 -.7586E+05   .9998300  .0183540 -.0017802
T 1584  1 .6363923E+07   1488000E+01  .5080E+04 -.1299E+06   .9999615  .0078134  .0039891
T 1585  1 .6458108E+07   1488000E+01  .2666E+05  .2685E+06   .9957232 -.0750291  .0539062
T 1586  1 .6353321E+07   1488000E+01  .1934E+05  .7197E+05   .9988237  .0001421  .0484899
T 1587  1 .6640786E+07   1488000E+01  .5803E+06 -.1788E+06   .9954967  .0722510 -.0613694
T 1588  1 .6095054E+07   1488000E+01  .1692E+06  .3643E+05   .9990289  .0415418  .0146816
T 1589  1 .6559536E+07   1488000E+01  .2011E+06  .4370E+06   .9987115  .0451920  .0230892
T 1590  1 .6809327E+07   1488000E+01  .3656E+06  .2083E+06   .9983017 -.0263328  .0519645
T 1591  1 .6775072E+07   1488000E+01 -.8956E+06  .7729E+06   .9676192 -.1872126  .1693059
T 1592  1 .6707672E+07   1488000E+01  .4568E+05 -.2322E+06   .9987150 -.0162099 -.0480156
T 1593  1 .6513383E+07   1488000E+01 -.2218E+06 -.3620E+05   .9999448 -.0100874  .0029326
T 1594  1 .6664880E+07   1488000E+01  .2676E+06  .2105E+05   .9992078  .0228326 -.0325955
T 1595  1 .7120857E+07   1488000E+01 -.1800E+06 -.3554E+06   .9978160  .0452791  .0480943
T 1596  1 .6482480E+07   1488000E+01  .5735E+05  .2564E+06   .9957786 -.0900716  .0176640
T 1597  1 .6104247E+07   1488000E+01 -.6330E+06 -.2028E+05   .9966428 -.0730369 -.0369978
T 1598  1 .6481177E+07   1488000E+01 -.1448E+06 -.1345E+06   .9991288  .0219206 -.0355120
T 1599  1 .6195882E+07   1488000E+01  .4939E+06  .1804E+06   .9981933  .0600779 -.0009098
T 1600  1 .6086875E+07   1488000E+01 -.1092E+06  .1420E+07   .9855298 -.1618938  .0502129
T 1601  1 .6872171E+07   1488000E+01 -.3825E+06 -.1747E+06   .9983949 -.0518998 -.0226741
T 1602  1 .6688133E+07   1488000E+01  .2480E+06  .1592E+05   .9994537  .0252486 -.0213274
T 1603  1 .6499786E+07   1488000E+01 -.2760E+06  .1089E+06   .9938477 -.1107456  .0014897
T 1604  1 .6678374E+07   1488000E+01 -.8698E+06 -.2183E+06   .9993883 -.0202640 -.0285019
T 1605  1 .6708922E+07   1488000E+01 -.1341E+06  .7815E+05   .9979576 -.0054297  .0636488
T 1606  1 .6127822E+07   1488000E+01 -.3340E+06 -.6183E+05   .9995114 -.0281882  .0135031
T 1607  1 .6359075E+07   1488000E+01  .2293E+06 -.1905E+06   .9737019 -.0060970 -.2277443
T 1608  1 .6507333E+07   1488000E+01  .1107E+06  .1057E+06   .9977317  .0661580  .0124346
T 1609  1 .6130870E+07   1488000E+01  .2506E+05 -.1876E+06   .9994296  .0225347 -.0251521
T 1610  1 .6860551E+07   1488000E+01  .1447E+06  .4661E+06   .9998284  .0023168  .0183821
T 1611  1 .6581296E+07   1488000E+01 -.2865E+06  .2518E+06   .9988739 -.0397487  .0259039
T 1612  1 .6102455E+07   1488000E+01 -.2401E+06  .5163E+05   .9999973  .0023334 -.0000224
T 1613  1 .5693410E+07   1488000E+01 -.1335E+06 -.2003E+06   .9998630 -.0154161  .0060220
T 1614  1 .6500048E+07   1488000E+01  .2432E+06 -.1115E+07   .9926273 -.0056998 -.1210722
T 1615  1 .6459790E+07   1488000E+01  .2021E+06  .1679E+06   .9957821  .0300230  .0866982
T 1616  1 .6103485E+07   1488000E+01  .5263E+06  .2159E+06   .9980628  .0603916 -.0149467
T 1617  1 .5895738E+07   1488000E+01  .2080E+06 -.8123E+04   .9977862  .0633485  .0202385
T 1618  1 .6473319E+07   1488000E+01 -.3923E+06 -.1095E+06   .9993272 -.0246962 -.0271149
T 1619  1 .6140191E+07   1488000E+01 -.1175E+06  .5482E+05   .9979636 -.0592797 -.0235487
T 1620  1 .6689156E+07   1488000E+01  .1068E+07  .1489E+06   .9912100  .1252815  .0425115
T 1621  1 .5986427E+07   1488000E+01 -.2836E+06 -.3180E+06   .9988477 -.0309819 -.0366527
T 1622  1 .5677945E+07   1488000E+01 -.6114E+05  .8007E+05   .9996792  .0221214 -.0123382
T 1623  1 .6494121E+07   1488000E+01  .1333E+06 -.4314E+05   .9986716  .0013593 -.0515091
T 1624  1 .5850481E+07   1488000E+01 -.4649E+06  .1647E+06   .9975765 -.0688203  .0102381
T 1625  1 .6568565E+07   1488000E+01 -.1405E+06  .4943E+06   .9967333 -.0225705  .0775460
T 1626  1 .6830038E+07   1488000E+01 -.2039E+06 -.6515E+05   .9983700 -.0141952 -.0552800
T 1627  1 .6330991E+07   1488000E+01  .5886E+05 -.2125E+06   .9998609  .0103827 -.0130519
T 1628  1 .6041639E+07   1488000E+01  .4945E+06 -.4537E+06   .9993269 -.0298832 -.0212789
T 1629  1 .6396786E+07   1488000E+01 -.4893E+06  .6675E+06   .9906762 -.0828275  .1081679
T 1630  1 .6079691E+07   1488000E+01 -.1032E+06  .1029E+06   .9913632  .1087774 -.0732567
T 1631  1 .6703819E+07   1488000E+01  .2685E+05 -.3150E+06   .9996162 -.0036375  .0274624
T 1632  1 .5764212E+07   1488000E+01  .4392E+06 -.6388E+06   .9948885  .0373125 -.0938329
T 1633  1 .6096136E+07   1488000E+01 -.6287E+05  .2130E+06   .9999879 -.0031750 -.0037657
T 1634  1 .6327603E+07   1488000E+01  .8414E+04  .3933E+06   .9973201  .0410417  .0605654
T 1635  1 .5896463E+07   1488000E+01  .4092E+06  .2597E+06   .9979745  .0184286  .0608872
T 1636  1 .6831321E+07   1488000E+01 -.6394E+06  .2998E+06   .9818331 -.1894150 -.0112089
T 1637  1 .6086519E+07   1488000E+01 -.1905E+06 -.2779E+06   .9996735 -.0252195  .0041110
T 1638  1 .6258463E+07   1488000E+01 -.7947E+05  .3261E+06   .9929252  .1185317  .0070564
T 1639  1 .5584281E+07   1488000E+01 -.2028E+07 -.2701E+07   .9617606 -.1507312 -.2286847
T 1640  1 .6036638E+07   1488000E+01  .3439E+06  .9456E+06   .9963748  .0368610  .0766711
T 1641  1 .4530503E+07   1488000E+01 -.3633E+07 -.8736E+06   .8701370 -.4900764 -.0518340
T 1642  1 .6538075E+07   1488000E+01  .8734E+06 -.4552E+06   .9960519  .0851121 -.0252307
T 1643  1 .6127944E+07   1488000E+01  .4732E+06  .1016E+06   .9956347  .0926921  .0109418
T 1644  1 .6583843E+07   1488000E+01 -.6436E+06  .3754E+06   .9965502 -.0494869  .0666235
T 1645  1 .6554607E+07   1488000E+01 -.6369E+06  .6008E+06   .9964501 -.0577521  .0612534
T 1646  1 .6164317E+07   1488000E+01 -.1398E+07  .5839E+06   .9905166 -.1341363  .0297386
T 1647  1 .6532241E+07   1488000E+01  .1369E+06 -.8418E+05   .9995084  .0132801 -.0284022
T 1648  1 .6110305E+07   1488000E+01 -.3129E+06 -.5983E+06   .9995018  .0184773 -.0255863
T 1649  1 .6174798E+07   1488000E+01  .5255E+06  .3190E+06   .9986735  .0447530  .0254633
T 1650  1 .6618995E+07   1488000E+01  .3878E+06 -.6797E+05   .9997266  .0135542 -.0190544
T 1651  1 .6681933E+07   1488000E+01  .5813E+05 -.2102E+06   .9999856  .0041563 -.0033931
T 1652  1 .6299211E+07   1488000E+01  .4185E+06 -.3587E+06   .9904946  .0652665 -.1210818
T 1653  1 .6079616E+07   1488000E+01  .1383E+06  .3059E+06   .9991041  .0382131  .0181874
T 1654  1 .7094181E+07   1488000E+01 -.3374E+06 -.3776E+06   .9972096 -.0120063 -.0736806
T 1655  1 .6791503E+07   1488000E+01  .5652E+06  .2026E+06   .9984997  .0509126  .0201536
T 1656  1 .6059036E+07   1488000E+01  .1674E+06 -.1230E+06   .9998316  .0162848 -.0084657
T 1657  1 .6271053E+07   1488000E+01 -.3457E+06  .1084E+06   .9983021 -.0572392 -.0108013
T 1658  1 .6132079E+07   1488000E+01 -.3119E+06  .8657E+05   .9962712 -.0719101 -.0476723
T 1659  1 .6748763E+07   1488000E+01 -.6287E+06 -.7196E+06   .9928907 -.1092638 -.0472181
T 1660  1 .6384992E+07   1488000E+01 -.1450E+06  .5062E+06   .9994928 -.0316744 -.0033018
T 1661  1 .6647185E+07   1488000E+01 -.4571E+06 -.2633E+06   .9965232 -.0642300  .0530666
T 1662  1 .6624631E+07   1488000E+01 -.1426E+06 -.1385E+05   .9990425 -.0432494  .0066053
T 1663  1 .5960437E+07   1488000E+01 -.7842E+05 -.3120E+05   .9983205  .0510491  .0273875
T 1664  1 .6301298E+07   1488000E+01  .1407E+06  .2585E+06   .9999389  .0094880 -.0056750
T 1665  1 .6200460E+07   1488000E+01 -.2354E+06  .1184E+06   .9999027  .0055199 -.0128086
T 1666  1 .6382978E+07   1488000E+01  .3249E+06 -.1301E+06   .9996203  .0090781  .0260161
T 1667  1 .6518879E+07   1488000E+01  .1272E+06  .3468E+06   .9994863  .0142073  .0287271
T 1668  1 .7065567E+07   1488000E+01 -.1345E+06  .3635E+06   .9988532  .0241807  .0413236
T 1669  1 .6612734E+07   1488000E+01  .6327E+05  .6554E+06   .9940181  .0319228  .1044460
T 1670  1 .6512662E+07   1488000E+01 -.3323E+06  .2950E+06   .9985044 -.0360261  .0411225
T 1671  1 .6325831E+07   1488000E+01 -.2629E+06  .1927E+06   .9996365 -.0147535 -.0225634
T 1672  1 .6549759E+07   1488000E+01  .6213E+06 -.4458E+06   .9981729  .0454301 -.0398356
T 1673  1 .6404210E+07   1488000E+01 -.9690E+06 -.4664E+06   .9938576 -.0827823 -.0734454
T 1674  1 .6612321E+07   1488000E+01 -.2284E+05  .9629E+05   .9994347 -.0273765 -.0195133
T 1675  1 .5999981E+07   1488000E+01  .3282E+06  .1258E+06   .9986892  .0454243  .0235908
T 1676  1 .6156640E+07   1488000E+01 -.1265E+06 -.3863E+06   .9992918 -.0274662 -.0257186
T 1677  1 .6902680E+07   1488000E+01 -.1064E+06  .5373E+06   .9951944 -.0311212  .0928419
T 1678  1 .5326764E+07   1488000E+01  .1062E+07  .6890E+06   .9910257  .1330126 -.0132573
T 1679  1 .6213044E+07   1488000E+01  .2857E+05  .8283E+05   .9993511  .0359804  .0016968
T 1680  1 .6342593E+07   1488000E+01 -.1809E+06 -.1563E+06   .9992577  .0301445  .0239869
T 1681  1 .6087436E+07   1488000E+01  .6009E+06  .4578E+06   .9903075  .0697624  .1201012
T 1682  1 .6603186E+07   1488000E+01 -.7884E+05 -.2024E+05   .9995884  .0017312 -.0286375
T 1683  1 .6181995E+07   1488000E+01  .7410E+05 -.8417E+04   .9999916  .0006951  .0040438
T 1684  1 .6578573E+07   1488000E+01 -.1181E+06 -.2531E+06   .9986094 -.0344554 -.0399006
T 1685  1 .6455459E+07   1488000E+01 -.1172E+06  .6120E+06   .9934834 -.0206560  .1120895
T 1686  1 .6516234E+07   1488000E+01 -.7457E+06  .2637E+06   .9844470 -.1665163  .0560040
T 1687  1 .6346406E+07   1488000E+01  .4020E+06 -.2287E+06   .9963848  .0800925 -.0283300
T 1688  1 .6653668E+07   1488000E+01 -.8298E+06 -.4279E+05   .9976211 -.0685723 -.0070678
T 1689  1 .6408113E+07   1488000E+01 -.1260E+06  .5797E+06   .9968960 -.0056882  .0785233
T 1690  1 .6536349E+07   1488000E+01  .3136E+06 -.7695E+05   .9990648  .0171003 -.0397117
T 1691  1 .6205371E+07   1488000E+01 -.6656E+05  .1793E+06   .9957084 -.0096186  .0920446
T 1692  1 .5888613E+07   1488000E+01  .5381E+06 -.7820E+06   .9853498  .1354372 -.1036461
T 1693  1 .6156565E+07   1488000E+01  .6471E+06 -.7138E+06   .9816581  .1197819 -.1483230
T 1694  1 .6171758E+07   1488000E+01 -.3994E+06  .7100E+05   .9985037 -.0503444  .0213488
T 1695  1 .6661241E+07   1488000E+01  .2640E+06  .2917E+06   .9992039 -.0107259 -.0384261
T 1696  1 .6533829E+07   1488000E+01  .5302E+06  .3496E+05   .9962405  .0859837  .0105715
T 1697  1 .6573130E+07   1488000E+01  .2066E+06  .8245E+05   .9987768  .0235081 -.0435006
T 1698  1 .6190613E+07   1488000E+01 -.1403E+06 -.1160E+06   .9994495  .0313233 -.0109325
T 1699  1 .6627066E+07   1488000E+01  .1196E+06 -.3927E+06   .9988632  .0041871 -.0474847
T 1700  1 .7050905E+07   1488000E+01 -.1712E+06 -.2886E+05   .9969259 -.0651439 -.0435316
T 1701  1 .6770451E+07   1488000E+01  .3875E+05 -.2778E+06   .9978284  .0654200 -.0076605
T 1702  1 .6750106E+07   1488000E+01  .4707E+06  .2217E+06   .9986943  .0312713 -.0403947
T 1703  1 .6715441E+07   1488000E+01  .3306E+06 -.1524E+05   .9994779  .0308746 -.0095186
T 1704  1 .6605736E+07   1488000E+01  .1015E+05 -.1275E+06   .9998665  .0115719  .0115377
T 1705  1 .6631598E+07   1488000E+01 -.1617E+07  .2609E+06   .9791071 -.2032597  .0059025
T 1706  1 .6395709E+07   1488000E+01  .2463E+06 -.2644E+05   .9997541  .0062150 -.0212861
T 1707  1 .6384263E+07   1488000E+01  .1384E+06 -.1822E+06   .9949575  .0693362  .0724709
T 1708  1 .6333714E+07   1488000E+01 -.1985E+06  .3817E+06   .9994824 -.0075996  .0312607
T 1709  1 .6687994E+07   1488000E+01  .2431E+06  .1234E+06   .9995076  .0286547  .0127816
T 1710  1 .5925333E+07   1488000E+01 -.1008E+05 -.3657E+06   .9995509  .0237947 -.0182154
T 1711  1 .6018411E+07   1488000E+01 -.3299E+06  .2979E+06   .9846063 -.1697216  .0417738
T 1712  1 .6355298E+07   1488000E+01  .6789E+05  .4042E+06   .9981891 -.0392384  .0455938
T 1713  1 .6109836E+07   1488000E+01 -.2705E+06  .5395E+06   .9921945 -.0754295  .0993000
T 1714  1 .6745376E+07   1488000E+01 -.8209E+06 -.4909E+06   .9626238 -.1694365 -.2112976
T 1715  1 .6369494E+07   1488000E+01 -.1296E+06 -.3728E+06   .9998261 -.0127808 -.0135816
T 1716  1 .6909907E+07   1488000E+01  .4939E+06  .2628E+06   .9942479  .1064267 -.0120179
T 1717  1 .6749609E+07   1488000E+01 -.4743E+06 -.6047E+06   .9909876 -.0932764 -.0961415
T 1718  1 .6948308E+07   1488000E+01  .2462E+06 -.1049E+06   .9998639  .0108123 -.0124635
T 1719  1 .6618779E+07   1488000E+01  .2978E+06  .3056E+06   .9999716  .0032055  .0068278
T 1720  1 .6172781E+07   1488000E+01 -.1003E+06  .3748E+06   .9980868 -.0007878  .0618237
T 1721  1 .6483565E+07   1488000E+01  .5803E+06 -.4440E+06   .9913100  .1166394 -.0608253
T 1722  1 .6389092E+07   1488000E+01 -.3161E+06 -.1694E+06   .9995806 -.0244405 -.0155364
T 1723  1 .6697995E+07   1488000E+01  .1855E+06 -.9961E+05   .9993726  .0337888 -.0106210
T 1724  1 .6460795E+07   1488000E+01 -.3197E+06 -.3267E+06   .9997656 -.0186586 -.0109849
T 1725  1 .6304747E+07   1488000E+01 -.1362E+06 -.7789E+05   .9996586  .0077820 -.0249433
T 1726  1 .6501737E+07   1488000E+01 -.3244E+06  .3102E+06   .9963463 -.0417840  .0744864
T 1727  1 .6468630E+07   1488000E+01 -.5813E+06  .3111E+06   .9906547 -.0719040  .1159013
T 1728  1 .6443833E+07   1488000E+01  .3598E+06 -.2728E+06   .9984705  .0225934  .0504605
T 1729  1 .6930233E+07   1488000E+01 -.1728E+06  .4780E+06   .9944117 -.0407539  .0973885
T 1730  1 .6387561E+07   1488000E+01 -.3456E+06  .4344E+06   .9990670 -.0310854  .0299804
T 1731  1 .6415530E+07   1488000E+01 -.3363E+06  .1483E+06   .9999161  .0059934  .0114805
T 1732  1 .5948619E+07   1488000E+01 -.3495E+06 -.1371E+05   .9990720 -.0362670 -.0232351
T 1733  1 .6502031E+07   1488000E+01  .4185E+06 -.5348E+06   .9991624  .0194535 -.0360008
T 1734  1 .6808903E+07   1488000E+01  .8615E+05  .5208E+05   .9996511  .0263704 -.0014776
T 1735  1 .5796081E+07   1488000E+01 -.3191E+06 -.4731E+06   .9943144 -.0832912 -.0663434
T 1736  1 .6238710E+07   1488000E+01  .3413E+06  .1354E+06   .9992237  .0377603  .0112314
T 1737  1 .6634280E+07   1488000E+01  .8462E+05  .3720E+06   .9967424  .0336048  .0733159
T 1738  1 .6327371E+07   1488000E+01 -.2406E+06 -.1084E+06   .9992106 -.0358409 -.0171325
T 1739  1 .6577296E+07   1488000E+01 -.1205E+05 -.7078E+05   .9992386 -.0316973  .0227479
T 1740  1 .6786988E+07   1488000E+01 -.4139E+06 -.2709E+06   .9928297 -.0258964 -.1166987
T 1741  1 .6983641E+07   1488000E+01  .2547E+06 -.1013E+06   .9981293  .0610712  .0028604
T 1742  1 .6154940E+07   1488000E+01  .4079E+06 -.4949E+06   .9983688  .0179954 -.0541835
T 1743  1 .6558505E+07   1488000E+01 -.1576E+06  .1770E+06   .9936116 -.0538326  .0991865
T 1744  1 .6378833E+07   1488000E+01  .1366E+06  .3140E+06   .9970665  .0709015  .0288333
T 1745  1 .6729798E+07   1488000E+01 -.1628E+06  .2941E+05   .9994723 -.0290902 -.0144540
T 1746  1 .6022673E+07   1488000E+01  .4077E+06  .3407E+06   .9994035 -.0046756  .0342172
T 1747  1 .7059847E+07   1488000E+01  .4334E+06  .5073E+06   .9993366  .0097863  .0350810
T 1748  1 .6015272E+07   1488000E+01  .1841E+05 -.7268E+06   .9953514 -.0127509 -.0954619
T 1749  1 .6266511E+07   1488000E+01  .2206E+06 -.2243E+06   .9993903  .0340604  .0076734
T 1750  1 .6546246E+07   1488000E+01  .1266E+06  .6827E+04   .9998411 -.0071964  .0163089
T 1751  1 .6512527E+07   1488000E+01 -.1423E+06 -.2117E+05   .9994269  .0319039 -.0113140
T 1752  1 .6717773E+07   1488000E+01  .4567E+06  .2889E+06   .9978828  .0329002  .0561033
T 1753  1 .5887454E+07   1488000E+01 -.8217E+06  .2653E+06   .9883334 -.1523055  .0002880
T 1754  1 .5798859E+07   1488000E+01  .3798E+06 -.5813E+06   .9964875  .0250420 -.0799098
T 1755  1 .6630624E+07   1488000E+01 -.1617E+06  .1900E+06   .9967369 -.0745767  .0308861
T 1756  1 .6258834E+07   1488000E+01 -.4792E+06 -.3388E+06   .9967950 -.0474747 -.0643877
T 1757  1 .6444991E+07   1488000E+01  .1631E+06  .7322E+05   .9985275  .0541065  .0039094
T 1758  1 .6042507E+07   1488000E+01  .2367E+06  .1512E+06   .9972275  .0295487  .0682951
T 1759  1 .6467178E+07   1488000E+01  .1137E+06  .1445E+06   .9992788 -.0278760  .0257825
T 1760  1 .6465110E+07   1488000E+01  .5680E+05  .4320E+06   .9992272 -.0264005  .0291211
T 1761  1 .6727913E+07   1488000E+01  .9191E+05  .4584E+06   .9957178  .0464653  .0799188
T 1762  1 .6663016E+07   1488000E+01 -.4669E+06  .4171E+06   .9954884 -.0624011  .0714770
T 1763  1 .6743825E+07   1488000E+01 -.1491E+06  .5061E+05   .9992504  .0258813  .0287892
T 1764  1 .6427532E+07   1488000E+01 -.1066E+06  .1954E+06   .9998755 -.0148400  .0053621
T 1765  1 .5927783E+07   1488000E+01  .3356E+06 -.1254E+06   .9988485 -.0015627 -.0479497
T 1766  1 .5800494E+07   1488000E+01 -.4620E+06 -.2380E+06   .9950925 -.0795823 -.0588019
T 1767  1 .5590187E+07   1488000E+01 -.6604E+06 -.1812E+06   .9920869 -.0943610  .0828222
T 1768  1 .6205193E+07   1488000E+01 -.9569E+05 -.2843E+06   .9994437 -.0046236 -.0330286
T 1769  1 .6322839E+07   1488000E+01 -.8162E+06 -.1747E+06   .9849769 -.1713956  .0210737
T 1770  1 .6067698E+07   1488000E+01 -.2564E+06 -.5370E+06   .9971937 -.0560424 -.0496389
T 1771  1 .6107164E+07   1488000E+01  .3167E+05  .2105E+06   .9972144  .0026850  .0745407
T 1772  1 .6254216E+07   1488000E+01  .5839E+06 -.3948E+05   .9971943  .0738966 -.0119514
T 1773  1 .6679416E+07   1488000E+01  .3181E+06  .4963E+06   .9969764  .0200005  .0750873
T 1774  1 .6427888E+07   1488000E+01 -.3923E+05  .3362E+06   .9979306 -.0034691  .0642062
T 1775  1 .6002740E+07   1488000E+01 -.5242E+06 -.3602E+06   .9965950 -.0305280 -.0765932
T 1776  1 .6615156E+07   1488000E+01 -.5721E+06 -.3348E+06   .9966295 -.0510520 -.0642140
T 1777  1 .6613650E+07   1488000E+01 -.2644E+06 -.4615E+06   .9952952 -.0672515 -.0697470
T 1778  1 .6379689E+07   1488000E+01 -.2895E+06  .1237E+06   .9536916  .0428034  .2977249
T 1779  1 .6912641E+07   1488000E+01 -.7350E+06 -.2986E+06   .9919938 -.1118142 -.0587011
T 1780  1 .6402624E+07   1488000E+01  .4228E+05 -.3440E+06   .9993172  .0066318 -.0363484
T 1781  1 .6516229E+07   1488000E+01  .2766E+06  .6111E+06   .9942221  .0490270  .0954926
T 1782  1 .3226825E+07   1488000E+01  .3540E+07  .1076E+07   .8807844  .4508401  .1447825
T 1783  1 .6293411E+07   1488000E+01 -.7552E+05 -.1232E+05   .9985630 -.0522936  .0117138
T 1784  1 .6269007E+07   1488000E+01 -.7254E+06  .1757E+06   .9949593 -.0996533 -.0111878
T 1785  1 .6240864E+07   1488000E+01 -.5635E+06 -.9661E+05   .9964141 -.0568783 -.0626402
T 1786  1 .6427622E+07   1488000E+01 -.2171E+06  .4343E+05   .9977700 -.0376825 -.0550919
T 1787  1 .6580361E+07   1488000E+01 -.3339E+06 -.1808E+06   .9990910 -.0321766 -.0279629
T 1788  1 .6638341E+07   1488000E+01 -.2928E+06 -.1399E+06   .9998996 -.0141696  .0001793
T 1789  1 .6764486E+07   1488000E+01 -.3588E+06 -.5018E+05   .9972520 -.0723416 -.0159758
T 1790  1 .6663196E+07   1488000E+01  .8955E+05  .3388E+06   .9997523  .0192864  .0111048
T 1791  1 .6755860E+07   1488000E+01 -.3762E+05  .5350E+06   .9973508 -.0049577  .0725724
T 1792  1 .6317072E+07   1488000E+01 -.1473E+06  .2867E+06   .9995765 -.0275460  .0093778
T 1793  1 .6234560E+07   1488000E+01 -.1860E+06  .1397E+06   .9999660  .0053566  .0062658
T 1794  1 .6449410E+07   1488000E+01  .2454E+06  .1766E+06   .9991927  .0392163 -.0087183
T 1795  1 .7219654E+07   1488000E+01  .9019E+06  .8793E+06   .9967665  .0746173  .0298124
T 1796  1 .6766184E+07   1488000E+01 -.2712E+06  .1673E+06   .9990661 -.0405696  .0148667
T 1798  1 .6286512E+07   1488000E+01  .2071E+06 -.2507E+06   .9989592  .0311808  .0332896
T 1799  1 .6620215E+07   1488000E+01 -.1416E+05 -.6517E+05   .9998357  .0143367  .0110883
T 1800  1 .5742272E+07   1488000E+01 -.4562E+06 -.1116E+06   .9992365 -.0351689 -.0170181
T 1801  1 .6685203E+07   1488000E+01 -.2790E+06  .3341E+06   .9978387 -.0141964  .0641590
T 1802  1 .7021657E+07   1488000E+01 -.3936E+06 -.5124E+06   .9939257 -.0162630 -.1088450
T 1803  1 .6628253E+07   1488000E+01 -.8727E+05  .1742E+05   .9987039 -.0491089  .0133727
T 1804  1 .6659435E+07   1488000E+01  .2668E+06 -.1190E+06   .9999173 -.0118370 -.0050270
T 1805  1 .6706078E+07   1488000E+01  .1352E+06 -.2815E+06   .9954858 -.0271674 -.0909392
T 1806  1 .6818264E+07   1488000E+01 -.7614E+06  .2112E+06   .9942108 -.0979096  .0442551
T 1807  1 .6870203E+07   1488000E+01  .1352E+06 -.6362E+06   .9970178  .0185681 -.0749054
T 1808  1 .6781075E+07   1488000E+01  .5621E+05  .1686E+05   .9984474  .0554183  .0056262
T 1809  1 .6262581E+07   1488000E+01  .3896E+05 -.3352E+06   .9963942  .0190903 -.0826684
T 1810  1 .6920591E+07   1488000E+01 -.2544E+06  .4988E+06   .9972594 -.0064002  .0737071
T 1811  1 .6908123E+07   1488000E+01 -.4469E+06  .2604E+06   .9989785 -.0338143  .0299746
T 1812  1 .6329098E+07   1488000E+01 -.1505E+05  .1906E+06   .9987122 -.0495252 -.0110098
T 1813  1 .6108109E+07   1488000E+01  .6121E+06  .6370E+06   .9920736  .0415245  .1185990
T 1814  1 .6656920E+07   1488000E+01  .5011E+06 -.2769E+06   .9956584  .0345734 -.0864240
T 1815  1 .6662490E+07   1488000E+01 -.8937E+05  .2013E+06   .9959679  .0156270  .0883389
T 1816  1 .6568750E+07   1488000E+01 -.8706E+05 -.2981E+05   .9959335 -.0422482 -.0795705
T 1817  1 .6491649E+07   1488000E+01 -.2018E+06 -.1345E+06   .9999536  .0032917 -.0090560
T 1818  1 .6489404E+07   1488000E+01  .4049E+05 -.4616E+06   .9937692 -.0248437 -.1086533
T 1819  1 .6306308E+07   1488000E+01 -.3597E+06  .5105E+06   .9972155 -.0443021  .0599887
T 1820  1 .6761706E+07   1488000E+01 -.1035E+07  .6236E+06   .9991124 -.0413774  .0078991
T 1821  1 .6186358E+07   1488000E+01  .1278E+06 -.5259E+05   .9989098  .0456227  .0098894
T 1822  1 .5899426E+07   1488000E+01  .1333E+07 -.1057E+07   .9794887  .1527681 -.1313918
T 1823  1 .6946885E+07   1488000E+01  .4502E+06  .6732E+06   .9964900  .0459513  .0699719
T 1824  1 .6090288E+07   1488000E+01 -.7525E+06 -.3504E+06   .9908626 -.1147795 -.0708308
T 1825  1 .6826262E+07   1488000E+01 -.1324E+06 -.2542E+06   .9981534 -.0524236 -.0306839
T 1826  1 .6330264E+07   1488000E+01 -.6476E+06  .1395E+06   .9944087 -.1040389  .0180881
T 1827  1 .6404670E+07   1488000E+01  .3574E+06  .4322E+06   .9995986  .0109593  .0261267
T 1828  1 .5838490E+07   1488000E+01  .3191E+06  .1991E+06   .9960255  .0865558 -.0210065
T 1829  1 .5988575E+07   1488000E+01 -.4064E+06 -.2767E+06   .9980225 -.0550184 -.0303980
T 1830  1 .6649854E+07   1488000E+01 -.9102E+05  .3020E+06   .9986563 -.0180485  .0485782
T 1831  1 .6506276E+07   1488000E+01 -.1457E+06  .2324E+06   .9998971  .0098253  .0104544
T 1832  1 .6532099E+07   1488000E+01  .5540E+04  .3091E+06   .9992418 -.0389306  .0003945
T 1833  1 .6092426E+07   1488000E+01 -.1381E+06  .3823E+06   .9973615 -.0589778  .0423267
T 1834  1 .6486219E+07   1488000E+01 -.2348E+06  .2143E+06   .9988244 -.0469328 -.0121322
T 1835  1 .7017948E+07   1488000E+01 -.1676E+06  .8325E+05   .9992247 -.0225278  .0322869
T 1836  1 .6300537E+07   1488000E+01 -.2580E+06 -.1981E+06   .9974873 -.0582295 -.0403526
T 1837  1 .6761236E+07   1488000E+01 -.3875E+06  .2137E+06   .9966333 -.0819786 -.0012367
T 1838  1 .6191246E+07   1488000E+01  .1181E+06 -.5534E+05   .9991877  .0155135 -.0371912
T 1839  1 .6405717E+07   1488000E+01 -.1869E+06  .2098E+06   .9983265 -.0333518  .0472419
T 1840  1 .6419663E+07   1488000E+01  .5004E+04 -.4732E+06   .9989951  .0392548 -.0216322
T 1841  1 .6344195E+07   1488000E+01  .2119E+06 -.1495E+06   .9958341  .0903874 -.0120199
T 1842  1 .6797255E+07   1488000E+01 -.2545E+06 -.4959E+06   .9996327  .0162688 -.0216739
T 1843  1 .6372408E+07   1488000E+01  .4006E+06 -.5000E+06   .9984315  .0472903 -.0299696
T 1844  1 .6295503E+07   1488000E+01 -.6705E+05 -.2135E+06   .9986338 -.0520446 -.0046738
T 1845  1 .7138481E+07   1488000E+01  .1908E+05 -.1343E+06   .9996585 -.0069151 -.0252005
T 1846  1 .5667822E+07   1488000E+01 -.2439E+06 -.4577E+06   .9986579 -.0291511 -.0428099
T 1847  1 .6609067E+07   1488000E+01  .1440E+06 -.6383E+05   .9994198  .0113411  .0321170
T 1848  1 .6069168E+07   1488000E+01 -.4108E+06  .3584E+06   .9953192 -.0153113  .0954215
T 1849  1 .6353945E+07   1488000E+01 -.1312E+07  .3408E+06   .9884949 -.1511016  .0067851
T 1850  1 .6725890E+07   1488000E+01 -.1663E+06  .3651E+05   .9989823 -.0440176  .0098416
T 1851  1 .6433146E+07   1488000E+01 -.1227E+06  .1548E+06   .9993559 -.0357861 -.0026890
T 1852  1 .6127612E+07   1488000E+01 -.6941E+06 -.6012E+05   .9917593 -.1277546 -.0096086
T 1853  1 .6304862E+07   1488000E+01  .5085E+05  .1983E+06   .9997273  .0011088  .0233267
T 1854  1 .5620792E+07   1488000E+01 -.2329E+06  .1415E+06   .9997652  .0060009 -.0208238
T 1855  1 .6584100E+07   1488000E+01  .9692E+05 -.3737E+06   .9975007  .0524612 -.0473303
T 1856  1 .6210228E+07   1488000E+01  .2950E+06 -.2100E+06   .9989028  .0248209 -.0397133
T 1857  1 .6079029E+07   1488000E+01 -.5262E+06  .5787E+05   .9965059 -.0605120  .0575693
T 1858  1 .6354347E+07   1488000E+01 -.1168E+06  .1365E+06   .9977946 -.0246625  .0616259
T 1859  1 .6636238E+07   1488000E+01 -.1385E+06 -.3573E+06   .9778753 -.1962319 -.0724769
T 1860  1 .6092001E+07   1488000E+01 -.1437E+05 -.1829E+06   .9998782  .0010903 -.0155694
T 1861  1 .6295310E+07   1488000E+01 -.6474E+06 -.4532E+06   .9963506 -.0509391 -.0684887
T 1862  1 .6477452E+07   1488000E+01 -.9714E+05  .1281E+06   .9994060  .0114378  .0325074
T 1863  1 .6735568E+07   1488000E+01 -.3993E+06 -.5172E+05   .9986282  .0451752 -.0264751
T 1864  1 .6154183E+07   1488000E+01 -.7957E+06  .7361E+06   .9909743 -.0793979  .1080092
T 1865  1 .6371091E+07   1488000E+01 -.1760E+06 -.1715E+06   .9957058 -.0891589 -.0249141
T 1866  1 .6625405E+07   1488000E+01  .3370E+05  .3093E+06   .9998687  .0092685 -.0132950
T 1867  1 .6080002E+07   1488000E+01 -.2186E+06 -.5422E+05   .9995387 -.0084705  .0291651
T 1868  1 .5920744E+07   1488000E+01 -.1614E+06 -.8057E+06   .9957837 -.0393734 -.0828531
T 1869  1 .6568267E+07   1488000E+01 -.2140E+06 -.8848E+05   .9992303 -.0194453  .0340682
T 1870  1 .6613481E+07   1488000E+01 -.2223E+06  .4052E+06   .9990843 -.0376821  .0202624
T 1871  1 .6238204E+07   1488000E+01 -.5935E+05 -.1516E+06   .9997108 -.0001287 -.0240459
T 1872  1 .5078783E+07   1488000E+01  .1843E+06 -.3452E+07   .9682573 -.0786716 -.2372521
T 1873  1 .6518782E+07   1488000E+01 -.3387E+06 -.1795E+06   .9997075 -.0191908 -.0147182
T 1874  1 .6467815E+07   1488000E+01  .3772E+06 -.1151E+06   .9983957  .0517064 -.0230749
T 1875  1 .6224641E+07   1488000E+01  .1751E+06 -.4683E+06   .9998954  .0052933 -.0134631
T 1876  1 .6444016E+07   1488000E+01  .6502E+06  .3282E+06   .9926839  .1207283  .0018283
T 1877  1 .6653954E+07   1488000E+01 -.5435E+06 -.2660E+06   .9999907  .0022237  .0037075
T 1878  1 .6794064E+07   1488000E+01 -.1320E+06 -.3498E+05   .9997708 -.0066087  .0203653
T 1879  1 .6439953E+07   1488000E+01 -.2790E+06 -.1892E+06   .9995881 -.0150017 -.0244676
T 1880  1 .6775814E+07   1488000E+01 -.4988E+06 -.4924E+05   .9972496 -.0538974  .0508756
T 1881  1 .6246429E+07   1488000E+01  .1231E+06  .2996E+06   .9994798  .0302050  .0113013
T 1882  1 .6263331E+07   1488000E+01 -.2041E+06  .3371E+06   .9965622 -.0788169  .0255271
T 1883  1 .5664083E+07   1488000E+01  .1188E+07 -.2847E+07   .9393492  .1063927 -.3260425
T 1884  1 .6631157E+07   1488000E+01  .4825E+05  .9669E+05   .9979268  .0538896 -.0351857
T 1885  1 .5823648E+07   1488000E+01 -.6943E+05  .3315E+06   .9983263 -.0576202  .0049446
T 1886  1 .6437272E+07   1488000E+01 -.1033E+06  .2915E+06   .9984960 -.0476689  .0270809
T 1887  1 .6601762E+07   1488000E+01 -.1230E+06  .9388E+06   .9896264 -.0885603  .1131223
T 1888  1 .6469874E+07   1488000E+01 -.3317E+06  .4143E+05   .9971570 -.0431298 -.0617878
T 1889  1 .6648116E+07   1488000E+01  .1079E+06 -.7820E+05   .9985615  .0421703 -.0331139
T 1890  1 .6374435E+07   1488000E+01  .3562E+06  .3117E+06   .9952101  .0905026  .0369605
T 1891  1 .6202610E+07   1488000E+01  .9117E+05 -.2519E+05   .9983216 -.0010267  .0579038
T 1892  1 .5863161E+07   1488000E+01  .1749E+06 -.9825E+05   .9974520  .0675430 -.0229648
T 1893  1 .6658690E+07   1488000E+01 -.4203E+06 -.3947E+06   .9942141 -.0943214 -.0513976
T 1894  1 .6387109E+07   1488000E+01 -.2596E+06  .4110E+06   .9994975 -.0296486  .0112097
T 1895  1 .6376907E+07   1488000E+01  .3705E+06  .1269E+07   .9910901  .0688403  .1140236
T 1896  1 .6425216E+07   1488000E+01  .2425E+06 -.2093E+06   .9942102  .0545781 -.0925594
T 1897  1 .6217461E+07   1488000E+01 -.2788E+06 -.1760E+06   .9982852 -.0577307 -.0096821
T 1898  1 .6445115E+07   1488000E+01 -.4821E+06  .5634E+06   .9923627 -.0877185  .0867274
T 1899  1 .6889752E+07   1488000E+01  .7930E+05 -.2802E+06   .9988857  .0466438 -.0071897
T 1900  1 .6333342E+07   1488000E+01 -.3739E+06  .3058E+06   .9935024 -.0594748  .0970347
T 1901  1 .6176564E+07   1488000E+01  .4300E+06  .2601E+06   .9918298  .0816121  .0980464
T 1902  1 .7185099E+07   1488000E+01 -.3075E+06 -.4990E+05   .9990464 -.0434985 -.0037556
T 1903  1 .6318978E+07   1488000E+01  .2781E+06 -.2017E+06   .9985311  .0533755 -.0093075
T 1904  1 .6735334E+07   1488000E+01 -.3803E+05  .4297E+06   .9936010 -.0331527  .1079720
T 1905  1 .6390932E+07   1488000E+01  .1959E+06 -.3048E+06   .9929839  .0466943 -.1086401
T 1906  1 .6817698E+07   1488000E+01 -.1093E+06  .2547E+06   .9986767  .0052027  .0511649
T 1907  1 .5867859E+07   1488000E+01  .2267E+06 -.7792E+05   .9995161  .0253089  .0180847
T 1908  1 .6360739E+07   1488000E+01 -.3174E+06 -.1769E+06   .9990028 -.0435855 -.0096754
T 1909  1 .6342020E+07   1488000E+01  .3227E+06  .2457E+06   .9988248  .0443515  .0195445
T 1910  1 .6268445E+07   1488000E+01  .3568E+06  .8402E+05   .9973670  .0722755 -.0059400
T 1911  1 .6030648E+07   1488000E+01  .1961E+06 -.2264E+06   .9984222  .0377039 -.0416107
T 1912  1 .6849827E+07   1488000E+01 -.8518E+05  .2687E+05   .9993457 -.0217708 -.0288811
T 1913  1 .7118088E+07   1488000E+01 -.1606E+06  .1583E+06   .9985496  .0253687  .0474882
T 1914  1 .6093545E+07   1488000E+01 -.1222E+06  .2989E+06   .9968986 -.0260200  .0742706
T 1915  1 .6510391E+07   1488000E+01  .3091E+06  .1026E+07   .9734158 -.1468510  .1757741
T 1916  1 .6108646E+07   1488000E+01  .6529E+06 -.7165E+06   .9937808  .0722885 -.0846996
T 1917  1 .6952490E+07   1488000E+01 -.2644E+06 -.2239E+06   .9983410 -.0510980 -.0265364
T 1918  1 .6102472E+07   1488000E+01 -.4012E+06  .7036E+05   .9957690 -.0898142 -.0194286
T 1919  1 .6773564E+07   1488000E+01 -.2164E+06  .3532E+06   .9942575 -.0782408  .0730090
T 1920  1 .6332200E+07   1488000E+01 -.4198E+06  .1788E+05   .9975894 -.0496055  .0485242
T 1921  1 .6471880E+07   1488000E+01  .5876E+04  .3349E+05   .9985112 -.0106173 -.0535038
T 1922  1 .5918978E+07   1488000E+01  .4031E+06 -.9249E+05   .9985445  .0479978  .0245982
T 1923  1 .6664827E+07   1488000E+01  .2975E+04 -.2111E+06   .9984378  .0479874  .0286206
T 1924  1 .6524096E+07   1488000E+01  .4729E+06 -.2490E+06   .9977546  .0294956 -.0601307
T 1925  1 .5746071E+07   1488000E+01  .3166E+06 -.9052E+06   .9873294  .0149854 -.1579750
T 1926  1 .6345618E+07   1488000E+01 -.5187E+06  .1627E+06   .9945256 -.1041238  .0087742
T 1927  1 .6522796E+07   1488000E+01 -.1927E+06  .3205E+06   .9999386  .0082799  .0073713
T 1928  1 .6559465E+07   1488000E+01  .3199E+06 -.4013E+06   .9923295  .0987922 -.0743119
T 1929  1 .6438769E+07   1488000E+01 -.3141E+06 -.3368E+06   .9997554  .0198525 -.0097509
T 1930  1 .6932475E+07   1488000E+01  .7442E+05 -.1633E+06   .9983437  .0525053  .0235179
T 1931  1 .6137769E+07   1488000E+01  .3612E+06 -.3016E+05   .9995689 -.0028068 -.0292260
T 1932  1 .6506837E+07   1488000E+01 -.1665E+06 -.4671E+05   .9998503 -.0019452 -.0171931
T 1933  1 .7138229E+07   1488000E+01 -.2751E+06  .3563E+06   .9899076 -.0867813  .1120354
T 1934  1 .6712540E+07   1488000E+01  .6692E+06  .5318E+06   .9846064  .1721816  .0300616
T 1935  1 .6520814E+07   1488000E+01 -.5196E+06  .1107E+06   .9983118 -.0565802 -.0131264
T 1936  1 .6969113E+07   1488000E+01  .6118E+06  .7511E+05   .9939401  .1098914 -.0026354
T 1937  1 .6205018E+07   1488000E+01 -.1289E+07 -.7528E+06   .9908665 -.0674655 -.1167558
T 1938  1 .6418246E+07   1488000E+01 -.4461E+06  .9700E+05   .9947426 -.1023601  .0030805
T 1939  1 .6080126E+07   1488000E+01  .3679E+06 -.1509E+06   .9995939  .0283090  .0032583
T 1940  1 .6698654E+07   1488000E+01  .2069E+06  .1977E+06   .9986310  .0141256  .0503647
T 1941  1 .6395749E+07   1488000E+01 -.1773E+06 -.4822E+06   .9941233  .0252966 -.1052566
T 1942  1 .6169541E+07   1488000E+01  .1169E+07 -.8473E+05   .9408883  .3280891 -.0841832
T 1943  1 .5724484E+07   1488000E+01 -.4932E+06  .3328E+05   .9968749 -.0789755 -.0018351
T 1944  1 .6945864E+07   1488000E+01 -.6697E+04  .5638E+06   .9973728  .0264631  .0674332
T 1945  1 .6221703E+07   1488000E+01 -.2974E+06  .1388E+06   .9996894 -.0248886 -.0012766
T 1946  1 .6751382E+07   1488000E+01 -.3223E+05 -.2692E+06   .9985558 -.0079843 -.0531272
T 1947  1 .6365462E+07   1488000E+01 -.3818E+05  .2877E+06   .9987081  .0446097  .0243341
T 1948  1 .6092983E+07   1488000E+01  .5054E+05  .1024E+07   .9984179  .0180652  .0532480
T 1949  1 .6912271E+07   1488000E+01 -.9975E+05 -.2031E+06   .9951679 -.0264879 -.0945476
T 1950  1 .6583405E+07   1488000E+01  .4033E+06 -.1420E+06   .9983869  .0478985 -.0304859
T 1951  1 .6027649E+07   1488000E+01  .1082E+06  .4640E+06   .9982567 -.0300388  .0508059
T 1952  1 .6319120E+07   1488000E+01  .3404E+06 -.1313E+07   .9377548  .0923028 -.3348075
T 1953  1 .6157688E+07   1488000E+01 -.1212E+07 -.5141E+06   .9862557 -.1522215 -.0642525
T 1954  1 .6703695E+07   1488000E+01 -.5017E+06 -.1691E+06   .9947986 -.0995439 -.0216045
T 1955  1 .6475690E+07   1488000E+01  .7198E+06  .1067E+06   .9986816  .0417355  .0298876
T 1956  1 .6665604E+07   1488000E+01 -.4486E+06 -.4021E+06   .9977381 -.0443169 -.0505447
T 1957  1 .6081410E+07   1488000E+01  .2186E+06 -.3572E+06   .9957316  .0911947 -.0142141
T 1958  1 .6569190E+07   1488000E+01 -.4960E+06 -.5693E+06   .9923055 -.0300255 -.1201179
T 1959  1 .6479988E+07   1488000E+01  .5368E+05  .7456E+06   .9939679  .0289596  .1057789
T 1960  1 .6582866E+07   1488000E+01 -.3212E+06 -.1754E+06   .9991688 -.0383063 -.0139404
T 1961  1 .6368310E+07   1488000E+01  .2924E+06 -.2813E+06   .9978749  .0651507 -.0010233
T 1962  1 .6588247E+07   1488000E+01 -.5651E+05  .3012E+06   .9973130  .0630063  .0373777
T 1963  1 .6157558E+07   1488000E+01  .1690E+06  .2049E+06   .9931587  .1139472  .0255328
T 1964  1 .6080700E+07   1488000E+01  .3274E+05 -.1910E+06   .9999127  .0016317 -.0131084
T 1965  1 .6378715E+07   1488000E+01  .1559E+06 -.1784E+06   .9998951  .0100497 -.0104276
T 1966  1 .6599620E+07   1488000E+01  .2530E+06 -.6321E+06   .9936561  .0485249 -.1014536
T 1967  1 .5691006E+07   1488000E+01 -.8475E+06 -.3188E+06   .9933429 -.1139369 -.0169790
T 1968  1 .6216360E+07   1488000E+01 -.4650E+06 -.2508E+06   .9968525 -.0785566 -.0106723
T 1969  1 .6123965E+07   1488000E+01 -.5667E+06 -.1223E+06   .9988787 -.0462177  .0102639
T 1970  1 .6558448E+07   1488000E+01  .1120E+06 -.5016E+06   .9987209  .0090754 -.0497418
T 1971  1 .6134564E+07   1488000E+01 -.7795E+05  .4022E+06   .9997349 -.0114199  .0199937
T 1972  1 .7035438E+07   1488000E+01  .2711E+06  .3694E+04   .9964744  .0837731  .0045591
T 1973  1 .6161547E+07   1488000E+01  .4743E+06 -.2212E+06   .9972146  .0719237 -.0197474
T 1974  1 .6192861E+07   1488000E+01  .6070E+06 -.1378E+06   .9995179  .0264117 -.0163231
T 1975  1 .6743099E+07   1488000E+01  .1467E+06  .3868E+06   .9995104 -.0062645  .0306540
T 1976  1 .6081274E+07   1488000E+01 -.1131E+06 -.4590E+06   .9991422 -.0281766 -.0303482
T 1977  1 .6767485E+07   1488000E+01  .3923E+06 -.1942E+06   .9996788  .0035771 -.0250909
T 1978  1 .6354568E+07   1488000E+01  .2223E+06 -.6935E+05   .9982059  .0539169  .0260373
T 1979  1 .6447053E+07   1488000E+01 -.5178E+06 -.9388E+06   .9869418 -.0753713 -.1423550
T 1980  1 .6491041E+07   1488000E+01  .3468E+06 -.1316E+06   .9981633  .0604764  .0035437
T 1981  1 .6683446E+07   1488000E+01  .3119E+06 -.4639E+06   .9990661  .0084235 -.0423797
T 1982  1 .6246036E+07   1488000E+01  .2489E+06 -.2801E+06   .9998778 -.0150541  .0042052
T 1983  1 .5623389E+07   1488000E+01  .2456E+06  .8329E+05   .9990864  .0128743  .0407499
T 1984  1 .6506227E+07   1488000E+01  .7505E+06 -.6237E+06   .9916073  .1080829 -.0709440
T 1985  1 .6649284E+07   1488000E+01  .6494E+05 -.3176E+06   .9992867  .0355430 -.0127601
T 1986  1 .6224517E+07   1488000E+01 -.4296E+06  .7201E+06   .9849748 -.1170929  .1269406
T 1987  1 .6668022E+07   1488000E+01  .3054E+06  .7395E+05   .9993190  .0299864 -.0215041
T 1988  1 .6349152E+07   1488000E+01 -.9387E+05  .3176E+06   .9991715  .0304551  .0269952
T 1989  1 .6145535E+07   1488000E+01  .1864E+05  .1947E+06   .9988892 -.0239067  .0406054
T 1990  1 .5953653E+07   1488000E+01 -.2275E+06 -.3303E+06   .9941891 -.0903526 -.0585190
T 1991  1 .7254440E+07   1488000E+01 -.2956E+06 -.1038E+06   .9976572 -.0610425 -.0308850
T 1992  1 .6359741E+07   1488000E+01  .3453E+06 -.3174E+06   .9993227  .0083159 -.0358465
T 1993  1 .6484542E+07   1488000E+01 -.1682E+06  .7592E+05   .9987444 -.0496282  .0068258
T 1994  1 .6718406E+07   1488000E+01  .1259E+06 -.4179E+06   .9979913  .0407172 -.0485327
T 1995  1 .6059080E+07   1488000E+01  .3814E+05 -.5144E+05   .9987141  .0347156  .0369447
T 1996  1 .6204976E+07   1488000E+01  .4755E+06 -.3326E+06   .9941055  .0567216 -.0923953
T 1997  1 .6178992E+07   1488000E+01  .7849E+05 -.5518E+06   .9979594 -.0157565 -.0618770
T 1998  1 .6204919E+07   1488000E+01 -.4040E+05  .6059E+06   .9948235 -.0329158  .0961397
T 1999  1 .6473876E+07   1488000E+01 -.2274E+06 -.4937E+06   .9811071  .0118732 -.1931006
T 2000  1 .6325130E+07   1488000E+01 -.3504E+06  .4501E+06   .9975420 -.0222139  .0664567
T 2001  1 .6501027E+07   1488000E+01  .2898E+06  .2311E+06   .9956278 -.0831195 -.0426185
T 2002  1 .6475540E+07   1488000E+01  .2948E+06  .2372E+06   .9999856 -.0048730  .0022400
T 2003  1 .6277200E+07   1488000E+01 -.4106E+06  .2196E+06   .9974122 -.0372343  .0615025
T 2004  1 .6299272E+07   1488000E+01 -.2934E+06 -.1828E+06   .9923783 -.1077702 -.0597568
T 2005  1 .6491411E+07   1488000E+01  .2623E+06 -.1865E+06   .9990651  .0303883 -.0307473
T 2006  1 .6884541E+07   1488000E+01 -.5339E+04  .1575E+06   .9997760  .0110286 -.0180616
T 2007  1 .6039523E+07   1488000E+01  .3099E+06  .7515E+06   .9936146 -.0324499  .1080601
T 2008  1 .6234761E+07   1488000E+01 -.5434E+06  .1152E+06   .9998084  .0142085  .0134649
T 2009  1 .6690611E+07   1488000E+01  .1211E+06  .5600E+06   .9987837 -.0085934  .0485508
T 2010  1 .6559774E+07   1488000E+01 -.1048E+06 -.2223E+06   .9999474 -.0078323  .0066276
T 2011  1 .6554048E+07   1488000E+01  .2252E+06 -.1160E+06   .9996015  .0175985 -.0220695
T 2012  1 .6443571E+07   1488000E+01  .7285E+05 -.1167E+06   .9993147 -.0212844 -.0302824
T 2013  1 .6726834E+07   1488000E+01  .1797E+06 -.7598E+06   .9983926  .0295480 -.0483651
T 2014  1 .6450285E+07   1488000E+01  .8874E+05  .2920E+05   .9997557 -.0139818  .0171213
T 2015  1 .7053369E+07   1488000E+01 -.4375E+06  .8085E+06   .9917948 -.0912389  .0895457
T 2016  1 .6176919E+07   1488000E+01 -.4466E+06 -.1043E+06   .9974342 -.0359130 -.0619296
T 2017  1 .6433708E+07   1488000E+01 -.1805E+06  .2449E+06   .9944955 -.0353988  .0986181
T 2018  1 .6705151E+07   1488000E+01  .3337E+06  .1902E+06   .9951656 -.0653430  .0733191
T 2019  1 .6034119E+07   1488000E+01 -.3971E+06 -.2142E+06   .9944249 -.1015244 -.0284935
T 2020  1 .6371110E+07   1488000E+01  .1929E+06 -.4137E+06   .9998310  .0182926 -.0018253
T 2021  1 .6059082E+07   1488000E+01 -.2697E+06 -.5838E+06   .9946881  .0197792 -.1010168
T 2022  1 .7185206E+07   1488000E+01  .3966E+06 -.4331E+05   .9968001  .0729271  .0327288
T 2023  1 .6361091E+07   1488000E+01 -.1400E+06 -.1468E+06   .9980837 -.0598988 -.0155254
T 2024  1 .6461261E+07   1488000E+01  .2818E+06  .1041E+07   .9938311  .0578755  .0946051
T 2025  1 .6148708E+07   1488000E+01  .3753E+06 -.2126E+06   .9909418  .1185461 -.0630959
T 2026  1 .6258840E+07   1488000E+01 -.6365E+06 -.1583E+05   .9983182 -.0564354 -.0132601
T 2027  1 .6750860E+07   1488000E+01  .8786E+05  .3275E+06   .9969995  .0772381  .0051170
T 2028  1 .6302466E+07   1488000E+01 -.4926E+06 -.2047E+06   .9978581 -.0137583 -.0639530
T 2029  1 .5996941E+07   1488000E+01  .3912E+05 -.1916E+06   .9993866 -.0234286 -.0260279
T 2030  1 .6182288E+07   1488000E+01 -.1951E+06 -.5816E+06   .9938978 -.0531014 -.0966817
T 2031  1 .6132298E+07   1488000E+01 -.6495E+05 -.3733E+06   .9968997  .0103657 -.0779967
T 2032  1 .6682805E+07   1488000E+01 -.4787E+06 -.5906E+05   .9999964  .0025983 -.0006997
T 2033  1 .6856354E+07   1488000E+01  .1066E+06  .2682E+06   .9994094 -.0221727  .0262517
T 2034  1 .6398357E+07   1488000E+01  .4119E+06 -.1559E+06   .9996755 -.0195633  .0163156
T 2035  1 .6533538E+07   1488000E+01  .2472E+06  .2783E+06   .9994412 -.0026257  .0333218
T 2036  1 .6655333E+07   1488000E+01  .1552E+06 -.3677E+06   .9985147  .0450301 -.0306714
T 2037  1 .5698307E+07   1488000E+01  .2937E+06  .2048E+06   .9981902  .0588184  .0125192
T 2038  1 .6519506E+07   1488000E+01 -.1060E+06 -.4341E+06   .9986674  .0028371 -.0515302
T 2039  1 .6598229E+07   1488000E+01  .1051E+07  .6423E+06   .9896717  .1433312 -.0024566
T 2040  1 .6202230E+07   1488000E+01 -.2858E+06 -.2186E+06   .9993991  .0132007 -.0320511
T 2041  1 .6160527E+07   1488000E+01 -.2871E+06  .5442E+06   .9996127 -.0000295  .0278291
T 2042  1 .5990201E+07   1488000E+01  .1029E+06 -.3579E+06   .9954031 -.0420662 -.0860412
T 2043  1 .6622176E+07   1488000E+01 -.1402E+06  .1543E+06   .9977780 -.0221551  .0628352
T 2044  1 .6405173E+07   1488000E+01  .1046E+06  .3804E+06   .9968122 -.0110807  .0790106
T 2045  1 .6086618E+07   1488000E+01  .1113E+06  .3142E+06   .9968751  .0357080  .0704630
T 2046  1 .6270909E+07   1488000E+01  .7341E+06  .1216E+05   .9989697  .0376474 -.0253438
T 2047  1 .6537736E+07   1488000E+01 -.3483E+05 -.3675E+06   .9982149  .0332182 -.0496353
T 2048  1 .6456159E+07   1488000E+01 -.3309E+06 -.2570E+06   .9982218 -.0596071  .0005513
T 2049  1 .6641604E+07   1488000E+01  .1637E+06  .1961E+06   .9962721  .0380363  .0774287
T 2050  1 .6457751E+07   1488000E+01  .2076E+06 -.2574E+05   .9995676  .0116770  .0269879
T 2051  1 .6402761E+07   1488000E+01  .3257E+06  .1947E+06   .9993964  .0347367  .0003844
T 2052  1 .5979311E+07   1488000E+01 -.1153E+06 -.5407E+06   .9961621  .0427760 -.0763624
T 2053  1 .6698385E+07   1488000E+01 -.7459E+05 -.1703E+05   .9999255 -.0100081  .0069923
T 2054  1 .6902883E+07   1488000E+01 -.3273E+05  .1843E+06   .9990259 -.0367624  .0244078
T 2055  1 .6048800E+07   1488000E+01 -.1665E+06  .2469E+06   .9966606 -.0799970  .0163725
T 2056  1 .6473898E+07   1488000E+01 -.1062E+06  .1381E+06   .9990521  .0259178  .0349740
T 2057  1 .6744947E+07   1488000E+01 -.5390E+06  .2137E+06   .9828659 -.1397432  .1201933
T 2058  1 .6185181E+07   1488000E+01 -.1158E+07 -.4728E+06   .9877328 -.1486008 -.0479762
T 2059  1 .6087299E+07   1488000E+01 -.3922E+05  .1080E+06   .9999150  .0122215 -.0045492
T 2060  1 .6122790E+07   1488000E+01 -.1810E+06  .2702E+06   .9983990 -.0556263 -.0102549
T 2061  1 .6427362E+07   1488000E+01  .3466E+06  .7569E+05   .9994378  .0335249 -.0003612
T 2062  1 .5973667E+07   1488000E+01 -.2565E+06 -.1349E+06   .9969663 -.0489916 -.0604818
T 2063  1 .7253503E+07   1488000E+01 -.1089E+06 -.4775E+06   .9941705  .0082712 -.1075021
T 2064  1 .6790890E+07   1488000E+01 -.7538E+05 -.1465E+06   .9991357 -.0388390 -.0148141
T 2065  1 .5948279E+07   1488000E+01 -.7790E+04 -.4678E+06   .9995448  .0301254 -.0016529
T 2066  1 .6760835E+07   1488000E+01 -.1459E+06 -.4070E+06   .9979121  .0107616 -.0636831
T 2067  1 .6189716E+07   1488000E+01  .2368E+06  .1327E+06   .9997810 -.0107721  .0179423
T 2068  1 .6655272E+07   1488000E+01  .2810E+06  .3631E+05   .9994788  .0315213  .0069670
T 2069  1 .6113092E+07   1488000E+01  .1347E+06 -.3328E+06   .9981123  .0296039 -.0538090
T 2070  1 .6659651E+07   1488000E+01 -.1704E+06  .5943E+05   .9998478 -.0046302 -.0168213
T 2071  1 .6333624E+07   1488000E+01 -.3285E+06 -.4328E+06   .9976442 -.0596578 -.0338677
T 2072  1 .6160846E+07   1488000E+01  .5493E+06 -.2102E+05   .9979834  .0344354 -.0533238
T 2073  1 .6263144E+07   1488000E+01  .4392E+06  .4120E+06   .9970728  .0635077  .0425750
T 2074  1 .6402680E+07   1488000E+01  .1274E+06 -.1047E+06   .9999539 -.0084267  .0045946
T 2075  1 .6703736E+07   1488000E+01  .2749E+06 -.3910E+06   .9955096  .0059550 -.0944728
T 2076  1 .6692969E+07   1488000E+01  .9506E+04  .1900E+06   .9989678  .0279738  .0357875
T 2077  1 .6462878E+07   1488000E+01 -.4566E+06 -.1836E+06   .9916570 -.0909318 -.0913666
T 2078  1 .6318414E+07   1488000E+01  .1000E+07  .5155E+05   .9981367  .0447090 -.0415228
T 2079  1 .5665007E+07   1488000E+01 -.1963E+06 -.2128E+06   .9998502 -.0172263 -.0016604
T 2080  1 .6521590E+07   1488000E+01  .5276E+06  .6417E+06   .9940526  .0815581  .0721638
T 2081  1 .6489865E+07   1488000E+01  .6224E+06 -.1521E+06   .9945441  .1002554  .0288233
T 2082  1 .6087832E+07   1488000E+01 -.2354E+06 -.1432E+06   .9993539 -.0352247 -.0071368
T 2083  1 .5752357E+07   1488000E+01  .1770E+06  .1775E+06   .9992766  .0259807 -.0277717
T 2084  1 .5817307E+07   1488000E+01 -.2238E+06 -.2157E+06   .9972241 -.0738846  .0092320
T 2085  1 .6516235E+07   1488000E+01  .1488E+06 -.5074E+06   .9979577  .0234856 -.0594047
T 2086  1 .6460341E+07   1488000E+01  .5336E+05  .1859E+06   .9996171  .0269718  .0061747
T 2087  1 .6637370E+07   1488000E+01  .8034E+05  .3882E+06   .9980757  .0011133  .0619979
T 2088  1 .6177599E+07   1488000E+01  .2692E+06 -.4078E+06   .9978344  .0453482 -.0476457
T 2089  1 .6809336E+07   1488000E+01  .4202E+06  .5044E+06   .9957607  .0330406  .0858430
T 2090  1 .6759753E+07   1488000E+01  .1384E+06  .2785E+06   .9985405  .0190907  .0505221
T 2091  1 .6027419E+07   1488000E+01  .3741E+06  .4998E+04   .9962793  .0859440 -.0064234
T 2092  1 .6733316E+07   1488000E+01  .4490E+04  .1844E+06   .9992631 -.0018255  .0383407
T 2093  1 .6609894E+07   1488000E+01  .2879E+06  .3101E+06   .9980592  .0401568  .0475954
T 2094  1 .6058709E+07   1488000E+01  .2466E+05  .3168E+06   .9991761 -.0040091  .0403872
T 2095  1 .6177724E+07   1488000E+01  .5519E+06  .7934E+05   .9848583  .0864414  .1502729
T 2096  1 .6904996E+07   1488000E+01  .4561E+06 -.7404E+06   .9981492 -.0155058 -.0588027
T 2097  1 .6195983E+07   1488000E+01 -.1044E+07 -.3682E+05   .9974432 -.0690592  .0183836
T 2098  1 .6354898E+07   1488000E+01 -.1278E+04  .2242E+06   .9979720  .0521918  .0364416
T 2099  1 .6596026E+07   1488000E+01 -.1218E+06 -.6137E+06   .9892800 -.0635537 -.1314766
T 2100  1 .6611177E+07   1488000E+01  .1932E+06  .1392E+06   .9966488 -.0758953 -.0305118
T 2101  1 .6833887E+07   1488000E+01 -.3826E+06  .1024E+07   .9963569 -.0278071  .0806203
T 2102  1 .6702853E+07   1488000E+01 -.9427E+05  .9627E+06   .9895894  .0027086  .1438939
T 2103  1 .6271125E+07   1488000E+01  .4446E+06  .3774E+06   .9956791  .0453134  .0810542
T 2104  1 .6837750E+07   1488000E+01  .5907E+06 -.6559E+05   .9962787  .0695397 -.0509205
T 2105  1 .6693983E+07   1488000E+01 -.5610E+05  .4907E+06   .9936830 -.0680570  .0892324
T 2106  1 .6104110E+07   1488000E+01  .1358E+06 -.3545E+06   .9998912  .0128156 -.0073088
T 2107  1 .6333908E+07   1488000E+01 -.1704E+06 -.3110E+06   .9981696 -.0604749  .0004631
T 2108  1 .6237587E+07   1488000E+01 -.4350E+06 -.3447E+06   .9897782 -.1114405 -.0889955
T 2109  1 .6339158E+07   1488000E+01 -.3714E+05 -.4629E+06   .9989569 -.0148756 -.0431724
T 2110  1 .6414696E+07   1488000E+01  .3981E+06 -.3644E+06   .9959561  .0698333 -.0565225
T 2111  1 .5770452E+07   1488000E+01 -.1222E+06 -.9474E+06   .9950341  .0391742 -.0915012
T 2112  1 .6621472E+07   1488000E+01 -.3376E+06 -.1838E+05   .9987304 -.0462820  .0198876
T 2113  1 .6179913E+07   1488000E+01  .1210E+06  .2316E+06   .9985312 -.0210939 -.0499058
T 2114  1 .7027892E+07   1488000E+01 -.3185E+06  .1386E+06   .9998846 -.0148922  .0030030
T 2115  1 .6665770E+07   1488000E+01 -.1469E+06  .3615E+03   .9987622  .0111888  .0484658
T 2116  1 .6552543E+07   1488000E+01  .1402E+06  .5028E+05   .9999812 -.0039437  .0046855
T 2117  1 .6356361E+07   1488000E+01  .2060E+06  .1262E+05   .9996092  .0239122 -.0144781
T 2118  1 .6681166E+07   1488000E+01  .3038E+06 -.1475E+06   .9983513  .0553041 -.0153651
T 2119  1 .6406104E+07   1488000E+01 -.7326E+05  .4376E+06   .9982546 -.0268811  .0525852
T 2120  1 .6190095E+07   1488000E+01 -.1393E+06 -.1000E+06   .9996088 -.0255501 -.0113767
T 2121  1 .6208761E+07   1488000E+01  .4647E+06 -.1591E+07   .9817974  .0893942 -.1675787
T 2122  1 .6300158E+07   1488000E+01  .3274E+05  .3839E+06   .9969352 -.0375204  .0686474
T 2123  1 .6657294E+07   1488000E+01 -.5799E+05 -.1718E+06   .9999820  .0000574  .0060049
T 2124  1 .5946909E+07   1488000E+01 -.2098E+06  .1953E+06   .9982078 -.0477912  .0360178
T 2125  1 .6686321E+07   1488000E+01 -.4440E+06  .2372E+06   .9976868 -.0361063  .0575962
T 2126  1 .5598222E+07   1488000E+01  .2724E+06 -.8865E+06   .9914561  .0598556 -.1158968
T 2127  1 .6322261E+07   1488000E+01 -.1002E+06 -.3660E+05   .9999830  .0015391  .0056184
T 2128  1 .6221417E+07   1488000E+01 -.1334E+05 -.3010E+06   .9999716  .0062873  .0041634
T 2129  1 .6149763E+07   1488000E+01 -.1841E+06  .4433E+05   .9995431 -.0266687  .0142281
T 2130  1 .5967125E+07   1488000E+01 -.8935E+06 -.1196E+06   .9858194 -.1669209  .0172491
T 2131  1 .7003563E+07   1488000E+01 -.7526E+05 -.1121E+05   .9995148 -.0282145 -.0131978
T 2132  1 .6630508E+07   1488000E+01 -.1112E+06 -.1766E+06   .9994957 -.0285935 -.0138126
T 2133  1 .6556551E+07   1488000E+01  .3507E+06  .7182E+05   .9979314  .0502043  .0401550
T 2134  1 .6775330E+07   1488000E+01 -.6042E+04  .4568E+06   .9990974  .0309716  .0290703
T 2135  1 .6369650E+07   1488000E+01  .2159E+06  .2156E+06   .9994738  .0303994  .0113128
T 2136  1 .6668452E+07   1488000E+01 -.1687E+06  .5414E+06   .9993922 -.0080705  .0339124
T 2137  1 .6443009E+07   1488000E+01 -.1631E+06 -.1962E+06   .9999716 -.0061188 -.0043943
T 2138  1 .6179816E+07   1488000E+01 -.3053E+06 -.1180E+03   .9990780 -.0302143  .0305005
T 2139  1 .6432285E+07   1488000E+01  .4193E+05  .1602E+06   .9981854  .0585127  .0142216
T 2140  1 .6698782E+07   1488000E+01 -.1926E+06 -.7879E+05   .9996754 -.0202198 -.0154973
T 2141  1 .7028686E+07   1488000E+01  .1232E+06 -.2782E+06   .9984464  .0347468 -.0435607
T 2142  1 .6410507E+07   1488000E+01 -.2299E+06 -.7423E+06   .9960042  .0116220 -.0885468
T 2143  1 .6801312E+07   1488000E+01  .5939E+06  .2686E+06   .9885093  .1076794  .1060872
T 2144  1 .6729396E+07   1488000E+01 -.2370E+06  .1287E+06   .9957562 -.0814501 -.0428424
T 2145  1 .7064051E+07   1488000E+01  .3000E+06  .2298E+06   .9991543 -.0017019  .0410829
T 2146  1 .6365215E+07   1488000E+01 -.1068E+06  .8247E+06   .9979496 -.0134520  .0625753
T 2147  1 .6346481E+07   1488000E+01  .6984E+06 -.3338E+06   .9980271  .0602095  .0177959
T 2148  1 .6267847E+07   1488000E+01  .8986E+05 -.3576E+06   .9978086  .0511144 -.0420164
T 2149  1 .6053690E+07   1488000E+01 -.3987E+06  .7474E+06   .9956336 -.0391189  .0847557
T 2150  1 .6778212E+07   1488000E+01 -.5518E+05  .2715E+06   .9911216 -.0378220  .1274654
T 2151  1 .6070553E+07   1488000E+01 -.1121E+06 -.5805E+05   .9996459  .0103995  .0244924
T 2152  1 .6072343E+07   1488000E+01 -.2664E+06  .1743E+06   .9999490  .0048666  .0088518
T 2153  1 .6466570E+07   1488000E+01 -.5021E+06  .2160E+06   .9837473 -.1614696  .0785420
T 2154  1 .7003486E+07   1488000E+01 -.4872E+06 -.2801E+06   .9993452 -.0299921 -.0202399
T 2155  1 .6833216E+07   1488000E+01 -.6968E+06 -.2000E+06   .9893245 -.1450476  .0140814
T 2156  1 .6836107E+07   1488000E+01  .1161E+05 -.4638E+05   .9978855  .0645976 -.0071925
T 2157  1 .6885325E+07   1488000E+01  .1358E+06  .3095E+06   .9946022 -.0879752  .0550167
T 2158  1 .6857982E+07   1488000E+01  .3698E+06  .2476E+05   .9971373  .0747097  .0116485
T 2159  1 .6560947E+07   1488000E+01  .2233E+06  .2387E+05   .9970589  .0722451 -.0255772
T 2160  1 .6311095E+07   1488000E+01  .3780E+06 -.4634E+05   .9989814  .0388408  .0229700
T 2161  1 .6414107E+07   1488000E+01  .2144E+06  .2509E+06   .9998290  .0152384  .0104784
T 2162  1 .6523191E+07   1488000E+01  .1776E+06  .2321E+05   .9997057  .0239408 -.0039287
T 2163  1 .6285192E+07   1488000E+01  .5620E+06  .2478E+05   .9999185  .0122204  .0036958
T 2164  1 .6033627E+07   1488000E+01 -.4969E+06  .2563E+06   .9985402 -.0332381  .0425762
T 2165  1 .6443782E+07   1488000E+01 -.8812E+05  .8338E+06   .9955516  .0132816  .0932768
T 2166  1 .6245439E+07   1488000E+01 -.2157E+06  .7076E+06   .9930311  .0063805  .1176798
T 2167  1 .5680986E+07   1488000E+01  .4655E+06  .3918E+06   .9984051  .0416372  .0381271
T 2168  1 .6677399E+07   1488000E+01 -.1471E+06  .4399E+06   .9930781 -.0450088  .1084903
T 2169  1 .6583541E+07   1488000E+01 -.3697E+06 -.2376E+06   .9947838 -.0631234 -.0801284
T 2170  1 .6412743E+07   1488000E+01  .2472E+06  .9478E+06   .9872493  .0628404  .1462527
T 2171  1 .5991315E+07   1488000E+01  .4985E+05 -.2763E+06   .9983195 -.0530461 -.0233317
T 2172  1 .6546495E+07   1488000E+01  .2674E+06 -.7267E+05   .9984020  .0477878 -.0301625
T 2173  1 .6229256E+07   1488000E+01  .8901E+05 -.1650E+06   .9997151  .0105718 -.0214007
T 2174  1 .7160419E+07   1488000E+01  .3468E+06  .1939E+06   .9963362  .0626901  .0581741
T 2175  1 .6361766E+07   1488000E+01  .1482E+06 -.3990E+05   .9988501  .0137075 -.0459400
T 2176  1 .6865287E+07   1488000E+01 -.1414E+06  .2817E+06   .9955248 -.0361138  .0873280
T 2177  1 .6968239E+07   1488000E+01  .2165E+06  .2485E+06   .9965907  .0217550  .0795842
T 2178  1 .5964490E+07   1488000E+01 -.1297E+06  .7434E+06   .9969988 -.0086533  .0769313
T 2179  1 .6634853E+07   1488000E+01  .2211E+06 -.5909E+06   .9919101  .0913353 -.0881608
T 2180  1 .6563552E+07   1488000E+01  .3162E+05  .3412E+06   .9957564  .0202070  .0897818
T 2181  1 .6408002E+07   1488000E+01 -.8360E+05 -.2429E+06   .9996092  .0236051  .0149734
T 2182  1 .6286250E+07   1488000E+01  .5110E+06  .9364E+05   .9971528  .0716015 -.0236557
T 2183  1 .6487070E+07   1488000E+01  .3619E+06  .2669E+06   .9974284  .0592160  .0403739
T 2184  1 .6215094E+07   1488000E+01 -.7034E+06  .1375E+07   .9794558 -.0957735  .1774647
T 2185  1 .6110646E+07   1488000E+01 -.2946E+06 -.3194E+06   .9982588 -.0236184 -.0540520
T 2186  1 .6413829E+07   1488000E+01  .2283E+06 -.2884E+06   .9997949  .0004121 -.0202499
T 2187  1 .6395711E+07   1488000E+01  .5077E+06  .6494E+04   .9990848 -.0046290  .0425224
T 2188  1 .6739476E+07   1488000E+01 -.1395E+06  .2612E+06   .9999293  .0112595 -.0038164
T 2189  1 .6804122E+07   1488000E+01  .2810E+06 -.5390E+06   .9939170  .0529912 -.0965444
T 2190  1 .6095889E+07   1488000E+01 -.1586E+06 -.1496E+05   .9993437 -.0078698  .0353593
T 2191  1 .6795867E+07   1488000E+01  .3008E+06 -.2961E+06   .9976044  .0679196 -.0131268
T 2192  1 .6318714E+07   1488000E+01  .6109E+06  .1030E+07   .9591758  .0259653  .2816159
T 2193  1 .6479106E+07   1488000E+01 -.4461E+06  .1961E+06   .9997394 -.0224229  .0042749
T 2194  1 .5838900E+07   1488000E+01  .2667E+06 -.1009E+06   .9989867  .0384455 -.0233974
T 2195  1 .6442039E+07   1488000E+01  .3111E+06 -.2410E+06   .9916872 -.0256655 -.1260861
T 2196  1 .6425202E+07   1488000E+01  .1169E+06  .2549E+06   .9991088  .0311476  .0284839
T 2197  1 .5748318E+07   1488000E+01 -.1828E+06 -.5424E+06   .9956535 -.0735621 -.0571197
T 2198  1 .5762039E+07   1488000E+01  .1793E+06 -.2507E+06   .9994542 -.0302548  .0132658
T 2199  1 .6091106E+07   1488000E+01  .1398E+05 -.6414E+06   .9995639  .0238591 -.0174022
T 2200  1 .5893890E+07   1488000E+01  .1122E+06  .3361E+06   .9998891 -.0144975 -.0034128
T 2201  1 .6458155E+07   1488000E+01 -.1025E+06  .6223E+05   .9994699  .0320834 -.0055240
T 2202  1 .6188150E+07   1488000E+01  .9381E+06 -.2353E+06   .9936380  .1125178  .0048176
T 2203  1 .5930135E+07   1488000E+01 -.8722E+06 -.2792E+06   .9966302 -.0768519 -.0286723
T 2204  1 .6753185E+07   1488000E+01 -.2144E+06 -.1697E+06   .9975525 -.0614388 -.0333794
T 2205  1 .6530414E+07   1488000E+01 -.3267E+06 -.3581E+06   .9956511 -.0493300 -.0790276
T 2206  1 .6916539E+07   1488000E+01 -.4850E+05 -.2610E+06   .9991861 -.0374135 -.0150808
T 2207  1 .6310906E+07   1488000E+01  .1656E+06  .1890E+05   .9956237  .0873915  .0331092
T 2208  1 .6542782E+07   1488000E+01  .3860E+06 -.3842E+06   .9961675  .0259738 -.0835202
T 2209  1 .6253276E+07   1488000E+01  .1180E+06 -.3186E+06   .9990400  .0149462 -.0411784
T 2210  1 .6218471E+07   1488000E+01  .6878E+05  .1145E+06   .9978982  .0579917  .0289159
T 2211  1 .6459834E+07   1488000E+01  .7592E+05 -.4584E+06   .9949722 -.0277725 -.0962236
T 2212  1 .6892198E+07   1488000E+01  .2279E+05  .2730E+06   .9993491  .0343105  .0111441
T 2213  1 .6576048E+07   1488000E+01 -.2714E+06  .4456E+06   .9962243 -.0777166  .0386959
T 2214  1 .6121147E+07   1488000E+01  .7016E+05  .2371E+05   .9996600  .0246398 -.0085288
T 2215  1 .6313131E+07   1488000E+01 -.3144E+06 -.3448E+06   .9966578 -.0505948 -.0641365
T 2216  1 .6473862E+07   1488000E+01  .7976E+05 -.3502E+05   .9996836  .0149050  .0202627
T 2217  1 .6856231E+07   1488000E+01  .3827E+06 -.1362E+06   .9975377  .0601488 -.0360633
T 2218  1 .5971954E+07   1488000E+01  .6801E+05  .7323E+05   .9992910  .0201769  .0317877
T 2219  1 .6673826E+07   1488000E+01 -.1896E+06 -.1732E+06   .9996620 -.0100545 -.0239756
T 2220  1 .6448536E+07   1488000E+01  .2895E+05 -.7834E+05   .9997328 -.0129583 -.0191405
T 2221  1 .6187394E+07   1488000E+01 -.3381E+06 -.2829E+06   .9973211 -.0588448 -.0434490
T 2222  1 .6236492E+07   1488000E+01 -.3221E+06  .2554E+06   .9982566  .0025764  .0589667
T 2223  1 .6318768E+07   1488000E+01  .1625E+06  .2558E+06   .9992579  .0238662  .0302347
T 2224  1 .6604702E+07   1488000E+01 -.1379E+06  .2886E+06   .9972154 -.0715788  .0209266
T 2225  1 .6347260E+07   1488000E+01 -.1746E+06  .2452E+06   .9910474 -.0200451  .1319974
T 2226  1 .6487444E+07   1488000E+01  .9873E+05 -.2667E+06   .9989394 -.0448522  .0104090
T 2227  1 .6015181E+07   1488000E+01  .2066E+06  .2020E+06   .9997138  .0032234 -.0237047
T 2228  1 .6105018E+07   1488000E+01 -.5595E+06  .2552E+05   .9948994 -.0348159  .0946732
T 2229  1 .6899012E+07   1488000E+01 -.1455E+05 -.1039E+06   .9997687 -.0116433  .0180811
T 2230  1 .6583029E+07   1488000E+01 -.4486E+05  .8671E+05   .9991110 -.0335873 -.0254769
T 2231  1 .6612823E+07   1488000E+01 -.1355E+05 -.2023E+05   .9988034 -.0452128 -.0186450
T 2232  1 .6372195E+07   1488000E+01  .2647E+06  .1648E+05   .9994545  .0186286 -.0272694
T 2233  1 .6854924E+07   1488000E+01  .2535E+06 -.3935E+06   .9999354  .0035902 -.0107800
T 2234  1 .5951373E+07   1488000E+01  .7131E+06  .7619E+06   .9962817  .0765366  .0395598
T 2235  1 .6746362E+07   1488000E+01  .1072E+06 -.1997E+06   .9944175  .0138361 -.1046057
T 2236  1 .6291025E+07   1488000E+01  .5880E+06  .5066E+05   .9937292  .1118055  .0013339
T 2237  1 .6274582E+07   1488000E+01 -.1031E+06  .2622E+06   .9982935 -.0412098  .0413734
T 2238  1 .6663156E+07   1488000E+01  .1727E+06  .1135E+06   .9997396  .0186930 -.0130867
T 2239  1 .5967143E+07   1488000E+01 -.1890E+06  .6016E+06   .9967660 -.0629409  .0499602
T 2240  1 .6534356E+07   1488000E+01  .3173E+06  .4452E+05   .9973360 -.0027415  .0728932
T 2241  1 .6371980E+07   1488000E+01 -.4577E+06  .8923E+06   .9960077 -.0495275  .0742679
T 2242  1 .6666302E+07   1488000E+01  .3162E+06 -.4150E+06   .9992852 -.0165242 -.0340013
T 2243  1 .6196303E+07   1488000E+01  .5087E+06 -.2129E+06   .9804836  .1947736  .0267433
T 2244  1 .6326048E+07   1488000E+01 -.6175E+06 -.8113E+06   .9968685 -.0718482 -.0330316
T 2245  1 .6572766E+07   1488000E+01  .1137E+06 -.1815E+06   .9983168  .0295750 -.0498891
T 2246  1 .6493667E+07   1488000E+01  .3568E+06  .5327E+06   .9952922  .0617903  .0746684
T 2247  1 .6424576E+07   1488000E+01 -.1314E+06  .2292E+05   .9943007 -.0887427  .0590841
T 2248  1 .6611460E+07   1488000E+01  .5801E+04  .2466E+06   .9984675 -.0065791  .0549482
T 2249  1 .6200030E+07   1488000E+01  .1636E+06  .5701E+06   .9987003 -.0169267  .0480741
T 2250  1 .6335214E+07   1488000E+01 -.1057E+06 -.1800E+06   .9998189  .0184200 -.0047885
T 2251  1 .6599916E+07   1488000E+01 -.1335E+05 -.2268E+06   .9994679 -.0322494 -.0048883
T 2252  1 .6343434E+07   1488000E+01 -.8177E+05  .7770E+05   .9998416  .0096061 -.0149840
T 2253  1 .6853181E+07   1488000E+01 -.1949E+06 -.1308E+06   .9992221 -.0361462 -.0157657
T 2254  1 .6342080E+07   1488000E+01 -.7755E+05  .3667E+06   .9991099 -.0415312  .0073913
T 2255  1 .5902926E+07   1488000E+01 -.2240E+06  .2470E+06   .9989238 -.0186856  .0424516
T 2256  1 .6673659E+07   1488000E+01  .3846E+06  .1965E+06   .9972725  .0618286  .0403075
T 2257  1 .6291437E+07   1488000E+01 -.2094E+06  .2493E+06   .9978379  .0495027 -.0432313
T 2258  1 .6394085E+07   1488000E+01 -.5136E+05  .4475E+06   .9981861  .0350896  .0489198
T 2259  1 .5982160E+07   1488000E+01  .1962E+06 -.4598E+05   .9975289  .0638263  .0293652
T 2260  1 .6248386E+07   1488000E+01 -.6533E+05  .1100E+07   .9896779  .0036626  .1432629
T 2261  1 .6515710E+07   1488000E+01  .2395E+06  .4385E+04   .9968940  .0787120 -.0026031
T 2262  1 .6429557E+07   1488000E+01  .1397E+06  .1336E+06   .9963928  .0077223  .0845090
T 2263  1 .6385115E+07   1488000E+01  .2005E+06 -.6444E+05   .9985679  .0253699  .0471012
T 2264  1 .6148343E+07   1488000E+01 -.4423E+06  .1032E+06   .9986458 -.0487152  .0182607
T 2265  1 .6235376E+07   1488000E+01  .9190E+05  .3098E+06   .9999992 -.0004383 -.0011564
T 2266  1 .6665651E+07   1488000E+01  .5414E+06  .4377E+06   .9994652  .0213318  .0247849
T 2267  1 .6817427E+07   1488000E+01 -.8813E+05  .2266E+06   .9989180 -.0143132  .0442484
T 2268  1 .6268208E+07   1488000E+01 -.2204E+06  .1832E+06   .9930817 -.0937621  .0706924
T 2269  1 .6378797E+07   1488000E+01  .3518E+06  .1673E+06   .9970335  .0528185  .0559866
T 2270  1 .6242355E+07   1488000E+01  .6325E+05  .4228E+06   .9958696 -.0053955  .0906346
T 2271  1 .6040577E+07   1488000E+01 -.1448E+06 -.1379E+06   .9909326 -.1316486 -.0268543
T 2272  1 .6516994E+07   1488000E+01  .1073E+06 -.1093E+06   .9971041  .0536170 -.0539326
T 2273  1 .6054382E+07   1488000E+01  .1298E+06 -.2752E+06   .9993815 -.0327851 -.0127202
T 2274  1 .6452043E+07   1488000E+01 -.2146E+06 -.4848E+05   .9984168 -.0378820 -.0415804
T 2275  1 .6243154E+07   1488000E+01 -.5278E+06  .5553E+05   .9957583 -.0919693  .0026652
T 2276  1 .6623227E+07   1488000E+01  .2162E+06  .9760E+05   .9921424  .0486868  .1152520
T 2277  1 .6702845E+07   1488000E+01 -.2183E+06 -.8761E+06   .9932810 -.0553661 -.1016242
T 2278  1 .6566676E+07   1488000E+01  .1023E+06  .1473E+06   .9997101  .0159370 -.0180479
T 2279  1 .6425573E+07   1488000E+01  .2115E+06 -.2231E+06   .9988166 -.0163052 -.0458210
T 2280  1 .6231238E+07   1488000E+01 -.4558E+06  .4197E+06   .9979130 -.0064263  .0642521
T 2281  1 .6699430E+07   1488000E+01 -.3982E+06  .2983E+06   .9992663 -.0343464  .0169471
T 2282  1 .6431150E+07   1488000E+01 -.2794E+06  .1116E+06   .9977062 -.0663252 -.0135421
T 2283  1 .6698212E+07   1488000E+01  .4035E+06  .7294E+05   .9976965  .0415715  .0536052
T 2284  1 .7152738E+07   1488000E+01  .3952E+06 -.4284E+06   .9973390  .0591278 -.0426470
T 2285  1 .5956186E+07   1488000E+01 -.3707E+06 -.1926E+06   .9992021 -.0399139 -.0014010
T 2286  1 .6689179E+07   1488000E+01 -.6602E+06  .5567E+06   .9966910 -.0559111  .0589993
T 2287  1 .6126017E+07   1488000E+01 -.5108E+06  .7917E+05   .9940886 -.1084734  .0046201
T 2288  1 .6355997E+07   1488000E+01  .2059E+06  .3724E+06   .9980341 -.0082984  .0621218
T 2289  1 .6344999E+07   1488000E+01  .1504E+06  .1847E+06   .9995585  .0250966  .0159028
T 2290  1 .5886893E+07   1488000E+01 -.9847E+05 -.3215E+05   .9998117  .0167594  .0097810
T 2291  1 .5834304E+07   1488000E+01 -.6273E+06  .1349E+06   .9925855 -.1155207  .0378025
T 2292  1 .6320630E+07   1488000E+01  .8922E+05 -.3427E+06   .9981605 -.0223814 -.0563447
T 2293  1 .5960015E+07   1488000E+01 -.2167E+07  .5821E+06   .9567865 -.2844781  .0602648
T 2294  1 .6170345E+07   1488000E+01 -.8483E+05 -.1655E+06   .9995743 -.0278453  .0087062
T 2295  1 .6662084E+07   1488000E+01 -.7597E+05  .1244E+05   .9985868  .0066044  .0527331
T 2296  1 .6658642E+07   1488000E+01  .2409E+06 -.1103E+06   .9994102  .0109499 -.0325490
T 2297  1 .6826803E+07   1488000E+01  .1355E+06  .4821E+06   .9992462 -.0272091  .0276877
T 2298  1 .6427980E+07   1488000E+01  .4470E+06  .2435E+06   .9972011  .0666937  .0337909
T 2299  1 .6320024E+07   1488000E+01 -.2195E+05  .3368E+06   .9991126  .0037629  .0419507
T 2300  1 .6508316E+07   1488000E+01 -.1750E+06 -.7586E+06   .9927867  .0016086 -.1198835
T 2301  1 .6290976E+07   1488000E+01 -.6738E+05 -.9255E+04   .9998102 -.0162956  .0106797
T 2302  1 .6164558E+07   1488000E+01 -.3072E+06  .4765E+06   .9831662 -.0669224  .1700166
T 2303  1 .7155974E+07   1488000E+01 -.5112E+06  .3241E+06   .9962996 -.0535094  .0672594
T 2304  1 .6594678E+07   1488000E+01 -.3146E+06 -.8177E+05   .9972275 -.0276841  .0690716
T 2305  1 .6415888E+07   1488000E+01  .4080E+06 -.2934E+05   .9971665  .0199021  .0725452
T 2306  1 .6185866E+07   1488000E+01 -.5765E+06 -.6379E+06   .9936316 -.0160691 -.1115257
T 2307  1 .6378748E+07   1488000E+01 -.1084E+06 -.9143E+05   .9987964 -.0199956 -.0447874
T 2308  1 .6802584E+07   1488000E+01  .3799E+06  .2800E+06   .9982097  .0457475  .0385296
T 2309  1 .6406462E+07   1488000E+01  .1445E+07 -.1389E+07   .9600921  .2018612 -.1935850
T 2310  1 .6570566E+07   1488000E+01  .4338E+06  .7096E+05   .9964243  .0674025  .0509468
T 2311  1 .6545536E+07   1488000E+01 -.3239E+06  .5206E+06   .9975236 -.0210706  .0671020
T 2312  1 .6144216E+07   1488000E+01 -.6787E+06  .8547E+06   .9889576 -.0782233  .1258725
T 2313  1 .6439301E+07   1488000E+01  .7331E+05  .4185E+05   .9988744 -.0423387 -.0213851
T 2314  1 .6297253E+07   1488000E+01 -.4214E+06 -.2084E+06   .9959243 -.0844977 -.0315441
T 2315  1 .6281414E+07   1488000E+01 -.3109E+06  .2213E+05   .9989053 -.0379175 -.0273953
T 2316  1 .6412964E+07   1488000E+01  .1916E+05 -.7631E+05   .9985193  .0543983 -.0002587
T 2317  1 .6222772E+07   1488000E+01  .3640E+06  .6827E+06   .9944259  .0540126  .0905523
T 2318  1 .6192702E+07   1488000E+01  .1970E+06 -.4388E+06   .9970380  .0767927  .0042603
T 2319  1 .6960234E+07   1488000E+01 -.1072E+05  .1450E+05   .9991485  .0324210 -.0255193
T 2320  1 .6036028E+07   1488000E+01 -.1758E+06 -.1658E+06   .9966912 -.0766439 -.0270613
T 2321  1 .6212812E+07   1488000E+01  .6627E+05 -.4108E+06   .9993630 -.0355544 -.0030805
T 2322  1 .6196431E+07   1488000E+01  .1315E+06 -.3522E+06   .9977938 -.0387878 -.0538802
T 2323  1 .5797871E+07   1488000E+01  .8615E+05  .1541E+06   .9993105 -.0313500  .0198908
T 2324  1 .6024764E+07   1488000E+01  .1416E+06  .6743E+06   .9982375  .0366091  .0467093
T 2325  1 .6623534E+07   1488000E+01 -.3617E+05  .5842E+05   .9989467  .0452306  .0077295
T 2326  1 .6625805E+07   1488000E+01  .2846E+06  .1856E+05   .9988123  .0453148  .0179038
T 2327  1 .6615593E+07   1488000E+01  .3379E+06 -.3528E+06   .9976552  .0684138 -.0019163
T 2328  1 .6468641E+07   1488000E+01 -.4890E+06  .1847E+06   .9956811 -.0902490 -.0217771
T 2329  1 .6440913E+07   1488000E+01 -.2845E+06 -.3214E+05   .9998463 -.0160917 -.0069631
T 2330  1 .6442355E+07   1488000E+01 -.2458E+06 -.9044E+05   .9979407 -.0626162 -.0139131
T 2331  1 .5659905E+07   1488000E+01  .1222E+07 -.1940E+07   .9118092  .2526538 -.3236820
T 2332  1 .6462278E+07   1488000E+01 -.1746E+06 -.4327E+06   .9939150 -.0753747 -.0803220
T 2333  1 .6897896E+07   1488000E+01 -.6004E+06 -.5308E+06   .9898076 -.1167439 -.0815584
T 2334  1 .6501860E+07   1488000E+01 -.7031E+05 -.4563E+05   .9995126  .0311933 -.0012083
T 2335  1 .6492596E+07   1488000E+01 -.2936E+06  .6336E+05   .9974980 -.0495359 -.0504365
T 2336  1 .5926000E+07   1488000E+01  .7670E+06  .5239E+06   .9975631  .0582999  .0383283
T 2337  1 .6682288E+07   1488000E+01 -.3062E+04  .2948E+06   .9986265 -.0203611  .0482763
T 2338  1 .6164711E+07   1488000E+01  .1152E+06  .3715E+05   .9983868  .0553294  .0127456
T 2339  1 .6701421E+07   1488000E+01 -.2592E+06  .7671E+05   .9898118 -.0235400 -.1404224
T 2340  1 .6596954E+07   1488000E+01 -.8016E+05  .1927E+06   .9985400 -.0504422  .0193259
T 2341  1 .6464757E+07   1488000E+01  .2777E+06  .6737E+05   .9962873  .0825279  .0245093
T 2342  1 .6187230E+07   1488000E+01  .4335E+06 -.1363E+06   .9988571  .0477163 -.0027517
T 2343  1 .5849209E+07   1488000E+01 -.4410E+05  .4882E+05   .9998823  .0071217 -.0135868
T 2344  1 .6397321E+07   1488000E+01 -.3706E+06 -.3103E+06   .9967336 -.0536199 -.0603900
T 2345  1 .5983485E+07   1488000E+01 -.5931E+06  .6781E+05   .9971728 -.0730489  .0176146
T 2346  1 .6230397E+07   1488000E+01  .3358E+06 -.5322E+06   .9869970  .1204443 -.1064433
T 2347  1 .6767717E+07   1488000E+01  .5913E+06 -.3586E+06   .9980123  .0626197  .0070826
T 2349  1 .5892764E+07   1488000E+01  .3575E+06 -.1775E+05   .9998895  .0076196 -.0127629
T 2350  1 .5786752E+07   1488000E+01 -.1674E+06  .3126E+06   .8449832  .2262997  .4845533
T 2351  1 .6816152E+07   1488000E+01 -.2568E+06  .3209E+06   .9954927 -.0618352  .0719072
T 2352  1 .6625261E+07   1488000E+01 -.7586E+06  .9325E+06   .9907639 -.0636934  .1197085
T 2353  1 .6679431E+07   1488000E+01 -.7949E+05  .1283E+06   .9990329  .0175266  .0403253
T 2354  1 .6105009E+07   1488000E+01 -.1595E+06  .2767E+06   .9986896 -.0338114  .0384172
T 2355  1 .6012075E+07   1488000E+01 -.4107E+06 -.1444E+06   .9979055 -.0636418 -.0115869
T 2356  1 .6212055E+07   1488000E+01  .3426E+06 -.2250E+06   .9985018  .0280894 -.0469583
T 2357  1 .6758528E+07   1488000E+01  .5052E+06 -.4144E+06   .9991004  .0392403 -.0160788
T 2358  1 .6581053E+07   1488000E+01  .3788E+05  .4343E+06   .9765040  .0418039  .2114057
T 2359  1 .6393266E+07   1488000E+01 -.2077E+06 -.2795E+06   .9991068 -.0400043 -.0136119
T 2360  1 .6834368E+07   1488000E+01 -.5747E+06  .9533E+05   .9960901 -.0840719  .0271357
T 2361  1 .6357800E+07   1488000E+01  .4660E+06 -.2505E+06   .9893215  .1111550  .0942734
T 2362  1 .6638567E+07   1488000E+01 -.4786E+06  .3366E+05   .9987433 -.0383871  .0322221
T 2363  1 .6492314E+07   1488000E+01 -.9963E+05 -.4423E+06   .9964377 -.0241494 -.0808004
T 2364  1 .6443100E+07   1488000E+01 -.6200E+06 -.2161E+06   .9935293 -.1135498  .0024383
T 2365  1 .6488062E+07   1488000E+01 -.1992E+06 -.3751E+06   .9999131 -.0083655 -.0101877
T 2366  1 .6517490E+07   1488000E+01 -.3346E+06  .8388E+06   .9973409 -.0419015  .0596263
T 2367  1 .6469768E+07   1488000E+01  .7139E+06  .3419E+06   .9898909  .1086644  .0911482
T 2368  1 .6251610E+07   1488000E+01 -.8365E+06 -.4200E+06   .9968215 -.0669429 -.0431919
T 2369  1 .6646706E+07   1488000E+01 -.1403E+06  .4937E+06   .9972831 -.0319525  .0663729
T 2370  1 .6847991E+07   1488000E+01  .9061E+06  .2425E+06   .9951218  .0983330 -.0079502
T 2371  1 .6138763E+07   1488000E+01  .9885E+05 -.8649E+05   .9998001 -.0123362 -.0157349
T 2372  1 .5885998E+07   1488000E+01  .1921E+06 -.2955E+06   .9987548  .0278843 -.0413680
T 2373  1 .6153502E+07   1488000E+01 -.1074E+06 -.1175E+06   .9997676  .0163680 -.0140333
T 2374  1 .6687375E+07   1488000E+01  .1287E+06 -.8104E+05   .9977269  .0638235  .0216225
T 2375  1 .6315790E+07   1488000E+01  .9464E+05 -.1697E+06   .9952386 -.0869365 -.0440705
T 2376  1 .6124959E+07   1488000E+01  .6513E+06 -.7522E+05   .9915444  .1239598 -.0383898
T 2377  1 .6425690E+07   1488000E+01 -.1468E+06 -.4387E+06   .9974246 -.0420673 -.0580903
T 2378  1 .6130538E+07   1488000E+01  .2310E+06 -.8150E+05   .9985635 -.0409512  .0345523
T 2379  1 .6268848E+07   1488000E+01  .1551E+05  .6303E+06   .9989996 -.0261149  .0363023
T 2380  1 .6069384E+07   1488000E+01 -.2403E+06  .2003E+06   .9992476 -.0384186  .0053108
T 2381  1 .6483384E+07   1488000E+01  .9424E+05 -.1732E+05   .9990475 -.0204861 -.0385292
T 2382  1 .6412335E+07   1488000E+01 -.6835E+05  .8954E+05   .9999944  .0032775 -.0006559
T 2383  1 .6465536E+07   1488000E+01 -.1504E+06 -.6428E+05   .9990681 -.0069165  .0426036
T 2384  1 .6239183E+07   1488000E+01  .9244E+05  .2277E+06   .9960659  .0513465 -.0722241
T 2385  1 .7097322E+07   1488000E+01  .2226E+06 -.2168E+06   .9999213  .0107244  .0065167
T 2386  1 .6019206E+07   1488000E+01  .3442E+06  .5375E+06   .9790961  .0838577  .1853070
T 2387  1 .6008268E+07   1488000E+01 -.7298E+04  .3228E+06   .9988826 -.0382827  .0277115
T 2388  1 .6601534E+07   1488000E+01  .2562E+06 -.1671E+06   .9974064  .0626029  .0355157
T 2389  1 .6442729E+07   1488000E+01 -.2770E+06  .1427E+06   .9993508 -.0144437  .0330057
T 2390  1 .6261337E+07   1488000E+01  .3836E+06  .7471E+04   .9982117  .0594574  .0061860
T 2391  1 .6652409E+07   1488000E+01  .4615E+06  .1553E+06   .9940991  .1046457  .0285684
T 2392  1 .6333068E+07   1488000E+01 -.7568E+05 -.3703E+06   .9992629 -.0322141 -.0208784
T 2393  1 .6137930E+07   1488000E+01  .8842E+06 -.2627E+06   .9966330  .0819424 -.0028585
T 2394  1 .6654152E+07   1488000E+01 -.1024E+06  .1403E+06   .9987523  .0171036  .0469183
T 2395  1 .6398689E+07   1488000E+01  .2992E+06 -.2805E+06   .9935967  .0818460 -.0778893
T 2396  1 .5985527E+07   1488000E+01  .6456E+05 -.2588E+06   .9958035  .0001930 -.0915174
T 2397  1 .6401277E+07   1488000E+01  .2091E+06 -.6863E+05   .9994327  .0334973 -.0035008
T 2398  1 .6288078E+07   1488000E+01 -.2650E+06 -.1604E+06   .9982787 -.0554770 -.0190243
T 2399  1 .6557871E+07   1488000E+01 -.1530E+06 -.8954E+05   .9951623 -.0982222  .0020940
T 2400  1 .6633493E+07   1488000E+01 -.1408E+06 -.1500E+06   .9971226 -.0356054 -.0669244
T 2401  1 .6415888E+07   1488000E+01 -.5035E+06 -.4199E+06   .9968128 -.0679343 -.0418231
T 2402  1 .7037683E+07   1488000E+01 -.7359E+05 -.2280E+06   .9976249 -.0685046 -.0071862
T 2403  1 .6210910E+07   1488000E+01  .4842E+06 -.1575E+06   .9979029  .0549115 -.0342718
T 2404  1 .6494802E+07   1488000E+01 -.1498E+06  .2592E+05   .9976351 -.0305577 -.0615659
T 2405  1 .6324515E+07   1488000E+01  .7556E+06 -.1213E+06   .9927531  .1010414 -.0650527
T 2406  1 .6430951E+07   1488000E+01  .1098E+06 -.1127E+06   .9996561  .0182903  .0187902
T 2407  1 .6059567E+07   1488000E+01  .3185E+06  .6666E+05   .9978878  .0340921  .0552955
T 2408  1 .5963297E+07   1488000E+01  .4731E+06  .1229E+05   .9998622  .0146395  .0078293
T 2409  1 .6966295E+07   1488000E+01  .9865E+05  .7865E+05   .9994344  .0270583 -.0199659
T 2410  1 .6504901E+07   1488000E+01  .2436E+06 -.1160E+06   .9997979  .0190346 -.0064710
T 2411  1 .6342368E+07   1488000E+01 -.2216E+06  .1405E+06   .9971992 -.0693669  .0279630
T 2412  1 .5929917E+07   1488000E+01 -.2442E+07 -.7958E+06   .9845412 -.1721989 -.0320324
T 2413  1 .5706197E+07   1488000E+01  .7242E+05  .6503E+06   .9965929 -.0370408  .0736927
T 2414  1 .6003251E+07   1488000E+01 -.4014E+06  .5786E+06   .9965954 -.0579441  .0586529
T 2415  1 .6461037E+07   1488000E+01  .2366E+06  .1923E+06   .9976779 -.0524990 -.0433900
T 2416  1 .6314178E+07   1488000E+01 -.4243E+05  .2755E+06   .9994443 -.0176028  .0283065
T 2417  1 .5865117E+07   1488000E+01  .4922E+05  .1843E+06   .9997962 -.0084095 -.0183532
T 2418  1 .6135053E+07   1488000E+01  .4899E+06  .2323E+06   .9878675  .1374390  .0723073
T 2419  1 .6716992E+07   1488000E+01 -.5245E+05 -.3156E+06   .9994070  .0084511 -.0333790
T 2420  1 .5715424E+07   1488000E+01 -.5129E+06  .3362E+05   .9934010 -.0795047 -.0826646
T 2421  1 .6278186E+07   1488000E+01 -.3852E+06  .1357E+06   .9986727 -.0428733  .0285434
T 2422  1 .6473211E+07   1488000E+01 -.7612E+04  .3837E+06   .9854822 -.0313075  .1668672
T 2423  1 .6375765E+07   1488000E+01  .8850E+05  .1678E+06   .9999070  .0132101 -.0033863
T 2424  1 .6675040E+07   1488000E+01  .2286E+06  .1927E+05   .9980229  .0469839  .0417469
T 2425  1 .6768744E+07   1488000E+01  .4946E+06 -.3852E+06   .9966726  .0497807 -.0645419
T 2426  1 .6408870E+07   1488000E+01 -.8616E+06 -.4604E+06   .9808962 -.1842170 -.0625037
T 2427  1 .6015232E+07   1488000E+01  .1404E+06  .1358E+06   .9995095  .0300098 -.0089561
T 2428  1 .6580085E+07   1488000E+01  .3035E+06 -.1340E+06   .9986264  .0505248 -.0138772
T 2429  1 .6534115E+07   1488000E+01  .4704E+05  .1133E+06   .9995532  .0079644 -.0288087
T 2430  1 .6680968E+07   1488000E+01  .2490E+05  .5651E+06   .9975972  .0079462  .0688241
T 2431  1 .6123140E+07   1488000E+01 -.3431E+05 -.5557E+06   .9991801 -.0282710 -.0289805
T 2432  1 .6423543E+07   1488000E+01  .2803E+05  .1380E+06   .9978156 -.0164853  .0639704
T 2433  1 .6870839E+07   1488000E+01 -.4584E+06  .4586E+05   .9955168 -.0675430 -.0662139
T 2434  1 .6152604E+07   1488000E+01  .6844E+06  .3614E+06   .9952856  .0690232  .0681346
T 2435  1 .6658368E+07   1488000E+01 -.4617E+06 -.2959E+06   .9984332 -.0515396  .0217900
T 2436  1 .6585404E+07   1488000E+01  .2126E+06 -.4001E+05   .9996051  .0195719 -.0201632
T 2437  1 .6256767E+07   1488000E+01 -.6964E+06 -.6245E+06   .9899318 -.1126452 -.0857088
T 2438  1 .6472168E+07   1488000E+01 -.1510E+06 -.4666E+05   .9992671  .0075625  .0375234
T 2439  1 .6348402E+07   1488000E+01 -.4305E+06  .3493E+06   .9977065 -.0484351  .0472835
T 2440  1 .6399808E+07   1488000E+01  .3643E+06  .4231E+05   .9988283  .0217128  .0432496
T 2441  1 .6738146E+07   1488000E+01  .4116E+06 -.6244E+06   .9970434 -.0015443 -.0768247
T 2442  1 .6531884E+07   1488000E+01  .7086E+06  .2115E+06   .9977994  .0657602 -.0084864
T 2443  1 .6383044E+07   1488000E+01  .2481E+06 -.4023E+05   .9989890  .0388221  .0226669
T 2444  1 .6304719E+07   1488000E+01 -.3865E+06 -.3813E+06   .9991979 -.0264584 -.0300589
T 2445  1 .5958776E+07   1488000E+01 -.2203E+05  .2517E+06   .9998822  .0099038 -.0117239
T 2446  1 .5760306E+07   1488000E+01 -.1090E+06 -.8778E+06   .9418461  .1131526 -.3164213
T 2447  1 .6359457E+07   1488000E+01 -.4425E+06  .8800E+05   .9944956 -.0682015  .0795427
T 2448  1 .6149550E+07   1488000E+01  .5199E+06  .1106E+06   .9997973  .0160376 -.0121738
T 2449  1 .6546428E+07   1488000E+01  .6522E+06  .3354E+06   .9957504  .0809470  .0439164
T 2450  1 .6735535E+07   1488000E+01  .4178E+06  .3820E+06   .9960168  .0626262  .0634708
T 2451  1 .6672002E+07   1488000E+01  .3308E+06 -.4950E+06   .9988372  .0196684 -.0440149
T 2452  1 .6300268E+07   1488000E+01 -.9371E+05 -.2459E+06   .9999294 -.0118601  .0007425
T 2453  1 .6611017E+07   1488000E+01 -.4230E+06 -.8872E+05   .9984390 -.0543262 -.0129742
T 2454  1 .6436716E+07   1488000E+01 -.1200E+06 -.1521E+06   .9997920  .0095593 -.0180136
T 2455  1 .6485780E+07   1488000E+01  .4784E+06 -.2183E+06   .9971709  .0559524 -.0501949
T 2456  1 .6635521E+07   1488000E+01 -.3115E+06  .3413E+06   .9995925 -.0284381  .0024564
T 2457  1 .6930437E+07   1488000E+01 -.4201E+05 -.6245E+06   .9947667 -.0642518 -.0794413
T 2458  1 .6324569E+07   1488000E+01 -.1426E+07  .8679E+06   .9783442 -.2035451  .0375774
T 2459  1 .6047721E+07   1488000E+01  .6829E+06  .3993E+06   .9969892  .0635148  .0444799
T 2460  1 .5984718E+07   1488000E+01  .2512E+06 -.3834E+06   .9982399  .0310203 -.0505463
T 2461  1 .6712219E+07   1488000E+01 -.2367E+05 -.1838E+06   .9999359 -.0035142 -.0107609
T 2462  1 .6114272E+07   1488000E+01 -.2322E+06  .2969E+06   .9990473 -.0436170  .0014629
T 2463  1 .6472907E+07   1488000E+01  .1447E+06 -.6462E+06   .9941363  .0097368 -.1076948
T 2464  1 .6014931E+07   1488000E+01  .6954E+05 -.4616E+06   .9985132  .0169160 -.0518197
T 2465  1 .6465138E+07   1488000E+01  .2521E+06 -.7330E+06   .9922078  .0706350 -.1026376
T 2466  1 .6260178E+07   1488000E+01 -.2781E+05 -.5201E+06   .9991690 -.0105644 -.0393666
T 2467  1 .6227773E+07   1488000E+01 -.2676E+06  .5470E+05   .9985272  .0062229 -.0538958
T 2468  1 .6661476E+07   1488000E+01  .1039E+06 -.5905E+05   .9979551  .0638595  .0027570
T 2469  1 .6149320E+07   1488000E+01  .9186E+05  .2219E+04   .9986629 -.0127080  .0501086
T 2470  1 .6677285E+07   1488000E+01  .2260E+06 -.4225E+06   .9915154  .0252564 -.1275122
T 2471  1 .6206581E+07   1488000E+01  .3555E+06 -.3307E+05   .9976599  .0609308  .0310182
T 2472  1 .5893406E+07   1488000E+01  .6469E+06 -.2551E+07   .9634397  .0762929 -.2568335
T 2473  1 .6497331E+07   1488000E+01  .2749E+06 -.1226E+06   .9964271  .0843118 -.0049579
T 2474  1 .6800384E+07   1488000E+01  .1152E+05 -.1661E+05   .9973427 -.0487337 -.0541526
T 2475  1 .6121112E+07   1488000E+01 -.1449E+06 -.3954E+06   .9945225  .0016128 -.1045103
T 2476  1 .6755890E+07   1488000E+01  .2298E+06  .3104E+06   .9992997  .0364363 -.0085119
T 2477  1 .6612358E+07   1488000E+01 -.1737E+06  .1242E+06   .9989085 -.0226475  .0408529
T 2478  1 .6440039E+07   1488000E+01 -.9987E+05  .2661E+06   .9997643 -.0109397 -.0187505
T 2479  1 .6925616E+07   1488000E+01 -.4682E+06 -.8304E+05   .9967103 -.0797137 -.0146395
T 2480  1 .6335662E+07   1488000E+01 -.5078E+06 -.8788E+04   .9952240 -.0882066  .0418193
T 2481  1 .6107725E+07   1488000E+01  .1253E+07  .9995E+06   .9935881  .0476177  .1025436
T 2482  1 .6851257E+07   1488000E+01 -.2025E+06  .8769E+05   .9975429 -.0546054  .0438899
T 2483  1 .5892208E+07   1488000E+01 -.4295E+06  .1347E+06   .9984202 -.0555762  .0082741
T 2484  1 .6748203E+07   1488000E+01 -.2819E+06 -.3675E+06   .9985535 -.0264456 -.0468130
T 2485  1 .6435401E+07   1488000E+01 -.1864E+06 -.5013E+06   .9994335 -.0336530  .0002464
T 2486  1 .6650460E+07   1488000E+01 -.2107E+06  .2217E+06   .9968255 -.0498178  .0621057
T 2487  1 .6254437E+07   1488000E+01 -.5110E+06  .2040E+06   .9944425 -.1052506 -.0025526
T 2488  1 .6623836E+07   1488000E+01  .2631E+06 -.5566E+05   .9987633  .0289090 -.0404492
T 2489  1 .6621371E+07   1488000E+01  .2895E+04  .1497E+06   .9979069 -.0248606  .0596980
T 2490  1 .6658494E+07   1488000E+01 -.2866E+06 -.2195E+06   .9986068  .0005417 -.0527647
T 2491  1 .6005934E+07   1488000E+01  .6671E+05 -.2540E+06   .9988220  .0261445 -.0408791
T 2492  1 .6490016E+07   1488000E+01  .1184E+06 -.1910E+06   .9998403 -.0101184 -.0147301
T 2493  1 .6260975E+07   1488000E+01 -.5130E+06  .5367E+06   .9981305 -.0183198  .0583082
T 2494  1 .6520825E+07   1488000E+01 -.2007E+06  .5678E+06   .9987346 -.0113253  .0489994
T 2495  1 .6493721E+07   1488000E+01  .1915E+06 -.2005E+06   .9992597 -.0172249 -.0344010
T 2496  1 .6098448E+07   1488000E+01 -.1432E+05 -.5457E+06   .9965192 -.0446136 -.0704205
T 2497  1 .6309199E+07   1488000E+01  .7625E+05 -.2049E+06   .9941017 -.0496131 -.0964381
T 2498  1 .6250718E+07   1488000E+01  .4005E+05  .3571E+06   .9989625  .0450127  .0069156
T 2499  1 .6699254E+07   1488000E+01 -.3807E+06 -.4236E+05   .9993627 -.0349711 -.0071498
T 2500  1 .6134270E+07   1488000E+01 -.3251E+06 -.1103E+07   .9978505 -.0183565 -.0629084
T 2501  1 .6869648E+07   1488000E+01 -.2508E+06  .1016E+05   .9991921 -.0392821  .0084877
T 2502  1 .6352933E+07   1488000E+01  .1232E+05 -.1511E+05   .9998467  .0155114 -.0081284
T 2503  1 .6497148E+07   1488000E+01 -.1894E+06  .2479E+06   .9943839 -.1028165  .0250867
T 2504  1 .6876849E+07   1488000E+01 -.3380E+06  .4026E+04   .9996104 -.0196153  .0198546
T 2505  1 .6325190E+07   1488000E+01  .1955E+06 -.2309E+06   .9985127 -.0488088 -.0242912
T 2506  1 .6295957E+07   1488000E+01  .2584E+06 -.3954E+05   .9994858  .0257573  .0190956
T 2507  1 .6735721E+07   1488000E+01 -.5167E+06  .1799E+06   .9978944 -.0645425 -.0064024
T 2508  1 .6434015E+07   1488000E+01  .1344E+06  .1217E+06   .9994600  .0328538 -.0006351
T 2509  1 .6458046E+07   1488000E+01  .9639E+05 -.1125E+06   .9993081 -.0336330 -.0158769
T 2510  1 .6055090E+07   1488000E+01  .2372E+06  .1016E+06   .9965365  .0402704  .0727547
T 2511  1 .6177910E+07   1488000E+01 -.2214E+06  .1158E+06   .9924681 -.1111463 -.0515135
T 2512  1 .6805243E+07   1488000E+01  .2449E+06  .3871E+06   .9962755  .0772154  .0383798
T 2513  1 .6610784E+07   1488000E+01 -.1907E+06  .4305E+05   .9978611 -.0652497  .0039694
T 2514  1 .6708770E+07   1488000E+01  .3919E+06  .8776E+05   .9977706  .0666568  .0032601
T 2515  1 .7088447E+07   1488000E+01 -.4003E+06 -.5156E+05   .9986806 -.0269014 -.0437427
T 2516  1 .6144483E+07   1488000E+01  .8298E+06  .7714E+05   .9951283  .0905730  .0389392
T 2517  1 .6885551E+07   1488000E+01 -.4872E+06  .2210E+06   .9969307 -.0583969  .0521430
T 2518  1 .6347948E+07   1488000E+01 -.6123E+05  .1215E+06   .9958723  .0576401  .0701136
T 2519  1 .6423850E+07   1488000E+01  .3561E+05  .6444E+05   .9997386  .0177108  .0144615
T 2520  1 .5975969E+07   1488000E+01 -.1601E+06 -.1136E+06   .9991472 -.0227768 -.0344398
T 2521  1 .6188053E+07   1488000E+01 -.3744E+06  .6820E+05   .9956967 -.0585480  .0718345
T 2522  1 .6662489E+07   1488000E+01 -.1827E+06  .4730E+06   .9987646  .0357324  .0345334
T 2523  1 .6363472E+07   1488000E+01  .3973E+05 -.3025E+06   .9986457  .0246323 -.0458262
T 2524  1 .6477433E+07   1488000E+01 -.3314E+06 -.1033E+06   .9999021  .0119433 -.0072971
T 2525  1 .5363627E+07   1488000E+01 -.3054E+06 -.8508E+06   .9923963 -.0736346 -.0986284
T 2526  1 .6189102E+07   1488000E+01  .1585E+06 -.3356E+06   .9994933  .0221930 -.0228171
T 2527  1 .6569454E+07   1488000E+01 -.3282E+06 -.9494E+05   .9971223 -.0758049 -.0008105
T 2528  1 .5842131E+07   1488000E+01  .7159E+06  .2414E+04   .9975733  .0695652  .0028597
T 2529  1 .6647260E+07   1488000E+01 -.2506E+06 -.4120E+06   .9974550 -.0467444 -.0538367
T 2530  1 .5918760E+07   1488000E+01  .1086E+06 -.3125E+05   .9976801 -.0315310  .0603341
T 2531  1 .7064261E+07   1488000E+01  .1123E+07  .8967E+05   .9893702  .1450962  .0096786
T 2532  1 .6191998E+07   1488000E+01 -.6722E+05 -.1430E+06   .9990809 -.0163819 -.0396105
T 2533  1 .6724047E+07   1488000E+01  .1198E+06  .2413E+06   .9991008  .0378069  .0191871
T 2534  1 .6138879E+07   1488000E+01 -.2033E+06 -.1431E+06   .9993619 -.0168795 -.0314786
T 2535  1 .6620661E+07   1488000E+01 -.7141E+06 -.3085E+06   .9945740 -.1039550 -.0039816
T 2536  1 .6397114E+07   1488000E+01  .2397E+06 -.3896E+06   .9992133  .0035399 -.0395004
T 2537  1 .6325412E+07   1488000E+01  .2615E+06  .7983E+06   .9933732  .0203990  .1131085
T 2538  1 .6244130E+07   1488000E+01  .2661E+06 -.3971E+06   .9981708  .0069683 -.0600539
T 2539  1 .6437429E+07   1488000E+01 -.3523E+06  .3015E+06   .9973899 -.0395912  .0603809
T 2540  1 .6361380E+07   1488000E+01 -.3608E+06 -.2313E+06   .9970206 -.0708629  .0304680
T 2541  1 .6281548E+07   1488000E+01 -.5823E+05 -.5257E+06   .9980698 -.0187316 -.0592101
T 2542  1 .6372149E+07   1488000E+01 -.2479E+05  .7770E+06   .9950531  .0240402  .0963918
T 2543  1 .5931106E+07   1488000E+01  .3423E+06  .2092E+05   .9997575 -.0061774 -.0211386
T 2544  1 .5793116E+07   1488000E+01  .1303E+06 -.1643E+06   .9999495 -.0077533 -.0063865
T 2545  1 .6047764E+07   1488000E+01 -.2967E+06 -.2055E+05   .9983534 -.0572059 -.0042417
T 2546  1 .6044436E+07   1488000E+01 -.1868E+06  .3165E+06   .9974867 -.0338746  .0622320
T 2547  1 .6025796E+07   1488000E+01 -.2405E+06 -.4564E+06   .9939261 -.0950989 -.0553820
T 2548  1 .6317072E+07   1488000E+01 -.4603E+05  .1173E+06   .9998233 -.0176629 -.0064317
T 2549  1 .6836752E+07   1488000E+01 -.3365E+06 -.5287E+06   .9982037 -.0408731 -.0438041
T 2550  1 .6464890E+07   1488000E+01  .9308E+05  .4103E+06   .9872997 -.0499617  .1508080
T 2551  1 .6269438E+07   1488000E+01 -.4991E+05  .1958E+06   .9918759  .0263885  .1244420
T 2552  1 .6574608E+07   1488000E+01 -.6751E+06  .1854E+06   .9961498 -.0740067  .0469966
T 2553  1 .6106959E+07   1488000E+01 -.9808E+05 -.7059E+06   .9942613 -.0023172 -.1069536
T 2554  1 .6703787E+07   1488000E+01  .4470E+06 -.1667E+06   .9980924  .0595478 -.0162992
T 2555  1 .6743050E+07   1488000E+01  .2447E+06  .6381E+05   .9994636  .0318597  .0075816
T 2556  1 .6631957E+07   1488000E+01 -.3548E+05 -.9675E+06   .9949780  .0095471 -.0996372
T 2557  1 .6221148E+07   1488000E+01  .4573E+05 -.3812E+06   .9981718  .0281001 -.0535112
T 2558  1 .5988644E+07   1488000E+01 -.2307E+06 -.3108E+06   .9988250  .0296779 -.0383119
T 2559  1 .6890438E+07   1488000E+01 -.2648E+06  .2819E+05   .9987669 -.0479421  .0128947
T 2560  1 .6601497E+07   1488000E+01  .2194E+06 -.1513E+06   .9998348 -.0160695 -.0084987
T 2561  1 .6755462E+07   1488000E+01 -.8957E+05  .4761E+06   .9976714  .0063040  .0679113
T 2562  1 .6180266E+07   1488000E+01  .4218E+06 -.3846E+05   .9972659  .0738968 -.0001292
T 2563  1 .6557619E+07   1488000E+01 -.4010E+06 -.2467E+06   .9995542 -.0296891  .0031434
T 2564  1 .6184734E+07   1488000E+01 -.2126E+06  .2532E+04   .9997624 -.0214481  .0038913
T 2565  1 .6160937E+07   1488000E+01 -.2922E+06 -.6606E+06   .9978549 -.0530740 -.0383247
T 2566  1 .5661444E+07   1488000E+01 -.3854E+05  .5932E+06   .9994421  .0260462  .0209067
T 2567  1 .6429823E+07   1488000E+01  .8205E+05 -.6346E+06   .9926389  .0266237 -.1181489
T 2568  1 .6500512E+07   1488000E+01 -.6923E+05 -.2026E+06   .9996677  .0062354 -.0250113
T 2569  1 .6181748E+07   1488000E+01  .3250E+06 -.2307E+06   .9986785  .0363864 -.0362956
T 2570  1 .6608272E+07   1488000E+01  .3222E+05 -.3492E+06   .9933095 -.0111437 -.1149441
T 2571  1 .6214760E+07   1488000E+01 -.2788E+06  .1131E+06   .9998636 -.0163480  .0023355
T 2572  1 .6219767E+07   1488000E+01 -.1354E+06 -.1695E+06   .9985048  .0087586 -.0539577
T 2573  1 .6570253E+07   1488000E+01 -.7790E+05 -.5101E+04   .9996625 -.0100831  .0239433
T 2574  1 .5976896E+07   1488000E+01  .3255E+05  .1003E+07   .9878138  .0810357  .1328804
T 2575  1 .5982194E+07   1488000E+01 -.4684E+06 -.2471E+06   .9984731 -.0410486 -.0369667
T 2576  1 .6305657E+07   1488000E+01  .1158E+06  .3202E+06   .9979626 -.0277581  .0574463
T 2577  1 .6265896E+07   1488000E+01  .2645E+06 -.2579E+03   .9984921  .0514864  .0190446
T 2578  1 .6298134E+07   1488000E+01  .1875E+06 -.4225E+06   .9994952 -.0082058 -.0306908
T 2579  1 .6060361E+07   1488000E+01  .6448E+04 -.1786E+06   .9885727  .1342495  .0685648
T 2580  1 .6442081E+07   1488000E+01  .7492E+06  .2674E+06   .9700416  .2357647  .0586026
T 2581  1 .6420322E+07   1488000E+01  .4225E+06  .2863E+06   .9992738  .0233256 -.0301285
T 2582  1 .5794486E+07   1488000E+01  .5239E+06 -.3563E+05   .9974571  .0699816  .0134859
T 2583  1 .6277615E+07   1488000E+01  .2715E+06 -.7358E+06   .9916900 -.0131303 -.1279785
T 2584  1 .6008071E+07   1488000E+01  .1913E+06 -.1743E+06   .9980810  .0549192  .0286026
T 2585  1 .6392342E+07   1488000E+01 -.3083E+06  .1854E+06   .9972383 -.0312360  .0673795
T 2586  1 .7137492E+07   1488000E+01 -.7227E+05  .3361E+06   .9949428 -.0946654  .0335762
T 2587  1 .6564987E+07   1488000E+01  .2884E+05  .3861E+05   .9715177 -.2136919  .1024165
T 2588  1 .6525952E+07   1488000E+01  .5345E+06  .5437E+05   .9995591  .0295202 -.0031915
T 2589  1 .6748669E+07   1488000E+01  .1362E+06  .1321E+06   .9995683 -.0293789 -.0003888
T 2590  1 .6783259E+07   1488000E+01 -.2585E+06 -.8311E+05   .9971451 -.0591830 -.0468944
T 2591  1 .6925105E+07   1488000E+01 -.3320E+06  .2846E+06   .9949583 -.0892725  .0456992
T 2592  1 .6373482E+07   1488000E+01  .1619E+06  .2751E+06   .9987598  .0259557  .0424868
T 2593  1 .6174426E+07   1488000E+01 -.2680E+06  .5745E+06   .9942320 -.0775080  .0741301
T 2594  1 .6228150E+07   1488000E+01 -.2410E+06  .5341E+06   .9954991  .0171699  .0932028
T 2595  1 .6273769E+07   1488000E+01  .1063E+06 -.3197E+05   .9992872 -.0132255  .0353573
T 2596  1 .6301950E+07   1488000E+01 -.1413E+06  .6019E+06   .9989934 -.0154652  .0421066
T 2597  1 .6519024E+07   1488000E+01  .5709E+06 -.1224E+05   .9915682  .1294600 -.0057155
T 2598  1 .6986193E+07   1488000E+01  .4097E+06  .1298E+06   .9962609  .0579643  .0640652
T 2599  1 .6635669E+07   1488000E+01  .2493E+06  .1549E+06   .9990057  .0445564 -.0015038
T 2600  1 .6713975E+07   1488000E+01  .1765E+06 -.4393E+06   .9978246  .0317834 -.0577574
T 2601  1 .5975468E+07   1488000E+01 -.3921E+05 -.1205E+06   .9983496  .0059565 -.0571198
T 2602  1 .7011809E+07   1488000E+01  .2168E+06  .2023E+06   .9983243  .0445291 -.0369561
T 2603  1 .6468000E+07   1488000E+01 -.1708E+06 -.3272E+06   .9991053 -.0359403 -.0222908
T 2604  1 .6263713E+07   1488000E+01  .4250E+06 -.2135E+06   .9982315  .0586693 -.0095827
T 2605  1 .6958225E+07   1488000E+01  .6255E+06  .1752E+06   .9964022  .0169175  .0830446
T 2606  1 .6630918E+07   1488000E+01  .2194E+06 -.1869E+06   .9998809 -.0081533 -.0131019
T 2607  1 .5809792E+07   1488000E+01 -.2955E+06  .6426E+05   .9995433 -.0298792 -.0045237
T 2608  1 .5502920E+07   1488000E+01 -.1508E+06  .1667E+06   .9997351 -.0227520  .0034837
T 2609  1 .6789421E+07   1488000E+01 -.1138E+06  .1835E+06   .9985019 -.0458070  .0299266
T 2610  1 .6837658E+07   1488000E+01  .1684E+06  .2158E+06   .9994894 -.0077610  .0309940
T 2611  1 .6903997E+07   1488000E+01  .1413E+06  .1319E+05   .9999939  .0009832  .0033478
T 2612  1 .6470272E+07   1488000E+01 -.3253E+06 -.2295E+05   .9983600  .0482252  .0308495
T 2613  1 .6076390E+07   1488000E+01 -.1300E+06  .1677E+06   .9986133 -.0232802  .0472175
T 2614  1 .6212727E+07   1488000E+01 -.8843E+05 -.2249E+06   .9996687  .0250216 -.0060348
T 2615  1 .6774189E+07   1488000E+01  .2491E+06 -.6516E+05   .9999477  .0084649  .0057439
T 2616  1 .6319759E+07   1488000E+01 -.1544E+06  .2455E+06   .9941421  .0183074 -.1065187
T 2617  1 .6248156E+07   1488000E+01  .3786E+06 -.5322E+06   .9917546  .0933938 -.0877521
T 2618  1 .6468324E+07   1488000E+01 -.2620E+06  .9227E+05   .9975680 -.0329902  .0613984
T 2619  1 .6740247E+07   1488000E+01 -.2923E+06  .5842E+05   .9992258 -.0219189 -.0326704
T 2620  1 .6204220E+07   1488000E+01 -.8398E+05 -.1510E+05   .9998986 -.0104574  .0096625
T 2621  1 .6072042E+07   1488000E+01  .2686E+06 -.3616E+06   .9984547  .0058264 -.0552663
T 2622  1 .6119946E+07   1488000E+01 -.2672E+06 -.3167E+06   .9906863 -.0752269 -.1134974
T 2623  1 .6198118E+07   1488000E+01  .5744E+06  .2465E+06   .9945815  .1037979  .0057929
T 2624  1 .6754038E+07   1488000E+01  .2188E+05  .1029E+05   .9998941  .0110063  .0095165
T 2625  1 .6436421E+07   1488000E+01  .3434E+06 -.5850E+06   .9979681  .0160781 -.0616543
T 2626  1 .6091587E+07   1488000E+01 -.7475E+06 -.2741E+06   .9808535 -.1947411 -.0015444
T 2627  1 .6458824E+07   1488000E+01 -.9649E+05  .9496E+05   .9987432  .0238920 -.0440589
T 2628  1 .6621883E+07   1488000E+01  .2337E+06 -.5568E+04   .9948396  .1013981 -.0035450
T 2629  1 .6076079E+07   1488000E+01 -.3027E+06  .1104E+07   .9962879  .0086587  .0856477
T 2630  1 .6042073E+07   1488000E+01 -.1552E+06 -.1311E+06   .9968405  .0455364  .0650811
T 2631  1 .5749352E+07   1488000E+01 -.2001E+06  .2042E+06   .9977529 -.0500916  .0444961
T 2632  1 .6684681E+07   1488000E+01  .7575E+05  .4736E+06   .9996024  .0068774  .0273446
T 2633  1 .6086418E+07   1488000E+01 -.9829E+06 -.1047E+07   .9603499 -.1997605 -.1944833
T 2634  1 .6144518E+07   1488000E+01  .1938E+06 -.3960E+06   .9913472  .0900073 -.0955480
T 2635  1 .6884280E+07   1488000E+01 -.7921E+06  .4867E+05   .9949860 -.0998065 -.0064434
T 2636  1 .6659381E+07   1488000E+01 -.4298E+06 -.3367E+04   .9999589 -.0080022  .0042598
T 2637  1 .6437285E+07   1488000E+01  .4980E+06  .4313E+04   .9981691  .0604753  .0011298
T 2638  1 .6431994E+07   1488000E+01  .2363E+05 -.2117E+06   .9999074 -.0078185 -.0111341
T 2639  1 .5874040E+07   1488000E+01 -.8335E+06 -.5953E+05   .9945156 -.1013994 -.0256284
T 2640  1 .6423975E+07   1488000E+01  .2637E+06 -.8106E+05   .9999237  .0035022 -.0118475
T 2641  1 .6408930E+07   1488000E+01 -.2551E+06  .4302E+05   .9978235 -.0653975 -.0084483
T 2642  1 .6006223E+07   1488000E+01  .6950E+06 -.2495E+05   .9983155  .0321439  .0482999
T 2643  1 .6697903E+07   1488000E+01 -.1451E+06  .3991E+06   .9938961  .0510344  .0978057
T 2644  1 .6557622E+07   1488000E+01 -.2936E+06  .3202E+06   .9974681 -.0320839  .0634665
T 2645  1 .6220370E+07   1488000E+01  .1033E+05 -.1102E+05   .9995055 -.0292201  .0116174
T 2646  1 .6360849E+07   1488000E+01  .5295E+05 -.2046E+06   .9981618  .0334333 -.0505499
T 2647  1 .6312002E+07   1488000E+01  .6794E+06  .1075E+07   .9944045  .0468490  .0946832
T 2648  1 .6706829E+07   1488000E+01  .2446E+04 -.3761E+06   .9961612  .0502260 -.0716958
T 2649  1 .6413861E+07   1488000E+01  .1019E+05 -.4881E+06   .9979093 -.0335612 -.0552322
T 2650  1 .6881399E+07   1488000E+01 -.3131E+06 -.2212E+06   .9998343 -.0001197 -.0182007
T 2651  1 .6109818E+07   1488000E+01  .2073E+04  .3588E+06   .9991047 -.0384749  .0175947
T 2652  1 .6020624E+07   1488000E+01  .7408E+05  .3249E+06   .9985298  .0024359  .0541500
T 2653  1 .5684162E+07   1488000E+01  .3724E+05  .2760E+06   .9976018  .0284740  .0630864
T 2654  1 .6268207E+07   1488000E+01  .5058E+06  .1704E+06   .9966840  .0758616  .0294265
T 2655  1 .6504828E+07   1488000E+01 -.2722E+06 -.1576E+06   .9985259 -.0413743 -.0351316
T 2656  1 .6366318E+07   1488000E+01 -.6260E+05 -.4348E+06   .9969806 -.0686123 -.0363610
T 2657  1 .6646395E+07   1488000E+01  .5332E+06  .1404E+05   .9989643 -.0043800 -.0452895
T 2658  1 .6513300E+07   1488000E+01 -.3827E+06  .3818E+06   .9982561 -.0578131 -.0119331
T 2659  1 .6187508E+07   1488000E+01  .1084E+07 -.4196E+05   .9986707  .0444259 -.0261364
T 2660  1 .6601110E+07   1488000E+01 -.2937E+06 -.1613E+06   .9999617 -.0004287 -.0087362
T 2661  1 .6788002E+07   1488000E+01 -.6588E+06 -.2438E+06   .9978403 -.0576541 -.0314746
T 2662  1 .6007882E+07   1488000E+01  .6630E+05 -.3105E+06   .9992534  .0235350 -.0306383
T 2663  1 .6093908E+07   1488000E+01  .3595E+05  .1614E+06   .9971478 -.0453561  .0603253
T 2664  1 .6640288E+07   1488000E+01  .1183E+06 -.1716E+06   .9997723  .0185717  .0105132
T 2665  1 .6376666E+07   1488000E+01 -.8577E+05 -.3847E+06   .9995157 -.0240289 -.0197735
T 2666  1 .6742777E+07   1488000E+01  .1778E+06 -.1142E+05   .9998958 -.0098880 -.0105167
T 2667  1 .6724167E+07   1488000E+01  .4102E+05 -.1722E+05   .9993354 -.0166602 -.0324231
T 2668  1 .6443864E+07   1488000E+01  .2338E+06  .2139E+06   .9985609  .0531128 -.0074290
T 2669  1 .6551814E+07   1488000E+01 -.1017E+06  .2202E+05   .9987395 -.0390007  .0315972
T 2670  1 .6129991E+07   1488000E+01  .6275E+06 -.9120E+06   .9905971  .0868028 -.1057481
T 2671  1 .6681459E+07   1488000E+01  .1576E+06 -.2272E+06   .9994823  .0053317 -.0317284
T 2672  1 .6026337E+07   1488000E+01 -.1234E+06  .6687E+06   .9942109  .0100590  .1069739
T 2673  1 .6759621E+07   1488000E+01  .7718E+06  .5623E+06   .9876742  .1210479  .0992324
T 2674  1 .6467305E+07   1488000E+01  .1208E+06 -.1890E+06   .9995877  .0202003 -.0204036
T 2675  1 .6810768E+07   1488000E+01 -.6426E+05 -.6761E+05   .9985489  .0529724 -.0096967
T 2676  1 .6392400E+07   1488000E+01 -.3019E+05 -.8636E+05   .9994081  .0300114 -.0168128
T 2677  1 .6128660E+07   1488000E+01  .1230E+06 -.1523E+06   .9986176  .0125634 -.0510394
T 2678  1 .5555360E+07   1488000E+01  .1916E+06 -.1224E+06   .9980808 -.0184221 -.0591219
T 2679  1 .6258746E+07   1488000E+01  .3313E+06  .1309E+06   .9999947  .0009176  .0031190
T 2680  1 .6449628E+07   1488000E+01  .9134E+05 -.2995E+06   .9990469  .0281973 -.0333203
T 2681  1 .6346759E+07   1488000E+01  .1026E+05  .6905E+05   .9995878 -.0258780  .0124288
T 2682  1 .5913860E+07   1488000E+01 -.4056E+06  .4622E+06   .9943875 -.0609483  .0864802
T 2683  1 .6570215E+07   1488000E+01 -.1959E+06  .7435E+04   .9971655 -.0730803 -.0178953
T 2684  1 .6672023E+07   1488000E+01 -.3261E+06 -.8091E+04   .9992174 -.0297488 -.0260709
T 2685  1 .6443404E+07   1488000E+01  .7253E+05  .4298E+06   .9991219 -.0301314  .0291108
T 2686  1 .6621347E+07   1488000E+01 -.3160E+06  .2985E+06   .9976309 -.0616593  .0305092
T 2687  1 .6178815E+07   1488000E+01 -.8097E+05 -.1591E+06   .9994429  .0277070  .0186078
T 2688  1 .3748694E+07   1488000E+01  .3779E+06 -.5803E+07   .9046232  .0649890 -.4212284
T 2689  1 .6012031E+07   1488000E+01  .2874E+06  .5486E+05   .9997733  .0212421  .0014341
T 2690  1 .5666984E+07   1488000E+01  .1004E+07 -.6477E+06   .9912104  .0884248 -.0984026
T 2691  1 .6252067E+07   1488000E+01  .2113E+06 -.1282E+06   .9996972 -.0162249  .0184993
T 2692  1 .6547440E+07   1488000E+01 -.1373E+06 -.7527E+05   .9993565  .0183964  .0307910
T 2693  1 .6842270E+07   1488000E+01 -.6917E+06 -.3499E+06   .9955989 -.0870763 -.0346494
T 2694  1 .6432332E+07   1488000E+01 -.1665E+06 -.1861E+06   .9999136 -.0114255 -.0065019
T 2695  1 .6139094E+07   1488000E+01  .3637E+06  .5978E+05   .9943981  .0803440  .0686818
T 2696  1 .6503203E+07   1488000E+01  .5465E+05  .1219E+06   .9998460  .0102848  .0142163
T 2697  1 .6681858E+07   1488000E+01  .2318E+06  .4312E+05   .9993606  .0233384  .0270869
T 2698  1 .6767187E+07   1488000E+01  .3940E+06 -.7380E+05   .9963509  .0782936 -.0339850
T 2699  1 .5848242E+07   1488000E+01  .1650E+06 -.1871E+06   .9993943 -.0070263 -.0340834
T 2700  1 .6427737E+07   1488000E+01  .7147E+05  .2771E+06   .9992084  .0276071  .0286443
T 2701  1 .6269111E+07   1488000E+01 -.1654E+06 -.4147E+06   .9937143 -.0635666 -.0921479
T 2702  1 .6183375E+07   1488000E+01  .1089E+06  .2145E+06   .9986935  .0272121  .0432526
T 2703  1 .6978758E+07   1488000E+01  .2578E+06  .4196E+06   .9982726  .0397046  .0433059
T 2704  1 .6040501E+07   1488000E+01 -.6856E+06  .3108E+06   .9931420 -.1026106  .0560368
T 2705  1 .6417820E+07   1488000E+01 -.5064E+06 -.8788E+06   .9884089 -.0310490 -.1486061
T 2706  1 .6478196E+07   1488000E+01 -.2107E+05  .4242E+06   .9994883 -.0160032  .0276948
T 2707  1 .6598785E+07   1488000E+01  .1541E+06 -.3027E+06   .9975862  .0485126 -.0496829
T 2708  1 .6731062E+07   1488000E+01 -.1658E+06  .1593E+06   .9999799  .0013826 -.0061911
T 2709  1 .6716535E+07   1488000E+01  .4922E+06 -.3532E+06   .9971742  .0173968 -.0730825
T 2710  1 .6641841E+07   1488000E+01  .7026E+05  .2673E+06   .9986049  .0140558  .0508996
T 2711  1 .6193818E+07   1488000E+01  .8827E+05 -.2089E+06   .9990797 -.0034899 -.0427495
T 2712  1 .6678391E+07   1488000E+01 -.3653E+06  .1490E+06   .9978221 -.0367197 -.0547965
T 2713  1 .5976032E+07   1488000E+01 -.3410E+06  .1352E+06   .9979678 -.0367043  .0520862
T 2714  1 .6518062E+07   1488000E+01  .2963E+06 -.2620E+06   .9999778 -.0023222 -.0062448
T 2715  1 .5987436E+07   1488000E+01 -.8717E+05 -.3137E+05   .9983523  .0480202  .0314123
T 2716  1 .6562255E+07   1488000E+01 -.4107E+06 -.1392E+06   .9983098 -.0508847 -.0280761
T 2717  1 .6553832E+07   1488000E+01 -.4083E+06 -.1071E+06   .9978102 -.0593996 -.0290939
T 2718  1 .6288622E+07   1488000E+01 -.1865E+06  .1124E+06   .9977477 -.0661203 -.0112997
T 2719  1 .6580867E+07   1488000E+01  .2071E+06 -.2045E+06   .9913233 -.0201677 -.1298898
T 2720  1 .6436396E+07   1488000E+01  .4767E+06  .2692E+06   .9975689  .0695278 -.0047134
T 2721  1 .6648283E+07   1488000E+01  .4064E+06 -.1155E+06   .9931904  .1132845 -.0271935
T 2722  1 .6408452E+07   1488000E+01 -.2200E+06  .2458E+06   .9975052 -.0652444  .0269527
T 2723  1 .6814154E+07   1488000E+01 -.6643E+06 -.5686E+06   .9861551 -.0820605 -.1440979
T 2724  1 .6662565E+07   1488000E+01 -.1624E+06 -.3343E+06   .9975009 -.0552873 -.0439908
T 2725  1 .5897419E+07   1488000E+01  .2343E+06  .7661E+05   .9973360  .0716784  .0135340
T 2726  1 .6548762E+07   1488000E+01  .1470E+05 -.1214E+06   .9987258 -.0426860 -.0269188
T 2727  1 .6242395E+07   1488000E+01  .9992E+05 -.4884E+06   .9946906 -.0235060 -.1001897
T 2728  1 .6264810E+07   1488000E+01 -.7041E+06  .5179E+06   .9912403 -.1154707  .0641036
T 2729  1 .6165419E+07   1488000E+01  .2929E+06 -.4163E+06   .9984861 -.0296725 -.0463145
T 2730  1 .6517001E+07   1488000E+01  .1217E+06  .2094E+06   .9994829 -.0003322  .0321520
T 2731  1 .6187596E+07   1488000E+01 -.4000E+06 -.2991E+06   .9966586 -.0777801 -.0249368
T 2732  1 .6381370E+07   1488000E+01  .3162E+06 -.2234E+06   .9979862  .0620706 -.0130687
T 2733  1 .6085735E+07   1488000E+01 -.1046E+06 -.4561E+06   .9973229  .0289834 -.0671348
T 2734  1 .6859066E+07   1488000E+01 -.9749E+04 -.5155E+06   .9979879  .0212696 -.0597303
T 2735  1 .6447630E+07   1488000E+01 -.7122E+06 -.9631E+05   .9943765 -.1040594  .0196716
T 2736  1 .6275788E+07   1488000E+01  .4956E+06 -.2579E+06   .9945095  .0589732 -.0864463
T 2737  1 .6315698E+07   1488000E+01 -.1836E+06  .2010E+06   .9987458 -.0500662 -.0005511
T 2738  1 .6018047E+07   1488000E+01  .2971E+06 -.2395E+06   .9978077  .0253095 -.0611491
T 2739  1 .6602375E+07   1488000E+01  .8270E+05 -.4773E+04   .9999907 -.0020254  .0038145
T 2740  1 .6384464E+07   1488000E+01  .1461E+06 -.1480E+06   .9994637 -.0001373 -.0327469
T 2741  1 .6262823E+07   1488000E+01  .4881E+06  .3120E+06   .9997315 -.0007278  .0231587
T 2742  1 .5926353E+07   1488000E+01 -.1628E+06  .9496E+05   .9954141 -.0465446  .0835729
T 2743  1 .6393683E+07   1488000E+01  .4770E+06  .3955E+05   .9980895  .0612094  .0084114
T 2744  1 .6394200E+07   1488000E+01 -.1772E+05 -.3900E+06   .9993946 -.0004940 -.0347878
T 2745  1 .7084857E+07   1488000E+01  .3785E+06 -.1454E+06   .9989485  .0439939  .0128996
T 2746  1 .6723804E+07   1488000E+01 -.2545E+05 -.1216E+06   .9997530  .0056154  .0215019
T 2747  1 .6459967E+07   1488000E+01  .1732E+05 -.1522E+06   .9996283 -.0094770 -.0255621
T 2748  1 .6454138E+07   1488000E+01  .5932E+06 -.4231E+06   .9905670  .0952980 -.0984649
T 2749  1 .6461259E+07   1488000E+01  .4149E+06  .2290E+05   .9997230  .0199944 -.0124195
T 2750  1 .5966745E+07   1488000E+01  .8236E+05 -.7204E+05   .9993712  .0354579 -.0001769
T 2751  1 .5922898E+07   1488000E+01 -.2306E+06  .2222E+05   .9987210 -.0496787 -.0093997
T 2752  1 .5950870E+07   1488000E+01 -.5447E+06  .5004E+06   .9947817 -.0753312  .0688086
T 2753  1 .6597093E+07   1488000E+01 -.2181E+05  .4323E+06   .9979675 -.0358649  .0526752
T 2754  1 .6874017E+07   1488000E+01  .1078E+05 -.1194E+06   .9993088 -.0267058 -.0258602
T 2755  1 .6200411E+07   1488000E+01 -.1025E+06  .1245E+06   .9995418 -.0003434  .0302652
T 2756  1 .6584150E+07   1488000E+01 -.1572E+06 -.2489E+05   .9998387 -.0127768  .0126240
T 2757  1 .6551117E+07   1488000E+01  .4049E+06  .1461E+05   .9993427  .0345518  .0109718
T 2758  1 .6941114E+07   1488000E+01 -.1229E+06 -.1225E+06   .9810593 -.1165753 -.1547022
T 2759  1 .6058197E+07   1488000E+01  .1045E+07 -.9365E+06   .9950516  .0889018 -.0443711
T 2760  1 .5483369E+07   1488000E+01 -.1370E+07  .1392E+07   .7278351 -.5630136  .3914994
T 2761  1 .7111936E+07   1488000E+01 -.4490E+06  .1606E+06   .9998166 -.0070456  .0178074
T 2762  1 .6388320E+07   1488000E+01  .4338E+05  .2165E+06   .9945969 -.0350936  .0977011
T 2763  1 .6482423E+07   1488000E+01 -.2991E+06 -.2506E+06   .9983042 -.0426626 -.0396071
T 2764  1 .6697461E+07   1488000E+01 -.1586E+04 -.2657E+06   .9993174 -.0348903 -.0121391
T 2765  1 .6728331E+07   1488000E+01  .6698E+05  .4004E+06   .9976320 -.0214047  .0653629
T 2766  1 .6597498E+07   1488000E+01 -.4055E+05 -.1064E+06   .9999850 -.0042522 -.0034601
T 2767  1 .6466130E+07   1488000E+01  .1660E+06  .1251E+06   .9972150  .0143848  .0731797
T 2768  1 .6589703E+07   1488000E+01 -.2660E+06  .2506E+06   .9990415 -.0210511  .0383780
T 2769  1 .6384803E+07   1488000E+01 -.6499E+06 -.6894E+06   .9974023 -.0696615  .0183289
T 2770  1 .6376397E+07   1488000E+01  .5805E+05  .4275E+06   .9957628  .0440605  .0807165
T 2771  1 .6430923E+07   1488000E+01 -.1309E+06 -.1651E+06   .9987813 -.0493302 -.0015791
T 2772  1 .6114433E+07   1488000E+01 -.1934E+06 -.2235E+06   .9987433 -.0486174  .0121751
T 2773  1 .6208794E+07   1488000E+01 -.6202E+06  .2886E+06   .9866302 -.1347211  .0917114
T 2774  1 .6184715E+07   1488000E+01  .2379E+06  .1446E+06   .9996955  .0079424  .0233614
T 2775  1 .6683473E+07   1488000E+01 -.2002E+06 -.2986E+06   .9992905  .0224337 -.0302530
T 2776  1 .5963599E+07   1488000E+01 -.1883E+06  .7460E+06   .9976778 -.0265767  .0627112
T 2777  1 .6231861E+07   1488000E+01 -.6660E+05  .2439E+06   .9999311  .0021868  .0115350
T 2778  1 .6292934E+07   1488000E+01  .1204E+07  .8441E+06   .9960421  .0755496  .0468226
T 2779  1 .6865755E+07   1488000E+01 -.3077E+06  .3844E+06   .9970649 -.0679559  .0352643
T 2780  1 .6705609E+07   1488000E+01 -.2866E+05  .6770E+05   .9996023 -.0085263 -.0268820
T 2781  1 .6261855E+07   1488000E+01 -.1291E+06 -.1259E+05   .9992002 -.0381425  .0120074
T 2782  1 .6539559E+07   1488000E+01 -.3282E+06  .2395E+06   .9978485 -.0615600  .0225542
T 2783  1 .6186744E+07   1488000E+01 -.3421E+06 -.3031E+06   .9978730 -.0641866 -.0113807
T 2784  1 .6527376E+07   1488000E+01  .1571E+06 -.1294E+06   .9998696 -.0161087  .0011462
T 2785  1 .5905923E+07   1488000E+01  .2828E+06  .1144E+06   .9989571 -.0264491 -.0372165
T 2786  1 .6080558E+07   1488000E+01 -.3560E+06  .2579E+06   .9990690 -.0392542 -.0178957
T 2787  1 .6314730E+07   1488000E+01 -.7840E+06 -.3258E+06   .9860812 -.1433431 -.0842413
T 2788  1 .6341339E+07   1488000E+01  .2209E+06 -.3194E+06   .9999920  .0040021  .0002011
T 2789  1 .6131914E+07   1488000E+01 -.7498E+05  .3053E+06   .9997321  .0225358  .0052714
T 2790  1 .6640940E+07   1488000E+01  .4299E+05 -.1020E+06   .9995944  .0053508  .0279701
T 2791  1 .6417268E+07   1488000E+01 -.2111E+06 -.3567E+06   .9996955 -.0114608 -.0218524
T 2792  1 .5596327E+07   1488000E+01  .3845E+06 -.6237E+06   .9954646  .0252276 -.0917263
T 2793  1 .6781389E+07   1488000E+01  .2156E+05  .9355E+05   .9984772  .0507162  .0217054
T 2794  1 .6154697E+07   1488000E+01  .1134E+06 -.9090E+05   .9988590  .0420475  .0226437
T 2795  1 .6129658E+07   1488000E+01 -.1650E+05 -.7609E+06   .9985490 -.0395107 -.0365889
T 2796  1 .6305209E+07   1488000E+01 -.1190E+06  .4590E+06   .9980412 -.0090208  .0619070
T 2797  1 .6732423E+07   1488000E+01 -.2900E+06 -.1638E+06   .9954877 -.0470711 -.0823931
T 2798  1 .6450386E+07   1488000E+01 -.1005E+06 -.2449E+06   .9989359  .0408687 -.0213747
T 2799  1 .5967007E+07   1488000E+01 -.3262E+06 -.6355E+06   .9929650 -.0873250 -.0799678
T 2800  1 .5527798E+07   1488000E+01  .6428E+06 -.8871E+05   .9984556  .0251894 -.0495164
T 2801  1 .5666610E+07   1488000E+01 -.2776E+05  .6698E+05   .9993059 -.0065936 -.0366638
T 2802  1 .6655885E+07   1488000E+01  .4344E+06 -.6242E+06   .9958947  .0285293 -.0859064
T 2803  1 .6689134E+07   1488000E+01  .1075E+07  .4575E+06   .9762551  .1842926  .1138522
T 2804  1 .6407874E+07   1488000E+01  .2245E+06  .2320E+06   .9988146  .0418909  .0247907
T 2805  1 .5189992E+07   1488000E+01  .7007E+06 -.1219E+07   .8785099  .2879879 -.3811605
T 2806  1 .6306458E+07   1488000E+01  .2616E+06 -.4307E+06   .9972327  .0342663 -.0659749
T 2807  1 .6476284E+07   1488000E+01  .1135E+07 -.9556E+05   .9799989  .1894330 -.0609702
T 2808  1 .6444705E+07   1488000E+01 -.1291E+05  .3553E+06   .9997433 -.0198389  .0109462
T 2809  1 .6715776E+07   1488000E+01 -.2047E+06 -.1127E+05   .9996002 -.0015851  .0282308
T 2810  1 .6979192E+07   1488000E+01  .2710E+06  .3156E+06   .9999426  .0010929  .0106624
T 2811  1 .6384960E+07   1488000E+01  .3991E+06 -.1919E+06   .9906176  .1352646  .0194990
T 2812  1 .6455217E+07   1488000E+01  .2031E+06 -.5804E+06   .9972441  .0177362 -.0720392
T 2813  1 .6251198E+07   1488000E+01  .1731E+06  .9260E+06   .9940516  .0507205  .0963786
T 2814  1 .6328902E+07   1488000E+01  .2611E+06 -.3037E+06   .9984973  .0100026 -.0538799
T 2815  1 .6801876E+07   1488000E+01  .3367E+06 -.1195E+06   .9995961  .0279348  .0052314
T 2816  1 .6669004E+07   1488000E+01 -.1999E+06 -.2738E+06   .9986188 -.0508842  .0130862
T 2817  1 .6615579E+07   1488000E+01 -.8451E+06  .8064E+05   .9868495 -.1607436  .0170162
T 2818  1 .6778389E+07   1488000E+01  .4352E+05  .2849E+06   .9999919  .0039705 -.0006041
T 2819  1 .6355360E+07   1488000E+01  .9229E+05  .4879E+06   .9977549  .0554213  .0375990
T 2820  1 .6711503E+07   1488000E+01  .7722E+06  .5435E+06   .9960370  .0880780  .0123501
T 2821  1 .6704374E+07   1488000E+01  .2533E+06  .3950E+06   .9994004  .0315392  .0142898
T 2822  1 .6189426E+07   1488000E+01  .3159E+06  .2593E+06   .9993416  .0361245 -.0033685
T 2823  1 .6417986E+07   1488000E+01  .8396E+05  .1411E+05   .9990455  .0319163  .0298250
T 2824  1 .6495280E+07   1488000E+01  .1410E+06  .4435E+06   .9980584  .0464626  .0414804
T 2825  1 .6307127E+07   1488000E+01  .3926E+06  .2360E+05   .9940141  .0533835  .0953219
T 2826  1 .6558408E+07   1488000E+01 -.1376E+06 -.1885E+06   .9991086 -.0252967 -.0337946
T 2827  1 .6303469E+07   1488000E+01 -.9040E+06  .2270E+05   .9889146 -.1322608  .0674912
T 2828  1 .6537146E+07   1488000E+01 -.8067E+05  .4893E+06   .9995981 -.0264068  .0103145
T 2829  1 .6609716E+07   1488000E+01  .2681E+06 -.5727E+06   .9944670  .0021179 -.1050283
T 2830  1 .6560749E+07   1488000E+01 -.4392E+06  .8741E+05   .9962038 -.0869968 -.0030854
T 2831  1 .5959309E+07   1488000E+01  .2977E+06 -.4238E+06   .9974977  .0483978 -.0515362
T 2832  1 .6568988E+07   1488000E+01  .4294E+06 -.1076E+07   .9785849  .1013242 -.1791787
T 2833  1 .6047507E+07   1488000E+01 -.4205E+06  .4606E+06   .9969786 -.0622710  .0464320
T 2834  1 .6371253E+07   1488000E+01  .1572E+06  .8411E+05   .9982111 -.0550936 -.0232227
T 2835  1 .6377086E+07   1488000E+01  .1704E+06 -.3891E+06   .9971705  .0450195 -.0602024
T 2836  1 .6196273E+07   1488000E+01  .1602E+05 -.1187E+06   .9986873 -.0013015  .0512047
T 2837  1 .6230503E+07   1488000E+01 -.2650E+06 -.4433E+05   .9966170 -.0595107  .0566844
T 2838  1 .6791149E+07   1488000E+01 -.1704E+04 -.4574E+06   .9996120  .0110388 -.0255723
T 2839  1 .6882677E+07   1488000E+01 -.8243E+05 -.7445E+05   .9970612 -.0684311 -.0344404
T 2840  1 .6460138E+07   1488000E+01  .1007E+04  .4820E+06   .9935236  .0044883  .1135370
T 2841  1 .6383044E+07   1488000E+01  .2306E+06 -.1406E+06   .9992851  .0345668 -.0153099
T 2842  1 .6433107E+07   1488000E+01  .1590E+05  .2751E+06   .9986020 -.0150953  .0506575
T 2843  1 .6574893E+07   1488000E+01 -.8108E+05 -.8991E+06   .9886550  .0008705 -.1502014
T 2844  1 .5766789E+07   1488000E+01  .3142E+06  .4872E+05   .9977151  .0506578 -.0447037
T 2845  1 .6709205E+07   1488000E+01 -.2876E+06  .2782E+06   .9996709 -.0198608  .0162351
T 2846  1 .6451056E+07   1488000E+01 -.6777E+05 -.2467E+06   .9996778 -.0123094 -.0221997
T 2847  1 .7120882E+07   1488000E+01  .4755E+06  .5578E+05   .9997903  .0165020  .0121291
T 2848  1 .6659277E+07   1488000E+01  .5276E+06  .2168E+06   .9973900  .0714726  .0102447
T 2849  1 .6664224E+07   1488000E+01  .2796E+06 -.3654E+06   .9888321  .1034583 -.1072727
T 2850  1 .6160802E+07   1488000E+01  .2987E+06 -.2551E+06   .9981568  .0488995 -.0359415
T 2851  1 .6561127E+07   1488000E+01  .4197E+06  .3639E+06   .9948207  .0575608  .0837763
T 2852  1 .5872354E+07   1488000E+01  .1306E+06  .2344E+06   .9939076  .1098218 -.0093158
T 2853  1 .6219899E+07   1488000E+01  .1437E+07  .5374E+06   .9472139  .2525197  .1975341
T 2854  1 .6460265E+07   1488000E+01  .5274E+05 -.5830E+06   .9988802  .0317191 -.0351024
T 2855  1 .6208133E+07   1488000E+01  .1804E+06 -.9095E+05   .9992863 -.0153692 -.0345050
T 2856  1 .6502056E+07   1488000E+01 -.3403E+06  .3043E+06   .9963839 -.0789329  .0314429
T 2857  1 .5931589E+07   1488000E+01  .5140E+06  .2866E+06   .9947954  .1005987  .0161856
T 2858  1 .6129482E+07   1488000E+01  .2117E+06  .2120E+06   .9983343  .0414569  .0401233
T 2859  1 .6664982E+07   1488000E+01  .9376E+06  .5884E+06   .9960412  .0220624  .0861117
T 2860  1 .6018483E+07   1488000E+01 -.8226E+06  .2179E+06   .9949446 -.0881205 -.0481657
T 2861  1 .6684103E+07   1488000E+01 -.3653E+05 -.4381E+06   .9997673  .0178498 -.0121117
T 2862  1 .6551920E+07   1488000E+01  .5158E+05  .2475E+06   .9991056  .0226968 -.0356784
T 2863  1 .6490870E+07   1488000E+01 -.4476E+06  .3779E+06   .9952567 -.0900229  .0368768
T 2864  1 .6297264E+07   1488000E+01 -.1435E+06 -.3709E+06   .9954132  .0141739 -.0946134
T 2865  1 .6510397E+07   1488000E+01 -.2122E+06 -.2759E+06   .9959782 -.0513340 -.0734318
T 2866  1 .6622858E+07   1488000E+01  .2756E+06 -.3318E+06   .9978474  .0628890 -.0185875
T 2867  1 .6623305E+07   1488000E+01 -.1462E+06 -.5897E+05   .9958202 -.0863875 -.0296523
T 2868  1 .6050511E+07   1488000E+01 -.8892E+05  .2921E+05   .9995309  .0108279 -.0286468
T 2869  1 .6743347E+07   1488000E+01  .3273E+06 -.2996E+06   .9954907  .0659581 -.0681747
T 2870  1 .6173612E+07   1488000E+01 -.7084E+05 -.9656E+06   .9905905 -.0298180 -.1335718
T 2871  1 .6875165E+07   1488000E+01 -.3373E+06  .5388E+04   .9974599 -.0688798  .0181478
T 2872  1 .6978835E+07   1488000E+01 -.1227E+06 -.5452E+06   .9957785 -.0799323 -.0451229
T 2873  1 .6658166E+07   1488000E+01  .2612E+06  .3798E+06   .9989436  .0453984 -.0071205
T 2874  1 .6321558E+07   1488000E+01 -.1674E+06 -.1290E+05   .9985310  .0160198  .0517613
T 2875  1 .6606830E+07   1488000E+01 -.2197E+06  .1667E+06   .9997399 -.0162936 -.0159557
T 2876  1 .6574104E+07   1488000E+01 -.5422E+06  .1918E+06   .9980563 -.0517844  .0346689
T 2877  1 .6368803E+07   1488000E+01 -.3509E+06  .3282E+06   .9957374 -.0681857  .0621106
T 2878  1 .6688581E+07   1488000E+01  .1605E+06 -.5799E+04   .9991793  .0312581 -.0257607
T 2879  1 .6601476E+07   1488000E+01 -.3256E+06 -.1192E+05   .9976942 -.0673955 -.0080100
T 2880  1 .6218426E+07   1488000E+01  .2867E+06  .4128E+06   .9983959  .0565394  .0029773
T 2881  1 .6291675E+07   1488000E+01  .3972E+06  .2170E+06   .9957524  .0809841  .0438043
T 2882  1 .6317508E+07   1488000E+01 -.3492E+06 -.1628E+06   .9993298 -.0262952 -.0254646
T 2883  1 .6489128E+07   1488000E+01  .3474E+06  .2214E+06   .9972490  .0442692  .0594538
T 2884  1 .6124079E+07   1488000E+01 -.1267E+06 -.2329E+06   .9969195  .0392500 -.0679040
T 2885  1 .6627810E+07   1488000E+01 -.1557E+06 -.6396E+05   .9999160  .0098830 -.0083868
T 2886  1 .6528664E+07   1488000E+01  .2318E+06 -.1636E+06   .9999652  .0016444 -.0081737
T 2887  1 .6526704E+07   1488000E+01 -.3138E+06 -.1527E+06   .9963658 -.0799369  .0294147
T 2888  1 .6485124E+07   1488000E+01  .2988E+06 -.4335E+06   .9965563  .0747152 -.0359602
T 2889  1 .5936880E+07   1488000E+01  .2871E+06 -.1035E+07   .9864992  .0741457 -.1460194
T 2890  1 .6755512E+07   1488000E+01 -.2313E+06  .5396E+05   .9991003  .0258927 -.0335885
T 2891  1 .6717825E+07   1488000E+01  .2442E+06 -.3647E+06   .9978865  .0298940 -.0576962
T 2892  1 .6289835E+07   1488000E+01  .3080E+06 -.1248E+05   .9997879  .0061306 -.0196598
T 2893  1 .6699516E+07   1488000E+01  .2160E+06  .8569E+06   .9944784  .0601052  .0860239
T 2894  1 .6277494E+07   1488000E+01  .2090E+06 -.4482E+05   .9953162  .0879620  .0401037
T 2895  1 .6747574E+07   1488000E+01  .4251E+06  .5891E+05   .9919450  .1110382 -.0609555
T 2896  1 .6608624E+07   1488000E+01  .3933E+06 -.1934E+06   .9989863  .0340130 -.0294873
T 2897  1 .6812934E+07   1488000E+01  .4167E+06  .1135E+06   .9981031  .0339538  .0513553
T 2898  1 .6456387E+07   1488000E+01  .1155E+06 -.6196E+05   .9994470  .0158361 -.0292378
T 2899  1 .6664039E+07   1488000E+01  .1633E+06 -.3810E+06   .9968458  .0335641 -.0719154
T 2900  1 .6496370E+07   1488000E+01  .7768E+05 -.1820E+06   .9994605 -.0321218 -.0068481
T 2901  1 .6490610E+07   1488000E+01 -.3019E+06 -.2643E+06   .9998290  .0047780  .0178650
T 2902  1 .6092126E+07   1488000E+01 -.9611E+06  .4215E+05   .9916550 -.1210324  .0444028
T 2903  1 .7010024E+07   1488000E+01  .2270E+06 -.1476E+06   .9996223  .0132258 -.0240893
T 2904  1 .6487773E+07   1488000E+01  .1679E+06 -.4073E+06   .9953805  .0133653 -.0950736
T 2905  1 .5965500E+07   1488000E+01 -.1304E+06 -.2128E+05   .9986874 -.0166771  .0484293
T 2906  1 .5746838E+07   1488000E+01  .3352E+06  .4003E+05   .9998318  .0016325 -.0182674
T 2907  1 .6773749E+07   1488000E+01  .2321E+06  .1244E+05   .9963411  .0642262 -.0563863
T 2908  1 .6149500E+07   1488000E+01 -.2011E+06  .4969E+06   .9959764 -.0878077  .0179126
T 2909  1 .6426934E+07   1488000E+01 -.4951E+05  .1947E+05   .9982300  .0556365 -.0210112
T 2910  1 .6051283E+07   1488000E+01  .9494E+04 -.1680E+06   .9996874 -.0221744 -.0115477
T 2911  1 .6944641E+07   1488000E+01  .1887E+06  .1056E+06   .9997973 -.0148417  .0136059
T 2912  1 .6224830E+07   1488000E+01  .6931E+06  .1445E+07   .9896475  .0818018  .1179251
T 2913  1 .6511375E+07   1488000E+01 -.9778E+06 -.2611E+06   .9848891 -.1718930 -.0211248
T 2914  1 .6726061E+07   1488000E+01  .1091E+06 -.5215E+06   .9972909  .0083102 -.0730873
T 2915  1 .6497952E+07   1488000E+01  .3051E+06 -.5513E+06   .9976330  .0581492 -.0367033
T 2916  1 .6539759E+07   1488000E+01  .1086E+06  .1793E+06   .9989602 -.0156983  .0428036
T 2917  1 .6488855E+07   1488000E+01 -.1550E+06  .1738E+06   .9993601 -.0120304  .0336861
T 2918  1 .6230564E+07   1488000E+01  .1440E+06 -.5915E+06   .9965325  .0212308 -.0804505
T 2919  1 .6269222E+07   1488000E+01  .2531E+06 -.2055E+06   .9996745  .0236881  .0094764
T 2920  1 .6316128E+07   1488000E+01 -.5569E+04 -.2105E+06   .9999992 -.0007852  .0010126
T 2921  1 .6410430E+07   1488000E+01  .1010E+06  .2432E+05   .9998565  .0163825 -.0043156
T 2922  1 .6122122E+07   1488000E+01 -.3424E+06 -.2378E+06   .9992272 -.0353074 -.0172744
T 2923  1 .6550379E+07   1488000E+01  .1216E+05 -.3073E+06   .9967441 -.0022347 -.0805987
T 2924  1 .6341751E+07   1488000E+01  .5570E+06  .2272E+06   .9917470  .1269432  .0179782
T 2925  1 .6936536E+07   1488000E+01  .4870E+06  .3673E+06   .9915956  .1095318  .0688548
T 2926  1 .6401459E+07   1488000E+01 -.1296E+06  .2657E+06   .9975949 -.0487251  .0492981
T 2927  1 .6216287E+07   1488000E+01  .1941E+06  .2151E+06   .9979211 -.0437964  .0472794
T 2928  1 .6626594E+07   1488000E+01  .1125E+05  .2619E+06   .9997106 -.0163266  .0176661
T 2929  1 .6573572E+07   1488000E+01  .1876E+06  .4680E+06   .9992998  .0274980  .0253717
T 2930  1 .6461808E+07   1488000E+01  .2465E+06  .3054E+06   .9986058  .0249561 -.0465157
T 2931  1 .6341430E+07   1488000E+01  .8306E+05 -.5358E+06   .9969690 -.0079607 -.0773913
T 2932  1 .6597806E+07   1488000E+01 -.9372E+04  .4804E+06   .9987191  .0305383  .0403431
T 2933  1 .5869893E+07   1488000E+01 -.5089E+06  .7571E+05   .9962500 -.0380714  .0776955
T 2934  1 .6534067E+07   1488000E+01  .5331E+06  .4478E+06   .9927374  .0825003  .0875561
T 2935  1 .6208679E+07   1488000E+01  .2564E+06 -.8719E+05   .9994020  .0312796  .0147371
T 2936  1 .6315856E+07   1488000E+01  .3170E+06  .2836E+06   .9982990  .0261412  .0521122
T 2937  1 .6090500E+07   1488000E+01 -.1381E+06 -.2868E+06   .9992589  .0263216 -.0280850
T 2938  1 .6685375E+07   1488000E+01  .2232E+06  .6723E+06   .9979695 -.0038892  .0635751
T 2939  1 .6771030E+07   1488000E+01  .5051E+06 -.2158E+06   .9989530  .0443659  .0111615
T 2940  1 .6553634E+07   1488000E+01 -.1862E+05  .5972E+05   .9995022 -.0152101 -.0276403
T 2941  1 .6462646E+07   1488000E+01 -.3017E+06  .5449E+05   .9976967 -.0166373 -.0657611
T 2942  1 .6777452E+07   1488000E+01 -.5312E+06  .2804E+06   .9958678 -.0402690  .0813984
T 2943  1 .5959721E+07   1488000E+01 -.1324E+07 -.8397E+06   .9552357 -.2204007 -.1973530
T 2944  1 .6174582E+07   1488000E+01  .3703E+06 -.3145E+05   .9995182  .0081129 -.0299593
T 2945  1 .6234614E+07   1488000E+01 -.5476E+06  .2426E+06   .9961279 -.0755426 -.0449724
T 2946  1 .6915283E+07   1488000E+01  .6857E+06 -.3405E+06   .9872038  .1418812 -.0727894
T 2947  1 .6546835E+07   1488000E+01  .2400E+06 -.1558E+06   .9990398  .0438108  .0004327
T 2948  1 .6620734E+07   1488000E+01  .5216E+06  .4290E+06   .9995444 -.0042904  .0298745
T 2949  1 .5874079E+07   1488000E+01 -.1362E+06  .5297E+06   .9980912 -.0244123  .0567281
T 2950  1 .6534176E+07   1488000E+01  .5163E+06  .4050E+06   .9985348  .0528078 -.0118122
T 2951  1 .6738830E+07   1488000E+01 -.6699E+05  .2877E+06   .9981503 -.0395522  .0461702
T 2952  1 .6083658E+07   1488000E+01 -.4609E+06 -.5267E+06   .9949353 -.0833536 -.0561778
T 2953  1 .6567539E+07   1488000E+01 -.8950E+05 -.1577E+06   .9992476  .0033499 -.0386406
T 2954  1 .6162938E+07   1488000E+01  .1940E+06 -.1096E+06   .9949495  .1003761  .0003032
T 2955  1 .6112613E+07   1488000E+01  .1353E+05  .2647E+06   .9997743 -.0034688 -.0209601
T 2956  1 .6281088E+07   1488000E+01 -.1266E+06  .6403E+05   .9995758  .0271942  .0104234
T 2957  1 .6333481E+07   1488000E+01  .3024E+06 -.8203E+05   .9995411  .0276500  .0123696
T 2958  1 .6675172E+07   1488000E+01 -.9821E+05  .1356E+06   .9997511  .0110779 -.0193673
T 2959  1 .6997682E+07   1488000E+01 -.1179E+06  .9881E+05   .9995554  .0295830  .0037103
T 2960  1 .6387676E+07   1488000E+01 -.1928E+06 -.3611E+06   .9993878  .0119235 -.0328927
T 2961  1 .6091698E+07   1488000E+01  .4474E+04  .5988E+05   .9996604 -.0095691  .0242395
T 2962  1 .6197436E+07   1488000E+01  .1023E+06  .3859E+06   .9999968 -.0015352 -.0020174
T 2963  1 .6061605E+07   1488000E+01 -.2902E+06  .3447E+06   .9996874 -.0244025  .0054353
T 2964  1 .6779365E+07   1488000E+01  .1052E+07  .7381E+06   .9934604  .1059117  .0426511
T 2965  1 .6355803E+07   1488000E+01  .2468E+06  .1421E+05   .9982424  .0505787  .0308856
T 2966  1 .6096207E+07   1488000E+01 -.4855E+06 -.3562E+06   .9994999 -.0299219  .0102301
T 2967  1 .6426257E+07   1488000E+01 -.2421E+05  .6212E+06   .9960754 -.0531762  .0707537
T 2968  1 .6047701E+07   1488000E+01 -.1173E+06 -.6009E+06   .9987161 -.0417745 -.0286524
T 2969  1 .6771967E+07   1488000E+01  .4796E+06 -.1750E+06   .9924161  .1207783  .0228656
T 2970  1 .6277034E+07   1488000E+01 -.9113E+05  .8366E+05   .9934955 -.0416191  .1059932
T 2971  1 .6749778E+07   1488000E+01  .1929E+06  .6060E+05   .9997594  .0194314 -.0101764
T 2972  1 .6068602E+07   1488000E+01  .6177E+06 -.5922E+05   .9974504  .0610535 -.0369479
T 2973  1 .6408693E+07   1488000E+01 -.1086E+06 -.1524E+06   .9981570 -.0048469 -.0604906
T 2974  1 .6721666E+07   1488000E+01  .1894E+06  .1874E+06   .9979381  .0624734  .0147198
T 2975  1 .5923108E+07   1488000E+01  .7114E+06  .5501E+06   .9594680  .1673736  .2267315
T 2976  1 .6901211E+07   1488000E+01 -.6098E+06  .3548E+04   .9929174 -.1185177  .0082779
T 2977  1 .6124769E+07   1488000E+01 -.9771E+06  .2641E+06   .9887231 -.1418011  .0481569
T 2978  1 .6593858E+07   1488000E+01  .5375E+06 -.5826E+05   .9986913  .0499837 -.0108321
T 2979  1 .6338577E+07   1488000E+01 -.2145E+06  .5443E+06   .9981560 -.0076681  .0602151
T 2980  1 .6491036E+07   1488000E+01  .2593E+06 -.9553E+06   .9974571  .0215740 -.0679262
T 2981  1 .6386654E+07   1488000E+01  .1440E+06  .2567E+05   .9979091  .0611466  .0209397
T 2982  1 .6014742E+07   1488000E+01  .8807E+06  .1387E+06   .9828113  .1789488  .0453785
T 2983  1 .6613814E+07   1488000E+01 -.5180E+06 -.2365E+06   .9962911 -.0848069 -.0145525
T 2984  1 .6173036E+07   1488000E+01  .7122E+06  .7300E+06   .9964202  .0452293  .0714215
T 2985  1 .5852306E+07   1488000E+01  .2095E+06 -.4961E+06   .9979059  .0152693 -.0628538
T 2986  1 .6215186E+07   1488000E+01  .1338E+06 -.1161E+06   .9990972 -.0155944 -.0395173
T 2987  1 .6622145E+07   1488000E+01 -.1436E+06  .3086E+06   .9970617 -.0190095  .0742063
T 2988  1 .6340770E+07   1488000E+01  .5185E+04 -.7658E+06   .9975188 -.0385963 -.0588776
T 2989  1 .6788632E+07   1488000E+01  .4409E+06 -.2458E+05   .9985858  .0466974 -.0254104
T 2990  1 .6791933E+07   1488000E+01  .3863E+06 -.3644E+06   .9978029 -.0042516 -.0661163
T 2991  1 .5988401E+07   1488000E+01  .3841E+04 -.2842E+06   .9944069 -.0989349  .0369703
T 2992  1 .5988445E+07   1488000E+01 -.2139E+06 -.3585E+06   .9791933  .1748702  .1029602
T 2993  1 .6328319E+07   1488000E+01  .6181E+05 -.8755E+05   .9999960 -.0011375 -.0025793
T 2994  1 .6781127E+07   1488000E+01 -.1024E+06 -.4322E+06   .9961732 -.0168185 -.0857675
T 2995  1 .6003102E+07   1488000E+01 -.3077E+05  .5295E+06   .9975136 -.0185048  .0680017
T 2996  1 .6357927E+07   1488000E+01 -.4830E+05 -.1996E+06   .9990919  .0421907  .0059484
T 2997  1 .6328749E+07   1488000E+01  .1391E+06 -.2560E+06   .9997864  .0150671 -.0141500
T 2998  1 .6947403E+07   1488000E+01  .6536E+05 -.8951E+05   .9998009  .0168765  .0106429
T 2999  1 .6574424E+07   1488000E+01 -.1982E+06 -.3564E+05   .9997607 -.0174614  .0131752
T 3000  1 .6862217E+07   1488000E+01  .1803E+06 -.4629E+05   .9999174  .0123583  .0035312
T 3001  1 .6252505E+07   1488000E+01  .2275E+06  .1243E+07   .9941549  .0661274  .0853413
T 3002  1 .6539702E+07   1488000E+01 -.9821E+05 -.4057E+05   .9976535 -.0045435  .0683146
T 3003  1 .6286582E+07   1488000E+01  .1869E+06 -.1619E+06   .9985662  .0503900  .0180661
T 3004  1 .6281983E+07   1488000E+01 -.2988E+06 -.8311E+06   .9949253 -.0501788 -.0872106
T 3005  1 .6344147E+07   1488000E+01 -.3011E+06 -.3335E+05   .9993721 -.0112564  .0335958
T 3006  1 .5291094E+07   1488000E+01 -.1573E+07 -.8437E+06   .9397739 -.3242964 -.1079671
T 3007  1 .6353876E+07   1488000E+01 -.5915E+05 -.1017E+06   .9999814 -.0041374  .0044777
T 3008  1 .5878558E+07   1488000E+01  .1248E+06 -.2315E+06   .9982463  .0591861 -.0011803
T 3009  1 .6614923E+07   1488000E+01 -.3871E+06  .3059E+06   .9976055 -.0662980  .0196946
T 3010  1 .6441539E+07   1488000E+01 -.1663E+06  .6550E+06   .9970984 -.0521266  .0554755
T 3011  1 .6904466E+07   1488000E+01 -.5066E+06  .6267E+05   .9994087 -.0343672 -.0010850
T 3012  1 .6498716E+07   1488000E+01 -.2626E+06  .2023E+05   .9988430 -.0282641 -.0389075
T 3013  1 .6160233E+07   1488000E+01  .2568E+06  .4320E+06   .9996122  .0275322 -.0041667
T 3014  1 .6213518E+07   1488000E+01  .1181E+06 -.3827E+06   .9973517 -.0364591 -.0629312
T 3015  1 .6211723E+07   1488000E+01  .1329E+06 -.4058E+06   .9892387 -.1403212  .0414335
T 3016  1 .6278033E+07   1488000E+01 -.2037E+06 -.2655E+06   .9987772 -.0387820  .0306600
T 3017  1 .6141970E+07   1488000E+01  .3220E+05 -.1847E+06   .9966137  .0244817 -.0784976
T 3018  1 .6037840E+07   1488000E+01  .5891E+06 -.4330E+06   .9967306  .0689581 -.0421055
T 3019  1 .6771905E+07   1488000E+01 -.6020E+06 -.6757E+05   .9981095 -.0614589 -.0003848
T 3020  1 .6909129E+07   1488000E+01 -.7613E+06  .1613E+07   .9902357 -.0352603  .1348702
T 3021  1 .6392652E+07   1488000E+01 -.3449E+05 -.3350E+05   .9987712  .0266991 -.0417511
T 3022  1 .6979753E+07   1488000E+01  .2818E+06 -.7187E+05   .9997182  .0219315  .0090892
T 3023  1 .6674336E+07   1488000E+01 -.2148E+05 -.1342E+06   .9971897 -.0543798 -.0515324
T 3024  1 .6591596E+07   1488000E+01 -.3913E+05  .2789E+05   .9993475 -.0336712 -.0130738
T 3025  1 .6363174E+07   1488000E+01  .3294E+06 -.5902E+05   .9997108  .0175069 -.0164873
T 3026  1 .6173808E+07   1488000E+01 -.4008E+06  .1499E+07   .9676812 -.0612085  .2446358
T 3027  1 .6600546E+07   1488000E+01  .2653E+06  .5787E+06   .9923680  .0380302  .1173007
T 3028  1 .6247267E+07   1488000E+01 -.1244E+06  .6033E+06   .9959993  .0173601  .0876591
T 3029  1 .6074521E+07   1488000E+01 -.2236E+06  .1928E+06   .9975527 -.0342615  .0609492
T 3030  1 .6249097E+07   1488000E+01 -.1306E+06  .3189E+06   .9988041  .0483110  .0075139
T 3031  1 .6334640E+07   1488000E+01  .2085E+06  .3841E+06   .9996426 -.0039701  .0264385
T 3032  1 .6203919E+07   1488000E+01 -.4101E+06 -.4436E+06   .9984065 -.0506796 -.0248195
T 3033  1 .6760774E+07   1488000E+01  .2014E+06 -.3912E+05   .9975020  .0520584 -.0477468
T 3034  1 .6844268E+07   1488000E+01  .2442E+06  .8338E+05   .9995279 -.0282090  .0121731
T 3035  1 .7240079E+07   1488000E+01 -.5388E+04 -.2667E+06   .9997450 -.0185913 -.0128148
T 3036  1 .6243147E+07   1488000E+01 -.5592E+05  .2365E+06   .9973424 -.0017085  .0728371
T 3037  1 .6311483E+07   1488000E+01 -.2439E+06 -.4566E+06   .9980693 -.0354027 -.0510331
T 3038  1 .6646944E+07   1488000E+01  .3966E+06 -.3340E+06   .9988610  .0383485 -.0283929
T 3039  1 .6449221E+07   1488000E+01 -.3356E+06 -.1951E+06   .9991402 -.0367916 -.0191114
T 3040  1 .6182164E+07   1488000E+01 -.7691E+05 -.6180E+06   .9955637  .0738808 -.0582633
T 3041  1 .6441995E+07   1488000E+01  .3943E+06 -.3034E+06   .9998204  .0092029 -.0165699
T 3042  1 .6437208E+07   1488000E+01 -.1788E+06 -.2780E+05   .9986551  .0167102 -.0490783
T 3043  1 .6092686E+07   1488000E+01 -.1668E+06 -.8127E+06   .9957759 -.0300636 -.0867556
T 3044  1 .6280806E+07   1488000E+01  .1501E+06  .6527E+06   .9954699  .0379135  .0871903
T 3045  1 .6643257E+07   1488000E+01  .8894E+05  .3773E+06   .9987849  .0231392  .0435128
T 3046  1 .6315765E+07   1488000E+01  .1001E+06 -.4963E+05   .9991845  .0403145  .0022573
T 3047  1 .6041448E+07   1488000E+01 -.3174E+06  .1432E+05   .9951000 -.0827240 -.0541539
T 3048  1 .6789839E+07   1488000E+01  .3753E+06  .1865E+06   .9962452  .0855406 -.0133502
T 3049  1 .6227278E+07   1488000E+01  .3917E+05  .7821E+05   .9993194  .0336816 -.0150455
T 3050  1 .6506140E+07   1488000E+01 -.8756E+05  .1812E+06   .9996283  .0255069 -.0096305
T 3051  1 .6843131E+07   1488000E+01  .1447E+06 -.7805E+06   .9980045  .0425176 -.0466834
T 3052  1 .6221739E+07   1488000E+01 -.1381E+06 -.6857E+06   .9996525 -.0009012 -.0263434
T 3053  1 .6385980E+07   1488000E+01  .3549E+05  .8739E+05   .9995388  .0281196  .0114651
T 3054  1 .6323885E+07   1488000E+01 -.2665E+06 -.1946E+06   .9991026 -.0180242 -.0383295
T 3055  1 .6380796E+07   1488000E+01 -.2550E+06  .6761E+06   .9948365  .0099858  .1009983
T 3056  1 .6023878E+07   1488000E+01 -.5309E+06  .7786E+06   .9945339 -.0713526  .0762311
T 3057  1 .6036877E+07   1488000E+01  .1465E+05 -.3375E+05   .9987746 -.0473449  .0144135
T 3058  1 .6527190E+07   1488000E+01 -.4958E+06 -.3443E+06   .9901897 -.1396432 -.0049046
T 3059  1 .6582402E+07   1488000E+01  .4729E+06  .1229E+06   .9956867  .0806753  .0458209
T 3060  1 .6034565E+07   1488000E+01  .2451E+06 -.4163E+06   .9972510 -.0128903 -.0729674
T 3061  1 .6311281E+07   1488000E+01 -.7701E+06 -.2503E+06   .9988270 -.0433762 -.0215218
T 3062  1 .6755414E+07   1488000E+01 -.1158E+06  .9929E+05   .9997790 -.0193458  .0082269
T 3063  1 .6565096E+07   1488000E+01 -.2873E+06  .7451E+06   .9971602 -.0511280  .0552938
T 3064  1 .6262589E+07   1488000E+01  .1135E+06 -.1299E+05   .9998038 -.0122205  .0155872
T 3065  1 .6726260E+07   1488000E+01  .3668E+06  .1677E+06   .9982644  .0574095  .0131280
T 3066  1 .6518923E+07   1488000E+01 -.7227E+05  .6763E+06   .9957963 -.0367379  .0839055
T 3067  1 .6565159E+07   1488000E+01  .1007E+06  .1173E+06   .9991166  .0417752 -.0045690
T 3068  1 .6050402E+07   1488000E+01  .5489E+06 -.3040E+06   .9959948  .0752120  .0483479
T 3069  1 .6269028E+07   1488000E+01  .1109E+07 -.2021E+06   .9922559  .1168260  .0421888
T 3070  1 .6763412E+07   1488000E+01 -.2424E+06 -.1146E+07   .9913089 -.0339549 -.1270977
T 3071  1 .6088444E+07   1488000E+01 -.5212E+06 -.2164E+06   .9855744 -.1378620  .0981691
T 3072  1 .6441591E+07   1488000E+01  .1105E+06 -.3318E+06   .9983274  .0566779 -.0114066
T 3073  1 .5997544E+07   1488000E+01 -.6522E+06  .1157E+07   .9719032 -.1610317  .1716771
T 3074  1 .6234221E+07   1488000E+01 -.1179E+06 -.1276E+05   .9991416 -.0290239 -.0295583
T 3075  1 .6399375E+07   1488000E+01  .5410E+05 -.6390E+05   .9995018  .0044822 -.0312418
T 3076  1 .7058957E+07   1488000E+01  .6634E+05  .4839E+06   .9994502 -.0089426  .0319272
T 3077  1 .6650438E+07   1488000E+01  .3744E+06  .2546E+06   .9990684  .0407162  .0143017
T 3078  1 .6271311E+07   1488000E+01 -.1143E+06  .3537E+06   .9959384  .0291955  .0851723
T 3079  1 .6626458E+07   1488000E+01 -.9538E+05  .2304E+06   .9995355 -.0215621  .0215373
T 3080  1 .6393782E+07   1488000E+01  .3852E+06 -.5621E+06   .9956173  .0767928 -.0533761
T 3081  1 .6903084E+07   1488000E+01 -.3835E+06 -.2023E+06   .9948898 -.0925661 -.0403211
T 3082  1 .6157608E+07   1488000E+01  .6856E+04  .3119E+06   .9994238  .0051291  .0335525
T 3083  1 .6460346E+07   1488000E+01 -.1977E+06 -.4300E+06   .9996966  .0149146 -.0196026
T 3084  1 .6790185E+07   1488000E+01  .2862E+06 -.3068E+06   .9978613  .0419418 -.0501361
T 3085  1 .6385795E+07   1488000E+01 -.2757E+06  .2625E+06   .9998554 -.0004729 -.0169989
T 3086  1 .6215943E+07   1488000E+01  .8482E+05  .6231E+05   .9944430 -.1050574  .0067799
T 3087  1 .6273503E+07   1488000E+01  .6331E+06 -.3414E+06   .9950164  .0949214 -.0305328
T 3088  1 .6652097E+07   1488000E+01 -.5235E+06 -.4628E+06   .9939309 -.0633647 -.0899233
T 3089  1 .6090169E+07   1488000E+01  .7575E+06  .3136E+05   .9967630  .0762600  .0254538
T 3090  1 .6114103E+07   1488000E+01 -.1561E+06 -.4893E+06   .9951499 -.0153145 -.0971702
T 3091  1 .6260602E+07   1488000E+01 -.2127E+06  .4364E+06   .9957248 -.0516029  .0766117
T 3092  1 .6232701E+07   1488000E+01 -.2542E+05  .1259E+06   .9994410  .0332393 -.0035742
T 3093  1 .6703893E+07   1488000E+01 -.4751E+06 -.2276E+06   .9989341  .0118971 -.0445995
T 3094  1 .6257499E+07   1488000E+01  .1521E+06  .2030E+06   .9989714  .0449614 -.0058776
T 3095  1 .6544884E+07   1488000E+01  .9889E+05  .5715E+06   .9859743  .0178059  .1659449
T 3096  1 .6428305E+07   1488000E+01 -.3628E+06  .1988E+06   .9944266 -.0903076  .0544086
T 3097  1 .6356560E+07   1488000E+01  .4950E+06  .6350E+06   .9975525  .0564372  .0412779
T 3098  1 .6363768E+07   1488000E+01 -.1644E+06 -.5132E+05   .9960220 -.0106592  .0884683
T 3099  1 .6323092E+07   1488000E+01 -.4715E+06  .1017E+06   .9912083 -.1322503 -.0039974
T 3100  1 .6206722E+07   1488000E+01 -.1471E+06  .5562E+06   .9947279  .0190957  .1007564
T 3101  1 .6742803E+07   1488000E+01 -.8935E+05 -.2355E+06   .9988276 -.0114932 -.0470252
T 3102  1 .6321523E+07   1488000E+01  .2918E+06  .2401E+05   .9989363  .0211717  .0409645
T 3103  1 .6409171E+07   1488000E+01  .1739E+06  .3720E+06   .9999683  .0011227 -.0078813
T 3104  1 .6312409E+07   1488000E+01  .1184E+06 -.5685E+06   .9969935 -.0454856 -.0627294
T 3105  1 .6839191E+07   1488000E+01  .6568E+06 -.2832E+06   .9965866  .0688767 -.0455090
T 3106  1 .6237465E+07   1488000E+01 -.2674E+06  .5067E+05   .9999351  .0112355 -.0018660
T 3107  1 .6042086E+07   1488000E+01  .6654E+05  .3527E+06   .9967210  .0216142  .0779751
T 3108  1 .6818512E+07   1488000E+01 -.8641E+05  .6245E+05   .9993298 -.0280229 -.0235510
T 3109  1 .6450641E+07   1488000E+01 -.9077E+06  .3677E+06   .9970689 -.0434383  .0629812
T 3110  1 .6588635E+07   1488000E+01 -.4329E+06  .3949E+06   .9979430 -.0601347  .0222149
T 3111  1 .6282407E+07   1488000E+01  .6642E+05  .2244E+06   .9986171  .0446965 -.0276805
T 3112  1 .6464502E+07   1488000E+01  .3006E+04  .2808E+06   .9971214  .0112223  .0749862
T 3113  1 .6095916E+07   1488000E+01 -.1053E+06  .3841E+06   .9996726  .0144978  .0210825
T 3114  1 .6773227E+07   1488000E+01  .2410E+06 -.4017E+06   .9987677  .0474784  .0144525
T 3115  1 .6227058E+07   1488000E+01 -.1806E+05  .3872E+06   .9980499 -.0111813  .0614113
T 3116  1 .6793762E+07   1488000E+01 -.3254E+06 -.5645E+06   .9947643 -.0772949 -.0668539
T 3117  1 .7133172E+07   1488000E+01  .1918E+06 -.2015E+05   .9998160  .0080027  .0174314
T 3118  1 .5759312E+07   1488000E+01 -.9817E+06 -.4014E+06   .9927583 -.1181146 -.0219079
T 3119  1 .6363215E+07   1488000E+01 -.2453E+06 -.1137E+06   .9999366 -.0079647  .0079554
T 3120  1 .6706167E+07   1488000E+01 -.7981E+06  .1485E+06   .9977768 -.0379135  .0548090
T 3121  1 .5816749E+07   1488000E+01  .1693E+06 -.1316E+05   .9994667  .0216273 -.0244652
T 3122  1 .6691412E+07   1488000E+01 -.1228E+07 -.2645E+06   .9822367 -.1874439 -.0087063
T 3123  1 .6857848E+07   1488000E+01  .2752E+06 -.1571E+05   .9970103  .0738271 -.0228025
T 3124  1 .6382744E+07   1488000E+01 -.3912E+06  .7396E+06   .9902769 -.1146362  .0788048
T 3125  1 .6141070E+07   1488000E+01  .4819E+06 -.7572E+05   .9979730  .0630908  .0083390
T 3126  1 .6121838E+07   1488000E+01  .3656E+06  .7935E+05   .9987594  .0481403  .0127371
T 3127  1 .6442314E+07   1488000E+01 -.4736E+06 -.1760E+06   .9974691 -.0068691 -.0707683
T 3128  1 .6660619E+07   1488000E+01 -.1955E+06 -.1707E+06   .9989684 -.0213218 -.0400951
T 3129  1 .6913679E+07   1488000E+01 -.8348E+05 -.2285E+06   .9668701  .2422350 -.0805255
T 3130  1 .6874926E+07   1488000E+01 -.4138E+05 -.5457E+05   .9996999  .0175130 -.0171303
T 3131  1 .6548190E+07   1488000E+01 -.3172E+05 -.3334E+06   .9978234  .0239093 -.0614556
T 3132  1 .6264373E+07   1488000E+01  .2514E+06 -.7553E+05   .9976309  .0613286 -.0311666
T 3133  1 .6065636E+07   1488000E+01 -.7646E+05  .6859E+06   .9826524 -.0418420  .1806754
T 3134  1 .6073661E+07   1488000E+01 -.3592E+06  .8204E+05   .9980797 -.0572737  .0235952
T 3135  1 .6233252E+07   1488000E+01  .1230E+06 -.5407E+06   .9988934  .0282447 -.0376057
T 3136  1 .6127257E+07   1488000E+01 -.5253E+06  .4687E+06   .9982921 -.0085792  .0577857
T 3137  1 .5916193E+07   1488000E+01 -.5566E+06 -.4555E+06   .9737435 -.2275331  .0072281
T 3138  1 .6174065E+07   1488000E+01  .5252E+06  .1706E+06   .9949277  .1001027  .0099138
T 3139  1 .6934552E+07   1488000E+01  .3176E+06  .5782E+06   .9924808  .0354356  .1171584
T 3140  1 .6827848E+07   1488000E+01 -.2403E+06  .2899E+05   .9995343 -.0287426  .0102517
T 3141  1 .6165120E+07   1488000E+01 -.1108E+06  .1526E+06   .9987273  .0335091  .0376952
T 3142  1 .5963432E+07   1488000E+01  .6142E+05 -.2111E+06   .9994622  .0290396  .0152318
T 3143  1 .6315249E+07   1488000E+01  .3776E+06 -.4157E+06   .9664331  .1526081 -.2066829
T 3144  1 .5955835E+07   1488000E+01  .2834E+06 -.4310E+05   .9999542 -.0036164  .0088590
T 3145  1 .6597308E+07   1488000E+01 -.4944E+05 -.1524E+06   .9990186  .0225577 -.0381181
T 3146  1 .6535476E+07   1488000E+01 -.1421E+06  .2568E+05   .9933116 -.0996812 -.0582726
T 3147  1 .6234441E+07   1488000E+01  .3171E+06  .1574E+06   .9977897  .0662869  .0046644
T 3148  1 .6401024E+07   1488000E+01  .1025E+06 -.9965E+05   .9994174 -.0288013  .0183132
T 3149  1 .6824657E+07   1488000E+01 -.1763E+06 -.4459E+06   .9962580 -.0804215  .0316600
T 3150  1 .6507065E+07   1488000E+01 -.3943E+06  .2747E+06   .9955293 -.0888347 -.0320898
T 3151  1 .6382140E+07   1488000E+01 -.1757E+06 -.4085E+06   .9969591  .0113601 -.0770942
T 3152  1 .6098094E+07   1488000E+01  .5650E+06 -.3268E+06   .9989911 -.0134889 -.0428347
T 3153  1 .6369116E+07   1488000E+01  .4062E+06  .7062E+06   .9949417  .0649547  .0766288
T 3154  1 .6791726E+07   1488000E+01 -.5916E+06  .1495E+06   .9926592 -.0943025  .0757284
T 3155  1 .7046149E+07   1488000E+01 -.1502E+06  .1000E+06   .9971006 -.0327910 -.0686663
T 3156  1 .6522158E+07   1488000E+01 -.1003E+06  .3471E+06   .9981475  .0101630  .0599855
T 3157  1 .6632159E+07   1488000E+01 -.4339E+05  .4107E+06   .9934284  .0500812  .1029167
T 3158  1 .6567411E+07   1488000E+01  .3031E+06 -.1259E+06   .9993085 -.0097248 -.0358887
T 3159  1 .6531578E+07   1488000E+01 -.1993E+06 -.5859E+05   .9991978 -.0306229  .0258072
T 3160  1 .1198525E+07   1488000E+01 -.3180E+07  .2816E+07   .5112285 -.5905258  .6244395
T 3161  1 .6582863E+07   1488000E+01  .1686E+06 -.4813E+06   .9983266  .0149163 -.0558702
T 3162  1 .6508644E+07   1488000E+01  .1685E+06  .1813E+06   .9993662  .0310012  .0174951
T 3163  1 .6188399E+07   1488000E+01 -.7285E+06  .1665E+06   .9906849 -.1143191  .0739906
T 3164  1 .6734138E+07   1488000E+01 -.5434E+06 -.6855E+06   .9962493 -.0751487 -.0428952
T 3165  1 .6236578E+07   1488000E+01 -.8623E+05 -.2740E+05   .9985572 -.0402993 -.0354880
T 3166  1 .5862035E+07   1488000E+01  .7167E+06 -.2145E+05   .9972796  .0718446  .0164842
T 3167  1 .6886127E+07   1488000E+01  .3802E+06  .7349E+05   .9976166  .0674271 -.0146545
T 3168  1 .6671683E+07   1488000E+01  .1925E+06  .3447E+05   .9998070  .0112123 -.0161332
T 3169  1 .6817890E+07   1488000E+01 -.4025E+05 -.8560E+06   .9756270 -.0544099 -.2125830
T 3170  1 .6415148E+07   1488000E+01 -.2721E+06  .3793E+06   .9999422  .0085940  .0064613
T 3171  1 .6815681E+07   1488000E+01 -.1124E+06 -.5820E+06   .9985520 -.0070545 -.0533303
T 3172  1 .6445595E+07   1488000E+01 -.2748E+06 -.8350E+06   .9873266 -.0864820 -.1330678
T 3173  1 .6545349E+07   1488000E+01  .4318E+06 -.5408E+05   .9976511  .0682714 -.0055884
T 3174  1 .6099967E+07   1488000E+01 -.3070E+06  .2934E+06   .9954825 -.0500592  .0806757
T 3175  1 .6217793E+07   1488000E+01 -.4212E+06 -.8932E+05   .9977168 -.0668752 -.0094257
T 3176  1 .6342888E+07   1488000E+01 -.3757E+06 -.1640E+06   .9998612 -.0122511  .0112947
T 3177  1 .5948803E+07   1488000E+01  .1287E+06 -.4642E+05   .9945953  .0840863 -.0609076
T 3178  1 .6078626E+07   1488000E+01  .1069E+07 -.9460E+06   .9893187  .1092375 -.0965181
T 3179  1 .6101209E+07   1488000E+01 -.1471E+06  .3652E+06   .9990259  .0408825  .0166071
T 3180  1 .5955751E+07   1488000E+01  .4197E+06  .3978E+06   .9934363  .0941746  .0649265
T 3181  1 .6804566E+07   1488000E+01  .1683E+06  .4729E+06   .9998940 -.0094784 -.0110538
T 3182  1 .6033437E+07   1488000E+01 -.2527E+06  .3710E+06   .9956954 -.0699410  .0608191
T 3183  1 .5720547E+07   1488000E+01  .3713E+06  .2557E+06   .9950702  .0530796  .0837726
T 3184  1 .6685293E+07   1488000E+01  .7848E+05 -.1265E+06   .9994887 -.0162781  .0275218
T 3185  1 .6675654E+07   1488000E+01 -.4739E+06 -.5957E+06   .9953737 -.0204195 -.0938845
T 3186  1 .6297847E+07   1488000E+01  .2846E+06 -.4978E+06   .9774529  .1487914 -.1498232
T 3187  1 .6616937E+07   1488000E+01  .8924E+05 -.8649E+06   .9994555  .0186923 -.0271914
T 3188  1 .6099783E+07   1488000E+01 -.4417E+06  .6601E+06   .9974702 -.0336177  .0626337
T 3189  1 .6683750E+07   1488000E+01  .3037E+05  .3631E+06   .9995672  .0066204  .0286634
T 3190  1 .6367709E+07   1488000E+01  .1914E+06  .7136E+06   .9831573  .0461622  .1768355
T 3191  1 .7162145E+07   1488000E+01  .5463E+06 -.7777E+06   .9910052  .0479995 -.1249188
T 3192  1 .6620724E+07   1488000E+01 -.1305E+06  .1945E+05   .9994220 -.0331043 -.0077267
T 3193  1 .6793954E+07   1488000E+01 -.1119E+05 -.7296E+05   .9976710  .0667712 -.0139334
T 3194  1 .6257365E+07   1488000E+01  .7706E+05 -.3106E+06   .9994607  .0060114 -.0322830
T 3195  1 .6529481E+07   1488000E+01  .5894E+06 -.4022E+06   .9972156  .0528606 -.0525999
T 3196  1 .6149241E+07   1488000E+01  .2447E+06  .8004E+06   .9961123  .0519167  .0711688
T 3197  1 .6342185E+07   1488000E+01  .1547E+06 -.2255E+06   .9991724 -.0171530  .0368822
T 3198  1 .6141757E+07   1488000E+01 -.1678E+06 -.1062E+07   .9953734  .0018182 -.0960645
T 3199  1 .6633140E+07   1488000E+01 -.4261E+06 -.1686E+06   .9986442 -.0508006 -.0113584
T 3200  1 .6600623E+07   1488000E+01 -.5953E+04  .4702E+06   .9978682  .0180795  .0627078
T 3201  1 .6341169E+07   1488000E+01 -.6579E+06 -.3449E+05   .9994615 -.0257280 -.0203663
T 3202  1 .6437720E+07   1488000E+01  .3877E+05  .3239E+06   .9995668  .0116389  .0270324
T 3203  1 .6332833E+07   1488000E+01  .3306E+06  .1259E+06   .9989449  .0457185 -.0043439
T 3204  1 .6776673E+07   1488000E+01 -.4471E+05  .3725E+06   .9993730 -.0243243 -.0257296
T 3205  1 .6283701E+07   1488000E+01 -.9864E+05  .2321E+05   .9989401 -.0120039  .0444355
T 3206  1 .6342650E+07   1488000E+01 -.5120E+06  .6186E+06   .9982803 -.0575189  .0113118
T 3207  1 .6501270E+07   1488000E+01 -.2474E+06 -.2203E+06   .9983522 -.0312453 -.0481312
T 3208  1 .6133465E+07   1488000E+01  .1844E+06 -.3821E+06   .9975795  .0211116 -.0662523
T 3209  1 .6492106E+07   1488000E+01 -.4379E+06 -.4605E+06   .9893958 -.0808607 -.1206549
T 3210  1 .6695878E+07   1488000E+01  .3258E+06  .9138E+05   .9980422  .0621389 -.0071100
T 3211  1 .6496269E+07   1488000E+01  .5500E+05  .1736E+06   .9988209 -.0430844 -.0223742
T 3212  1 .6799210E+07   1488000E+01  .5564E+05 -.1388E+06   .9997499  .0174533 -.0139808
T 3213  1 .6511703E+07   1488000E+01 -.6488E+06 -.1241E+06   .9988600 -.0473364 -.0061557
T 3214  1 .5937423E+07   1488000E+01  .6817E+06 -.9082E+06   .9837808  .1354779 -.1175630
T 3215  1 .6632451E+07   1488000E+01 -.2807E+06 -.5248E+06   .9944358 -.0203529 -.1033598
T 3216  1 .5995327E+07   1488000E+01  .1130E+07 -.1799E+07   .9860974  .0951406 -.1362357
T 3217  1 .5736196E+07   1488000E+01 -.2044E+07 -.1918E+06   .9888960 -.1399884 -.0498799
T 3218  1 .5481012E+07   1488000E+01  .4002E+06  .1431E+06   .9995494  .0219329  .0204947
T 3219  1 .6194706E+07   1488000E+01 -.2115E+06  .3734E+06   .9989127 -.0044060  .0464116
T 3220  1 .6671623E+07   1488000E+01 -.4150E+05 -.5597E+06   .9981283 -.0138918 -.0595563
T 3221  1 .6380197E+07   1488000E+01 -.7599E+05 -.1030E+06   .9988923 -.0344102 -.0320941
T 3222  1 .6637240E+07   1488000E+01 -.7856E+06  .4264E+06   .9532764 -.2615482  .1511840
T 3223  1 .5677369E+07   1488000E+01 -.4522E+06 -.3132E+06   .9971776 -.0694038 -.0286347
T 3224  1 .6404393E+07   1488000E+01 -.1264E+07  .6939E+06   .9892600 -.1231975  .0786582
T 3225  1 .6172154E+07   1488000E+01  .1128E+06 -.1473E+06   .9929172 -.0925582 -.0744878
T 3226  1 .6180407E+07   1488000E+01 -.1845E+06 -.3214E+05   .9996785 -.0246340 -.0060077
T 3227  1 .5892398E+07   1488000E+01  .1604E+06 -.3183E+06   .9988718 -.0178334 -.0440132
T 3228  1 .6329013E+07   1488000E+01  .2365E+06  .6569E+05   .9980646  .0584317  .0212804
T 3229  1 .6361410E+07   1488000E+01 -.1223E+07 -.6581E+05   .9924623 -.1211643 -.0183782
T 3230  1 .7025069E+07   1488000E+01  .1214E+07  .7950E+06   .9928180  .1114462  .0434997
T 3231  1 .6060839E+07   1488000E+01  .3798E+05  .8131E+05   .9996419  .0255837 -.0078485
T 3232  1 .5815684E+07   1488000E+01 -.7631E+05  .1719E+06   .9955505  .0726916  .0599598
T 3233  1 .6190801E+07   1488000E+01  .4931E+06  .4069E+06   .9971162  .0177208  .0737921
T 3234  1 .6618309E+07   1488000E+01 -.5718E+06 -.7707E+05   .9992935  .0080052 -.0367216
T 3235  1 .6236470E+07   1488000E+01  .1024E+06 -.4138E+05   .9995482  .0067407 -.0292914
T 3236  1 .6577902E+07   1488000E+01 -.4633E+06  .3546E+06   .9978876 -.0519350  .0390261
T 3237  1 .6481480E+07   1488000E+01  .2769E+06  .1303E+06   .9914203  .0833838  .1006627
T 3238  1 .6427268E+07   1488000E+01  .4689E+06 -.3759E+05   .9983292  .0404445 -.0412669
T 3239  1 .7036150E+07   1488000E+01  .5972E+06 -.2894E+06   .9947697  .0720641 -.0723878
T 3240  1 .6375302E+07   1488000E+01 -.2364E+06  .3480E+06   .9931911 -.0872413  .0772038
T 3241  1 .6687658E+07   1488000E+01  .7015E+06  .2338E+06   .9922791  .1227070  .0180341
T 3242  1 .5990305E+07   1488000E+01  .5746E+04 -.1433E+05   .9959726  .0680545 -.0583704
T 3243  1 .6549447E+07   1488000E+01 -.8871E+06  .2468E+06   .9947059 -.0846768  .0582237
T 3244  1 .6531636E+07   1488000E+01  .1363E+07  .5709E+06   .9939372  .1085653  .0173899
T 3245  1 .6473473E+07   1488000E+01  .4663E+06 -.1603E+06   .9988031  .0486081 -.0054387
T 3246  1 .6216255E+07   1488000E+01 -.1805E+06  .8246E+05   .9994127 -.0165954  .0299792
T 3247  1 .6290693E+07   1488000E+01 -.4664E+06 -.3120E+06   .9967189 -.0707526 -.0393136
T 3248  1 .6662651E+07   1488000E+01 -.3884E+06 -.5348E+06   .9959979 -.0628874 -.0635094
T 3249  1 .6210146E+07   1488000E+01 -.5571E+06  .2265E+06   .9959085 -.0868010 -.0251370
T 3250  1 .6552357E+07   1488000E+01 -.2631E+06 -.4114E+06   .9988523 -.0423548  .0223631
T 3251  1 .6283152E+07   1488000E+01  .4771E+06  .3765E+06   .9947392  .0932884  .0423218
T 3252  1 .6781037E+07   1488000E+01  .8245E+05 -.7020E+05   .9969556  .0651060 -.0429032
T 3253  1 .6409530E+07   1488000E+01 -.1602E+06 -.7061E+06   .9984135 -.0006735 -.0563037
T 3254  1 .6186382E+07   1488000E+01  .3316E+06 -.3706E+06   .9950504  .0933160 -.0341594
T 3255  1 .6255786E+07   1488000E+01  .1938E+06  .2067E+05   .9993536  .0283101  .0221560
T 3256  1 .6361955E+07   1488000E+01 -.1032E+06  .8016E+05   .9997186 -.0198754 -.0129491
T 3257  1 .6257412E+07   1488000E+01 -.2991E+06  .1139E+06   .9987625 -.0480358 -.0128831
T 3258  1 .6003457E+07   1488000E+01 -.6096E+06 -.1052E+06   .9929667 -.1171849 -.0168773
T 3259  1 .6620646E+07   1488000E+01  .4250E+05 -.4874E+05   .9996170  .0262562  .0087500
T 3260  1 .6220965E+07   1488000E+01  .2562E+06 -.2065E+06   .9999011 -.0090521  .0107619
T 3261  1 .6267106E+07   1488000E+01  .8442E+06 -.2980E+06   .9932305  .1158267  .0087932
T 3262  1 .6131040E+07   1488000E+01 -.1973E+06 -.1977E+05   .9985519 -.0036666 -.0536723
T 3263  1 .6305438E+07   1488000E+01 -.2938E+06 -.6249E+06   .9948877 -.0756941 -.0668498
T 3264  1 .6040122E+07   1488000E+01  .1915E+06  .5343E+06   .9980728  .0207679  .0584751
T 3265  1 .5977446E+07   1488000E+01 -.2297E+06 -.2654E+05   .9993444 -.0313580 -.0180955
T 3266  1 .6464606E+07   1488000E+01  .4843E+06 -.4501E+06   .9983683  .0453624 -.0346849
T 3267  1 .6356483E+07   1488000E+01  .1578E+06  .6058E+05   .9943081  .1063146  .0069747
T 3268  1 .6858124E+07   1488000E+01  .1245E+06  .2788E+06   .9975746  .0183483  .0671430
T 3269  1 .6194373E+07   1488000E+01  .6069E+06 -.1423E+06   .9936650  .1079082  .0313968
T 3270  1 .6808938E+07   1488000E+01  .2253E+05 -.2310E+06   .9986448  .0486451  .0184992
T 3271  1 .6630386E+07   1488000E+01 -.1835E+06 -.1744E+05   .9992335 -.0304397 -.0246144
T 3272  1 .6433952E+07   1488000E+01  .2007E+06 -.7506E+06   .9612409  .0721358 -.2661058
T 3273  1 .6130896E+07   1488000E+01  .8351E+05  .4840E+06   .9949654 -.0301134  .0955877
T 3274  1 .6356011E+07   1488000E+01  .1649E+06 -.1976E+06   .9984161  .0501950 -.0254104
T 3275  1 .6340301E+07   1488000E+01  .4028E+06 -.4173E+06   .9944930  .0153473 -.1036731
T 3276  1 .6334312E+07   1488000E+01 -.2668E+06  .4736E+06   .9930522 -.0891968  .0767551
T 3277  1 .6534745E+07   1488000E+01 -.3560E+06  .2592E+06   .9994039 -.0336837 -.0075620
T 3278  1 .6185776E+07   1488000E+01 -.2027E+06  .1508E+06   .9998039 -.0193667 -.0041432
T 3279  1 .6386498E+07   1488000E+01 -.8957E+06  .2254E+06   .9875752 -.1571126  .0033053
T 3280  1 .6018454E+07   1488000E+01  .3187E+06 -.2987E+06   .9999150 -.0121350  .0047708
T 3281  1 .6069726E+07   1488000E+01 -.2015E+06 -.2703E+06   .9978270 -.0414526 -.0512157
T 3282  1 .6160235E+07   1488000E+01  .1890E+06 -.5075E+06   .9971601  .0230930 -.0716825
T 3283  1 .6406881E+07   1488000E+01  .2355E+06  .5432E+06   .9976135  .0250027  .0643599
T 3284  1 .5947477E+07   1488000E+01 -.3077E+06 -.2680E+05   .9999652  .0078710 -.0027587
T 3285  1 .6444567E+07   1488000E+01  .3215E+06 -.1092E+06   .9984909  .0008012 -.0549120
T 3286  1 .5998326E+07   1488000E+01  .2164E+07 -.4204E+06   .9877053  .1469453 -.0533410
T 3287  1 .6611686E+07   1488000E+01 -.4564E+06 -.1543E+06   .9983434 -.0225670 -.0529257
T 3288  1 .6544872E+07   1488000E+01  .4730E+06  .1809E+06   .9959804  .0326842 -.0833952
T 3289  1 .6002333E+07   1488000E+01  .4175E+06 -.2045E+06   .9997074 -.0211663 -.0117104
T 3290  1 .6356155E+07   1488000E+01  .1731E+06 -.9325E+05   .9992875  .0213045 -.0311549
T 3291  1 .6621906E+07   1488000E+01  .2774E+06 -.1934E+06   .9998885  .0116548 -.0093337
T 3292  1 .5485644E+07   1488000E+01 -.5364E+06 -.4959E+06   .9996168  .0110132 -.0253963
T 3293  1 .6399678E+07   1488000E+01 -.5898E+06 -.1095E+05   .9971001 -.0755159 -.0094167
T 3294  1 .6798055E+07   1488000E+01 -.1640E+06 -.3164E+06   .9988375  .0270931 -.0398704
T 3295  1 .6574222E+07   1488000E+01  .1024E+06  .1022E+06   .9998281 -.0000436 -.0185426
T 3296  1 .6105479E+07   1488000E+01 -.2655E+06 -.1053E+06   .9994728 -.0259921 -.0194552
T 3297  1 .6082396E+07   1488000E+01 -.1792E+05 -.3999E+06   .9927205 -.0712294 -.0971201
T 3298  1 .6339101E+07   1488000E+01 -.4029E+06  .6577E+06   .9993012 -.0205957  .0311930
T 3299  1 .5888485E+07   1488000E+01 -.1846E+07  .2002E+07   .9478597 -.2247149  .2259762
T 3300  1 .6547208E+07   1488000E+01  .1478E+06  .1753E+06   .9985789  .0531699  .0036316
T 3301  1 .6444132E+07   1488000E+01  .5291E+06 -.3467E+06   .9930128  .1112821 -.0392665
T 3302  1 .6377002E+07   1488000E+01 -.6281E+06  .3102E+05   .9751139 -.2130525  .0613317
T 3303  1 .6257781E+07   1488000E+01 -.1234E+06  .5974E+05   .9990001 -.0320427 -.0311793
T 3304  1 .6388914E+07   1488000E+01 -.2015E+06 -.1699E+06   .9999295  .0099769  .0064347
T 3305  1 .6511962E+07   1488000E+01  .2684E+06 -.2381E+06   .9995700  .0281906 -.0080677
T 3306  1 .6203241E+07   1488000E+01  .1305E+06 -.8163E+06   .9936331  .1069700 -.0353648
T 3307  1 .6415440E+07   1488000E+01  .2270E+06 -.1268E+06   .9963122  .0521261  .0681536
T 3308  1 .5948148E+07   1488000E+01  .1249E+05  .1587E+05   .9973742  .0013381 -.0724075
T 3309  1 .6871858E+07   1488000E+01 -.1378E+03 -.1973E+06   .9996798  .0130754 -.0216647
T 3310  1 .6888155E+07   1488000E+01 -.1435E+06  .4615E+06   .9962389 -.0357793  .0789175
T 3311  1 .5871414E+07   1488000E+01 -.8494E+06  .4590E+05   .9945084 -.1045865  .0038391
T 3312  1 .6672188E+07   1488000E+01  .1245E+06 -.1657E+06   .9985602  .0428038  .0323332
T 3313  1 .6986112E+07   1488000E+01 -.2015E+06 -.3052E+06   .9986093 -.0149143 -.0505666
T 3314  1 .6491549E+07   1488000E+01 -.4667E+06 -.1398E+06   .9831675 -.1623934 -.0837266
T 3315  1 .6598297E+07   1488000E+01 -.5787E+06 -.3525E+06   .9980334 -.0467279 -.0417822
T 3316  1 .6523139E+07   1488000E+01 -.4313E+06 -.3110E+06   .9998524  .0170800  .0018580
T 3317  1 .6933188E+07   1488000E+01  .2926E+06  .5045E+06   .9965424  .0374531  .0741648
T 3318  1 .6641808E+07   1488000E+01  .4459E+05  .2580E+06   .9967685  .0695583  .0401780
T 3319  1 .6878831E+07   1488000E+01 -.4752E+06  .3997E+05   .9959444 -.0878306  .0195052
T 3320  1 .6351423E+07   1488000E+01 -.6086E+05 -.1270E+06   .9940845 -.0810408 -.0723075
T 3321  1 .6334439E+07   1488000E+01  .1264E+06 -.2216E+06   .9995430  .0240228  .0183473
T 3322  1 .6814152E+07   1488000E+01 -.1070E+06  .5259E+06   .9980852 -.0240203  .0570003
T 3323  1 .6222421E+07   1488000E+01  .3258E+06 -.2008E+06   .9921970  .1202515 -.0329340
T 3324  1 .6454528E+07   1488000E+01 -.3342E+06 -.1448E+06   .9991401 -.0028785 -.0413621
T 3325  1 .7130831E+07   1488000E+01  .5443E+05  .9124E+05   .9989014 -.0097008  .0458466
T 3326  1 .6978322E+07   1488000E+01  .1049E+06 -.2120E+06   .9961303 -.0237540 -.0846179
T 3327  1 .6241050E+07   1488000E+01 -.3867E+05  .4527E+05   .9983744 -.0418188 -.0387258
T 3328  1 .6163675E+07   1488000E+01  .4417E+06 -.7588E+06   .9914360  .1022630 -.0812218
T 3329  1 .5980395E+07   1488000E+01 -.4824E+06  .8020E+05   .9959725 -.0772134  .0455734
T 3330  1 .6269321E+07   1488000E+01  .2606E+06 -.9187E+06   .9954052  .0538629 -.0791655
T 3331  1 .6700640E+07   1488000E+01  .1467E+06 -.2999E+06   .9993546  .0326267 -.0150293
T 3332  1 .6090104E+07   1488000E+01 -.1650E+07  .6739E+05   .9743785 -.2196809 -.0482366
T 3333  1 .6794657E+07   1488000E+01 -.1932E+06  .1560E+06   .9987006  .0299379  .0412417
T 3334  1 .6430666E+07   1488000E+01  .4383E+06  .1075E+06   .9980534  .0620371  .0063877
T 3335  1 .6438075E+07   1488000E+01 -.5552E+06 -.2220E+05   .9970574 -.0681131 -.0351721
T 3336  1 .6506286E+07   1488000E+01 -.1065E+06 -.3413E+06   .9968494 -.0790865 -.0060482
T 3337  1 .6416553E+07   1488000E+01  .1886E+06  .4170E+06   .9993871 -.0144753  .0318737
T 3338  1 .4055831E+07   1488000E+01 -.1500E+07 -.3731E+07   .7649768 -.2001203 -.6121784
T 3339  1 .7005757E+07   1488000E+01 -.2758E+06 -.1133E+06   .9988907 -.0104471  .0459154
T 3340  1 .6338871E+07   1488000E+01 -.2569E+06  .3434E+06   .9961057 -.0029418  .0881180
T 3341  1 .6845090E+07   1488000E+01 -.1933E+06  .5372E+06   .9983360  .0081118  .0570911
T 3342  1 .6314458E+07   1488000E+01 -.1230E+06 -.5689E+05   .9973558 -.0686484  .0238497
T 3343  1 .6647491E+07   1488000E+01  .9921E+05 -.1424E+06   .9996290  .0263541 -.0068808
T 3344  1 .6494442E+07   1488000E+01 -.1940E+06  .7039E+05   .9997312 -.0210050  .0098146
T 3345  1 .6479764E+07   1488000E+01 -.1110E+07  .4347E+06   .9893837 -.1267985  .0710078
T 3346  1 .6058306E+07   1488000E+01  .2886E+05 -.3404E+06   .9980713  .0119555 -.0609154
T 3347  1 .6019700E+07   1488000E+01  .4974E+05  .1717E+06   .9990199  .0047754  .0440039
T 3348  1 .6330316E+07   1488000E+01  .1219E+06 -.3558E+05   .9995973 -.0053701  .0278655
T 3349  1 .6146422E+07   1488000E+01  .4074E+06  .2338E+06   .9962852  .0697821  .0504597
T 3350  1 .6557128E+07   1488000E+01 -.1099E+05 -.2696E+06   .9982215 -.0393585 -.0447747
T 3351  1 .6502062E+07   1488000E+01 -.2795E+06 -.8816E+06   .9945925 -.0455180 -.0933485
T 3352  1 .6131608E+07   1488000E+01  .1634E+06 -.8728E+03   .9982516  .0436885  .0398121
T 3353  1 .6787266E+07   1488000E+01 -.9115E+06 -.4364E+06   .9824054 -.1588384 -.0982340
T 3354  1 .6698277E+07   1488000E+01  .4000E+06  .3971E+06   .9990179  .0310406  .0316191
T 3355  1 .6903412E+07   1488000E+01  .5592E+06  .2120E+06   .9973067  .0639454 -.0359208
T 3356  1 .6842224E+07   1488000E+01  .3111E+06  .8325E+05   .9993792 -.0219217  .0275816
T 3357  1 .6408023E+07   1488000E+01  .1135E+06 -.1919E+06   .9997480 -.0142714 -.0173263
T 3358  1 .6623812E+07   1488000E+01  .2930E+06 -.3752E+06   .9991397  .0388430 -.0145271
T 3359  1 .6828212E+07   1488000E+01  .4209E+06 -.3933E+06   .9984589  .0273277 -.0483015
T 3360  1 .6131153E+07   1488000E+01 -.3642E+06  .4031E+06   .9993254 -.0331220  .0158676
T 3361  1 .6260698E+07   1488000E+01  .2688E+04 -.4278E+06   .9954275 -.0307196 -.0904454
T 3362  1 .6669254E+07   1488000E+01 -.9723E+04 -.1019E+06   .9972292 -.0496649  .0553835
T 3363  1 .6480566E+07   1488000E+01  .7169E+06  .5217E+06   .9916608  .0458648  .1204380
T 3364  1 .6131915E+07   1488000E+01  .7809E+05 -.2368E+06   .9994413  .0049792 -.0330488
T 3365  1 .6505582E+07   1488000E+01  .9543E+05  .8151E+05   .9961558 -.0084219  .0871938
T 3366  1 .6295129E+07   1488000E+01 -.1545E+07 -.6797E+06   .9537112 -.2943367 -.0616508
T 3367  1 .5795666E+07   1488000E+01  .5380E+06  .1814E+06   .9944131  .1054986  .0035448
T 3368  1 .6490314E+07   1488000E+01 -.6593E+06  .3186E+06   .9971010 -.0760849 -.0008790
T 3369  1 .6401222E+07   1488000E+01  .1533E+06 -.3007E+06   .9956997  .0808357 -.0452520
T 3370  1 .5944560E+07   1488000E+01 -.4809E+06  .2177E+05   .9997537 -.0109269  .0193151
T 3371  1 .6445090E+07   1488000E+01  .1280E+06  .2946E+06   .9977584 -.0132477  .0655947
T 3372  1 .6421852E+07   1488000E+01  .6874E+06  .3328E+06   .9508122  .2771166  .1384292
T 3373  1 .6387141E+07   1488000E+01  .2143E+06  .1318E+06   .9938582 -.0049533  .1105503
T 3374  1 .6113793E+07   1488000E+01 -.4101E+06 -.1185E+06   .9985243  .0487078  .0240158
T 3375  1 .6469457E+07   1488000E+01 -.1701E+06  .1733E+06   .9975979 -.0011888  .0692611
T 3376  1 .6091532E+07   1488000E+01 -.1311E+06  .1943E+06   .9997213 -.0146561 -.0185087
T 3377  1 .6525026E+07   1488000E+01 -.2226E+05  .8537E+04   .9999931  .0025160 -.0027436
T 3378  1 .6737713E+07   1488000E+01  .2333E+06 -.7747E+05   .9978446  .0495858 -.0429812
T 3379  1 .5587280E+07   1488000E+01 -.3309E+06  .4005E+06   .9979772 -.0541182  .0333578
T 3380  1 .6539996E+07   1488000E+01  .4231E+04 -.3168E+06   .9985795  .0434285 -.0308693
T 3381  1 .6636327E+07   1488000E+01 -.2189E+06 -.5201E+06   .9964963 -.0485072 -.0681334
T 3382  1 .6131351E+07   1488000E+01  .3253E+06 -.1505E+06   .9987574  .0392384  .0307241
T 3383  1 .6346175E+07   1488000E+01  .1611E+06  .5325E+05   .9995427  .0261624 -.0151606
T 3384  1 .6745372E+07   1488000E+01  .5143E+06 -.1040E+07   .9946732  .0199807 -.1011241
T 3385  1 .6601550E+07   1488000E+01 -.1335E+06 -.2669E+06   .9996045  .0267300 -.0087347
T 3386  1 .6403697E+07   1488000E+01  .7046E+05 -.1649E+06   .9994609 -.0327985 -.0014678
T 3387  1 .6752880E+07   1488000E+01 -.3609E+06 -.1523E+06   .9962317 -.0683691 -.0533674
T 3388  1 .6584298E+07   1488000E+01 -.2981E+06  .4243E+06   .9981683 -.0519742  .0309626
T 3389  1 .6358872E+07   1488000E+01 -.5291E+05 -.5525E+05   .9994515  .0227446  .0240685
T 3390  1 .6616859E+07   1488000E+01  .3270E+06  .9233E+05   .9902509  .1392937  .0007262
T 3391  1 .6421927E+07   1488000E+01  .1425E+06  .3082E+06   .9974279  .0047813  .0715178
T 3392  1 .6678212E+07   1488000E+01  .3243E+05  .5532E+06   .9980321  .0084105  .0621383
T 3393  1 .7209295E+07   1488000E+01 -.3817E+06  .6953E+06   .9889064 -.0020563  .1485257
T 3394  1 .6307632E+07   1488000E+01 -.1972E+06  .2886E+06   .9917165  .0121097  .1278742
T 3395  1 .7296198E+07   1488000E+01 -.4093E+06  .2895E+06   .9976543 -.0676283 -.0106013
T 3396  1 .6750923E+07   1488000E+01  .8130E+06 -.4554E+06   .9889009  .1371710 -.0570895
T 3397  1 .6684870E+07   1488000E+01  .3558E+06 -.5562E+06   .9946079  .0714616 -.0751558
T 3398  1 .6702143E+07   1488000E+01 -.3244E+06  .4432E+06   .9981200 -.0572963  .0217613
T 3399  1 .6174218E+07   1488000E+01 -.3946E+06 -.2724E+06   .9983974 -.0436207 -.0360546
T 3400  1 .6859113E+07   1488000E+01 -.2275E+05  .8516E+06   .9933842 -.0401924  .1075751
T 3401  1 .6231059E+07   1488000E+01 -.6557E+06  .4081E+05   .9976503 -.0680577  .0078698
T 3402  1 .6743330E+07   1488000E+01 -.2072E+06 -.5333E+06   .9959673 -.0405078 -.0800519
T 3403  1 .6763159E+07   1488000E+01  .4530E+06  .8356E+05   .9977991  .0654705  .0105126
T 3404  1 .6001475E+07   1488000E+01  .1449E+06  .3536E+06   .9979035  .0397950  .0510391
T 3405  1 .6785312E+07   1488000E+01  .1212E+06 -.7108E+04   .9996733 -.0243037  .0079142
T 3406  1 .6492023E+07   1488000E+01 -.1769E+06 -.1681E+06   .9930165 -.1171075  .0142849
T 3407  1 .6304792E+07   1488000E+01  .6110E+06 -.3853E+04   .9866131  .1615294 -.0224219
T 3408  1 .6522673E+07   1488000E+01  .2885E+06 -.3189E+06   .9986023  .0202435 -.0488220
T 3409  1 .6662280E+07   1488000E+01  .7752E+06  .3112E+05   .9953807  .0947096 -.0157265
T 3410  1 .6022480E+07   1488000E+01  .8809E+05 -.2329E+06   .9995117 -.0198550 -.0241287
T 3411  1 .6349602E+07   1488000E+01  .5778E+06 -.4581E+05   .9978176  .0487115  .0445789
T 3412  1 .6268947E+07   1488000E+01 -.1453E+06  .7106E+05   .9979500 -.0560256  .0309353
T 3413  1 .6303279E+07   1488000E+01 -.7483E+06 -.3575E+06   .9936120 -.1109160 -.0208044
T 3414  1 .6453605E+07   1488000E+01  .1277E+06  .1198E+06   .9984524  .0360633  .0423349
T 3415  1 .6369606E+07   1488000E+01 -.9311E+05 -.2187E+06   .9986659 -.0500567  .0126772
T 3416  1 .6937846E+07   1488000E+01 -.2289E+06 -.2298E+06   .9914626 -.0429087 -.1231290
T 3417  1 .6230192E+07   1488000E+01  .4862E+06 -.4494E+06   .9883011  .0906303 -.1226665
T 3418  1 .6266885E+07   1488000E+01 -.1263E+06 -.8903E+05   .9995237 -.0057468 -.0303193
T 3419  1 .6455132E+07   1488000E+01 -.1060E+06 -.6318E+06   .9958096 -.0172293 -.0898129
T 3420  1 .6653965E+07   1488000E+01 -.2656E+05  .1734E+06   .9961909  .0851487  .0187965
T 3421  1 .6768098E+07   1488000E+01  .2961E+06  .1531E+06   .9996121  .0248076 -.0126584
T 3422  1 .6331270E+07   1488000E+01 -.4951E+06 -.1060E+07   .9715636 -.0715559 -.2257077
T 3423  1 .5841690E+07   1488000E+01 -.1976E+06  .3184E+06   .9956144  .0045890  .0934398
T 3424  1 .6344130E+07   1488000E+01  .1958E+06  .2582E+06   .9977252  .0400599  .0542182
T 3425  1 .6308964E+07   1488000E+01  .6475E+05  .6191E+04   .9997767  .0202207 -.0061338
T 3426  1 .6133467E+07   1488000E+01 -.2765E+05  .3558E+06   .9993573 -.0093159  .0346160
T 3427  1 .6351112E+07   1488000E+01 -.1347E+06  .4590E+06   .9997699 -.0119841  .0177933
T 3428  1 .6857162E+07   1488000E+01 -.1544E+06 -.3373E+06   .9992017  .0259004 -.0304160
T 3429  1 .6462210E+07   1488000E+01 -.3772E+06  .1879E+06   .9997050  .0194590  .0145318
T 3430  1 .7293451E+07   1488000E+01  .8461E+05  .1378E+06   .9981137  .0079837  .0608712
T 3431  1 .6679875E+07   1488000E+01  .2584E+06 -.2197E+06   .9984685  .0349293 -.0429033
T 3432  1 .3936047E+07   1488000E+01 -.4961E+06 -.1126E+07   .1746038 -.6708838 -.7207139
T 3433  1 .6806388E+07   1488000E+01  .2656E+06 -.2409E+06   .9995187 -.0054824  .0305351
T 3434  1 .5856993E+07   1488000E+01 -.5456E+06  .2575E+06   .9932172 -.0601602  .0995004
T 3435  1 .6262630E+07   1488000E+01  .3014E+06  .3897E+06   .9932707  .1046301  .0496574
T 3436  1 .7061307E+07   1488000E+01  .1586E+06 -.1777E+06   .9986979  .0379816 -.0340580
T 3437  1 .6471048E+07   1488000E+01 -.5310E+06  .6769E+06   .9955177 -.0339049  .0882888
T 3438  1 .6214591E+07   1488000E+01 -.1151E+05  .1210E+06   .9992590 -.0018516 -.0384450
T 3439  1 .6432505E+07   1488000E+01  .1055E+06  .5557E+06   .9976745 -.0000415  .0681585
T 3440  1 .6007001E+07   1488000E+01 -.1796E+06 -.4019E+06   .9956989 -.0355142 -.0855712
T 3441  1 .6250161E+07   1488000E+01 -.7844E+06 -.1993E+06   .9970487 -.0766126  .0049357
T 3442  1 .6443519E+07   1488000E+01  .3586E+06 -.2875E+06   .9932246  .1009785 -.0575181
T 3443  1 .6358192E+07   1488000E+01 -.5242E+05 -.2554E+04   .9997458  .0013669 -.0225031
T 3444  1 .6063287E+07   1488000E+01 -.9730E+06 -.4411E+06   .9784168 -.1483406 -.1438601
T 3445  1 .6547098E+07   1488000E+01 -.7641E+06 -.6426E+06   .9854773 -.1564938 -.0659097
T 3446  1 .5817453E+07   1488000E+01  .4759E+06  .6780E+06   .9968682  .0471066  .0635196
T 3447  1 .6393226E+07   1488000E+01  .5760E+06 -.6669E+05   .9976807  .0676416  .0075995
T 3448  1 .6635950E+07   1488000E+01  .1068E+07  .3914E+06   .9942610  .0900124  .0578178
T 3449  1 .6054841E+07   1488000E+01  .1587E+06 -.2266E+06   .9966516  .0815267 -.0062494
T 3450  1 .6563543E+07   1488000E+01 -.3215E+06 -.7833E+05   .9986419  .0021192 -.0520566
T 3451  1 .6469254E+07   1488000E+01 -.1405E+06 -.3266E+06   .9994267  .0280772  .0189191
T 3452  1 .6181541E+07   1488000E+01  .2910E+06 -.3015E+06   .9994445  .0049122  .0329642
T 3453  1 .6276785E+07   1488000E+01 -.3207E+06  .2407E+06   .9764448 -.2112897 -.0437291
T 3454  1 .6256647E+07   1488000E+01  .4183E+06  .2152E+06   .9980734  .0530080  .0322426
T 3455  1 .6764205E+07   1488000E+01 -.3174E+06 -.5283E+05   .9982993 -.0576311  .0087790
T 3456  1 .6915053E+07   1488000E+01  .2123E+06 -.4784E+06   .9936370  .0796343 -.0796488
T 3457  1 .6574158E+07   1488000E+01  .2364E+06  .2625E+06   .9997048  .0022240 -.0241953
T 3458  1 .6063711E+07   1488000E+01 -.6960E+06  .8592E+05   .9961930 -.0862843 -.0124319
T 3459  1 .6614887E+07   1488000E+01 -.1032E+07 -.8565E+05   .9936520 -.1124320  .0038414
T 3460  1 .6026215E+07   1488000E+01 -.4213E+06 -.2349E+06   .9992608 -.0339183 -.0180919
T 3461  1 .6223655E+07   1488000E+01 -.1460E+05 -.2138E+06   .9970474  .0733339  .0227739
T 3462  1 .6616705E+07   1488000E+01 -.1137E+06  .1562E+06   .9995848 -.0284901  .0043133
T 3463  1 .5873710E+07   1488000E+01  .3050E+06  .5804E+06   .9956713  .0225060  .0901783
T 3464  1 .6257283E+07   1488000E+01 -.4818E+06 -.1274E+06   .9999862 -.0045125 -.0026974
T 3465  1 .6315832E+07   1488000E+01  .3167E+06 -.2713E+06   .9962948  .0669148 -.0540279
T 3466  1 .6403110E+07   1488000E+01 -.2144E+06 -.9307E+05   .9959707 -.0878896  .0178289
T 3467  1 .5445360E+07   1488000E+01 -.2014E+06 -.3303E+06   .9992640  .0282879 -.0259102
T 3468  1 .6343809E+07   1488000E+01  .2373E+05 -.3285E+06   .9991308  .0121432 -.0398760
T 3469  1 .6605411E+07   1488000E+01  .5303E+06  .1011E+06   .9990215  .0406597 -.0174048
T 3470  1 .6631546E+07   1488000E+01 -.4267E+06  .2104E+05   .9982892 -.0096557 -.0576668
T 3471  1 .6583720E+07   1488000E+01  .5099E+06 -.3041E+06   .9915822  .0725957 -.1072129
T 3472  1 .6175896E+07   1488000E+01  .3272E+06 -.2095E+06   .9991529  .0328486  .0247895
T 3473  1 .6586081E+07   1488000E+01 -.1404E+06  .3560E+06   .9968966 -.0602507  .0506655
T 3474  1 .6207018E+07   1488000E+01  .5899E+06 -.5316E+06   .9979910  .0619898  .0130854
T 3475  1 .6321870E+07   1488000E+01  .2351E+06 -.1703E+06   .9993585  .0248792 -.0257612
T 3476  1 .6031832E+07   1488000E+01 -.1124E+07  .3900E+05   .9760913 -.2166183 -.0179549
T 3477  1 .6429787E+07   1488000E+01 -.5655E+05  .1453E+06   .9976692 -.0393395  .0557541
T 3478  1 .5982097E+07   1488000E+01  .2298E+06  .3525E+06   .9950564  .0984729  .0128752
T 3479  1 .6457973E+07   1488000E+01  .3009E+05 -.2428E+06   .9998974  .0021444  .0141663
T 3480  1 .5827060E+07   1488000E+01 -.8064E+05 -.6242E+05   .9964721  .0636169 -.0547377
T 3481  1 .6420320E+07   1488000E+01  .3627E+06 -.1407E+06   .9974861  .0575805 -.0413026
T 3482  1 .6835487E+07   1488000E+01  .4618E+06  .4764E+06   .9970263  .0484008  .0599664
T 3483  1 .6395345E+07   1488000E+01  .9334E+05 -.3691E+05   .9989980  .0447252 -.0016466
T 3484  1 .6051950E+07   1488000E+01 -.3477E+06 -.2408E+06   .9990583 -.0419769 -.0109731
T 3485  1 .6953189E+07   1488000E+01  .6872E+05 -.1110E+05   .9998550  .0110937  .0129167
T 3486  1 .6399223E+07   1488000E+01  .2162E+06 -.4255E+06   .9965671  .0117931 -.0819453
T 3487  1 .6260141E+07   1488000E+01  .5205E+06  .2228E+06   .9979426  .0626090  .0138113
T 3488  1 .6239823E+07   1488000E+01 -.2396E+06  .5219E+06   .9960717 -.0142867  .0873908
T 3489  1 .6604306E+07   1488000E+01  .2770E+06 -.1606E+06   .9984414  .0320368 -.0456988
T 3490  1 .6546822E+07   1488000E+01  .9650E+05 -.1718E+05   .9994825  .0302066  .0110607
T 3491  1 .6573241E+07   1488000E+01  .3949E+06  .2065E+06   .9999759  .0010208 -.0068720
T 3492  1 .6325664E+07   1488000E+01 -.4134E+06  .2475E+06   .9970568 -.0311115  .0700696
T 3493  1 .6674766E+07   1488000E+01  .4688E+06  .1585E+06   .9976168  .0656978  .0210824
T 3494  1 .6465199E+07   1488000E+01 -.1078E+06  .3110E+06   .9995457  .0227146  .0198112
T 3495  1 .6427218E+07   1488000E+01 -.4282E+06 -.4768E+06   .9985164 -.0368508 -.0400884
T 3496  1 .6655277E+07   1488000E+01  .2459E+06  .4754E+05   .9992211  .0286103 -.0271763
T 3497  1 .6438033E+07   1488000E+01 -.2421E+06  .2460E+06   .9997409 -.0224231  .0039255
T 3498  1 .6352188E+07   1488000E+01  .6742E+06 -.2451E+06   .9938130  .0959121 -.0560055
T 3499  1 .5938339E+07   1488000E+01 -.4653E+06 -.8418E+05   .9947960 -.0622234 -.0806795
T 3500  1 .6647904E+07   1488000E+01 -.1101E+05 -.4042E+06   .9995186  .0171135 -.0258786
T 3501  1 .5792401E+07   1488000E+01 -.3488E+06  .1865E+06   .9961487 -.0104470  .0870551
T 3502  1 .6092081E+07   1488000E+01  .9338E+05 -.4443E+05   .9998332  .0088498  .0159745
T 3503  1 .6624967E+07   1488000E+01  .2741E+06  .3189E+05   .9979770  .0620546  .0138239
T 3504  1 .6508935E+07   1488000E+01  .2100E+05  .1026E+06   .9999446  .0082111 -.0065900
T 3505  1 .6334251E+07   1488000E+01  .5725E+05 -.1248E+06   .9995691  .0276897  .0097440
T 3506  1 .6313602E+07   1488000E+01  .2399E+06 -.3760E+06   .9981209  .0078859 -.0607666
T 3507  1 .5762077E+07   1488000E+01 -.1941E+06  .3060E+06   .9957646 -.0903139 -.0172099
T 3508  1 .6746130E+07   1488000E+01  .1266E+06 -.1510E+07   .9597710 -.0439619 -.2773211
T 3509  1 .6940035E+07   1488000E+01  .1104E+06  .1730E+06   .9985300  .0534716  .0088702
T 3510  1 .5774864E+07   1488000E+01  .9447E+05  .1066E+06   .9995117  .0071940 -.0304067
T 3511  1 .6074245E+07   1488000E+01  .1981E+06 -.4568E+05   .9992144  .0368690  .0145355
T 3512  1 .6178891E+07   1488000E+01  .3412E+06  .2296E+06   .9979067  .0646102 -.0027711
T 3513  1 .6355623E+07   1488000E+01  .4730E+06 -.2853E+06   .9957256  .0830166 -.0404825
T 3514  1 .6084693E+07   1488000E+01 -.1894E+06  .1550E+06   .9994375 -.0263649 -.0207254
T 3515  1 .6383070E+07   1488000E+01  .1104E+06 -.5727E+06   .9963177  .0301209 -.0802732
T 3516  1 .6310144E+07   1488000E+01 -.3928E+06 -.2014E+06   .9977808  .0042163 -.0664512
T 3517  1 .6537053E+07   1488000E+01  .1263E+06 -.2435E+06   .9969094 -.0050736 -.0783961
T 3518  1 .5799952E+07   1488000E+01 -.3439E+06 -.1428E+07   .9792372 -.0734863 -.1889295
T 3519  1 .6710115E+07   1488000E+01 -.2152E+06 -.2692E+06   .9955071 -.0918422  .0230372
T 3520  1 .6345642E+07   1488000E+01 -.2022E+06 -.6957E+05   .9999563  .0037474 -.0085683
T 3521  1 .6776258E+07   1488000E+01  .3375E+06 -.8228E+05   .9988594  .0466168  .0103329
T 3522  1 .6581680E+07   1488000E+01  .4116E+06 -.7934E+05   .9931169  .0959432 -.0671845
T 3523  1 .6743581E+07   1488000E+01 -.3103E+06 -.2231E+06   .9968103 -.0255284 -.0756145
T 3524  1 .6879582E+07   1488000E+01  .3115E+06 -.1288E+06   .9987862  .0268793 -.0412755
T 3525  1 .6591668E+07   1488000E+01  .2857E+06 -.3469E+06   .9960755  .0537267 -.0703347
T 3526  1 .6396750E+07   1488000E+01  .2027E+06 -.6618E+06   .9904608  .0463912 -.1297506
T 3527  1 .6463959E+07   1488000E+01 -.3298E+06  .2129E+06   .9979967 -.0455350  .0439214
T 3528  1 .6622632E+07   1488000E+01 -.4767E+05 -.4318E+06   .9989816 -.0292641 -.0343410
T 3529  1 .6330635E+07   1488000E+01  .1269E+07  .4886E+06   .9892127  .1450591  .0203988
T 3530  1 .6171639E+07   1488000E+01 -.1728E+05 -.2173E+06   .9989945  .0230001 -.0384836
T 3531  1 .6426937E+07   1488000E+01 -.5309E+06  .2885E+06   .9972358 -.0700870  .0246689
T 3532  1 .5770365E+07   1488000E+01  .1454E+05  .3563E+06   .9999701 -.0006722  .0076985
T 3533  1 .6882670E+07   1488000E+01  .9313E+05 -.3530E+06   .9982173  .0351664 -.0482232
T 3534  1 .6047977E+07   1488000E+01 -.4139E+06  .2615E+06   .9986532 -.0306284  .0418773
T 3535  1 .6397571E+07   1488000E+01  .1633E+05 -.1171E+06   .9996220  .0135538 -.0239217
T 3536  1 .6534143E+07   1488000E+01 -.2772E+06 -.5415E+06   .9966491 -.0458262 -.0677534
T 3537  1 .6101191E+07   1488000E+01 -.2644E+06  .2462E+06   .9922065 -.1084957  .0612780
T 3538  1 .6919017E+07   1488000E+01 -.1591E+07 -.6756E+06   .9916414 -.0946193 -.0877180
T 3539  1 .6763034E+07   1488000E+01 -.1304E+05 -.6225E+06   .9962143 -.0427795 -.0756767
T 3540  1 .6551971E+07   1488000E+01 -.5612E+06 -.1791E+06   .9942924 -.1054139 -.0164458
T 3541  1 .6350526E+07   1488000E+01  .9224E+05 -.9502E+06   .9976011  .0135031 -.0678956
T 3542  1 .6644403E+07   1488000E+01  .3286E+06  .5150E+05   .9990096  .0427958  .0121827
T 3543  1 .6499153E+07   1488000E+01 -.8841E+05 -.2667E+04   .9978198 -.0634999  .0179846
T 3544  1 .6033779E+07   1488000E+01 -.4296E+06  .6494E+06   .9983408 -.0101407  .0566819
T 3545  1 .6141701E+07   1488000E+01 -.1062E+06  .1386E+06   .9999827  .0045973  .0036639
T 3546  1 .6408461E+07   1488000E+01 -.1368E+06  .8779E+05   .9971259  .0293412 -.0698501
T 3547  1 .6530717E+07   1488000E+01  .2296E+06  .3231E+06   .9932934  .0658319  .0950495
T 3548  1 .6142750E+07   1488000E+01  .1381E+06  .3578E+06   .9996176 -.0139163  .0238974
T 3549  1 .6461171E+07   1488000E+01 -.2744E+06 -.2751E+06   .9984551 -.0493501 -.0255327
T 3550  1 .6791103E+07   1488000E+01  .3759E+05 -.4309E+06   .9974257  .0410675 -.0587821
T 3551  1 .6589444E+07   1488000E+01  .1642E+06 -.7063E+05   .9997389 -.0225260 -.0038235
T 3552  1 .6605613E+07   1488000E+01  .4418E+05 -.3464E+05   .9976885 -.0584899 -.0345913
T 3553  1 .5633780E+07   1488000E+01 -.5414E+06 -.2398E+06   .9842660 -.1731199  .0353550
T 3554  1 .6135718E+07   1488000E+01 -.4011E+06  .1158E+07   .9717826 -.1049827  .2112280
T 3555  1 .6284287E+07   1488000E+01  .2278E+06  .1052E+06   .9981440  .0420541 -.0440461
T 3556  1 .6201828E+07   1488000E+01 -.7449E+05 -.2911E+06   .9911506 -.0658345 -.1152662
T 3557  1 .6215998E+07   1488000E+01  .1220E+06 -.4072E+05   .9994892  .0210504  .0240481
T 3558  1 .6402866E+07   1488000E+01  .1329E+06 -.1923E+06   .9992220 -.0351370  .0179088
T 3559  1 .6314058E+07   1488000E+01  .1700E+06 -.5405E+05   .9989769  .0446469 -.0071960
T 3560  1 .6217312E+07   1488000E+01 -.7301E+06 -.3251E+06   .9941874 -.1059151 -.0193231
T 3561  1 .6311845E+07   1488000E+01 -.1540E+06 -.2173E+06   .9999682 -.0052971 -.0059567
T 3562  1 .6697855E+07   1488000E+01  .4021E+06 -.3411E+06   .9952327  .0949934 -.0220954
T 3563  1 .6356767E+07   1488000E+01 -.1445E+04 -.6733E+06   .9900692 -.0997848 -.0990256
T 3564  1 .6440412E+07   1488000E+01  .1861E+06 -.8950E+06   .9859792  .0441019 -.1609347
T 3565  1 .6592170E+07   1488000E+01 -.2380E+06  .2466E+06   .9986988  .0066987  .0505545
T 3566  1 .6746757E+07   1488000E+01  .7169E+05  .2329E+06   .9997641  .0124094  .0178258
T 3567  1 .6148731E+07   1488000E+01 -.6253E+06 -.3879E+06   .9966958  .0026640 -.0811809
T 3568  1 .6464859E+07   1488000E+01 -.6859E+06  .2625E+05   .9980265 -.0473769  .0412123
T 3569  1 .6634683E+07   1488000E+01  .8114E+06  .5216E+06   .9917298  .0961247  .0850415
T 3570  1 .6378289E+07   1488000E+01  .9565E+04  .2001E+06   .9993748 -.0302580 -.0182888
T 3571  1 .6525115E+07   1488000E+01  .7188E+06 -.8138E+06   .9954419  .0685361 -.0663189
T 3572  1 .6089821E+07   1488000E+01  .6774E+06  .2626E+06   .9986559  .0517301  .0032286
T 3573  1 .6607572E+07   1488000E+01  .2199E+06  .2499E+06   .9983027  .0465569  .0349887
T 3574  1 .6605550E+07   1488000E+01  .5712E+04 -.1215E+06   .9986178 -.0520175 -.0075229
T 3575  1 .6560924E+07   1488000E+01  .3490E+06 -.2677E+06   .9957492  .0809949 -.0438550
T 3576  1 .6601087E+07   1488000E+01 -.7780E+06 -.1073E+06   .9938450 -.1107734  .0011806
T 3577  1 .6329370E+07   1488000E+01  .3252E+06 -.1119E+06   .9958123  .0913105 -.0044977
T 3578  1 .6816997E+07   1488000E+01 -.6412E+06  .4818E+05   .9918749 -.1262179 -.0159143
T 3579  1 .6642662E+07   1488000E+01 -.2326E+06  .2743E+06   .9992501 -.0042925  .0384819
T 3580  1 .6537364E+07   1488000E+01  .4487E+06  .1869E+06   .9990963  .0076765 -.0418052
T 3581  1 .6028756E+07   1488000E+01 -.2478E+06  .5062E+06   .9989788  .0214750  .0397526
T 3582  1 .6281292E+07   1488000E+01  .1709E+06  .2462E+06   .9981462  .0532460  .0294807
T 3583  1 .6754588E+07   1488000E+01  .6839E+04  .2989E+06   .9999421  .0080767  .0071075
T 3584  1 .5895737E+07   1488000E+01  .9235E+06  .3080E+06   .9965593  .0807383 -.0187345
T 3585  1 .6543332E+07   1488000E+01  .5905E+05 -.1738E+06   .9990587 -.0403028  .0160413
T 3586  1 .6249194E+07   1488000E+01  .4690E+06  .1244E+05   .9980210  .0597224  .0196816
T 3587  1 .6235519E+07   1488000E+01  .1911E+06 -.3510E+06   .9996770 -.0170221 -.0188707
T 3588  1 .6155881E+07   1488000E+01 -.5655E+06  .4570E+06   .9844300 -.0973577  .1463523
T 3589  1 .6073642E+07   1488000E+01 -.3039E+06 -.3492E+06   .9978599 -.0147947 -.0636922
T 3590  1 .6529245E+07   1488000E+01 -.5553E+06  .1167E+05   .9965366 -.0800301 -.0225817
T 3591  1 .6332733E+07   1488000E+01  .2610E+06  .2290E+06   .9988750  .0453733  .0137863
T 3592  1 .6579899E+07   1488000E+01 -.1423E+07 -.1153E+07   .9736741 -.1902680 -.1255261
T 3593  1 .6352829E+07   1488000E+01  .1064E+07 -.4558E+06   .9894960  .1430717 -.0206915
T 3594  1 .6028367E+07   1488000E+01  .8375E+06 -.1306E+05   .9974402  .0713141  .0052316
T 3595  1 .6588204E+07   1488000E+01 -.2297E+06 -.1378E+06   .9985428 -.0524281 -.0127894
T 3596  1 .6850107E+07   1488000E+01 -.2284E+06 -.6469E+05   .9969395 -.0723293  .0296654
T 3597  1 .6469323E+07   1488000E+01 -.2642E+06  .8820E+05   .9998809 -.0049717 -.0146138
T 3598  1 .6422909E+07   1488000E+01  .2667E+05  .6862E+05   .9999867  .0042160  .0029603
T 3599  1 .6495885E+07   1488000E+01  .4199E+06  .2129E+05   .9659148  .2561236 -.0375419
T 3600  1 .5923842E+07   1488000E+01 -.5254E+06 -.1835E+06   .9974252 -.0716859  .0020342
T 3601  1 .6309357E+07   1488000E+01  .1081E+06 -.5807E+06   .9892712  .0437215 -.1393945
T 3602  1 .6540747E+07   1488000E+01 -.1090E+06  .7106E+05   .9992383  .0123814  .0370060
T 3603  1 .6409093E+07   1488000E+01 -.6713E+06 -.1759E+06   .9897108 -.1000211 -.1023153
T 3604  1 .6735431E+07   1488000E+01  .2540E+06 -.8207E+05   .9997981  .0179662  .0090024
T 3605  1 .6427354E+07   1488000E+01 -.1195E+06 -.3659E+06   .9904621 -.0363880 -.1328935
T 3606  1 .6355357E+07   1488000E+01  .1401E+06  .7194E+06   .9968931  .0400160  .0678443
T 3607  1 .6527347E+07   1488000E+01 -.8057E+06  .5842E+06   .9848105 -.1675351  .0456092
T 3608  1 .6079628E+07   1488000E+01 -.1780E+06  .1009E+06   .9952488 -.0967391 -.0110202
T 3609  1 .6082257E+07   1488000E+01  .2319E+06  .1979E+06   .9881095  .0614278  .1409478
T 3610  1 .6804170E+07   1488000E+01 -.6151E+06  .2590E+05   .9974576 -.0650667  .0290635
T 3611  1 .6348158E+07   1488000E+01 -.5819E+06 -.9680E+05   .9919152 -.1104897 -.0624193
T 3612  1 .6097427E+07   1488000E+01  .2588E+06 -.4902E+06   .9978735  .0518645 -.0394781
T 3613  1 .6802585E+07   1488000E+01 -.8125E+06  .1187E+06   .9961012 -.0850343 -.0234860
T 3614  1 .6386625E+07   1488000E+01  .5342E+06  .2003E+06   .9973408  .0501138  .0529138
T 3615  1 .6540071E+07   1488000E+01 -.1697E+06 -.4844E+06   .9969678 -.0663112 -.0407188
T 3616  1 .6467780E+07   1488000E+01  .3744E+05 -.3336E+06   .9983070 -.0576992  .0073420
T 3617  1 .6282313E+07   1488000E+01  .4977E+06  .2252E+06   .9994724  .0323958  .0023174
T 3618  1 .6016612E+07   1488000E+01  .5817E+05 -.8117E+05   .9995086  .0103547 -.0295858
T 3619  1 .6470770E+07   1488000E+01 -.1872E+06  .6287E+06   .9986590  .0167066  .0490019
T 3620  1 .6602557E+07   1488000E+01  .5570E+05 -.1241E+06   .9996498  .0246339 -.0096680
T 3621  1 .6499424E+07   1488000E+01 -.2385E+05 -.2191E+05   .9974083 -.0717797  .0049273
T 3622  1 .6721505E+07   1488000E+01  .2374E+06 -.1831E+06   .9999703 -.0072188  .0027179
T 3623  1 .5708020E+07   1488000E+01 -.7381E+06  .1332E+07   .9782360 -.1245547  .1659533
T 3624  1 .6737270E+07   1488000E+01 -.7637E+06 -.2001E+06   .9974812 -.0703553 -.0090190
T 3625  1 .6406395E+07   1488000E+01  .3131E+06 -.7683E+06   .9941125  .0442639 -.0988989
T 3626  1 .6276605E+07   1488000E+01  .1979E+07 -.5617E+06   .9495152  .3082914 -.0581145
T 3627  1 .5895198E+07   1488000E+01  .6136E+06 -.7461E+06   .9947343  .0754622 -.0693474
T 3628  1 .6510487E+07   1488000E+01  .8009E+05  .1099E+06   .9999566 -.0093141 -.0001210
T 3629  1 .6502443E+07   1488000E+01  .1876E+05  .4641E+05   .9945244 -.0037281  .1044386
T 3630  1 .6586490E+07   1488000E+01 -.1354E+06  .6169E+05   .9982389  .0207905 -.0555602
T 3631  1 .6579184E+07   1488000E+01 -.3860E+05 -.3263E+06   .9992417 -.0092525 -.0378199
T 3632  1 .6769233E+07   1488000E+01  .3225E+06 -.3763E+06   .9974826  .0651297 -.0280454
T 3633  1 .6093751E+07   1488000E+01  .5086E+05  .2026E+06   .9980114 -.0382816  .0500781
T 3634  1 .6796814E+07   1488000E+01 -.3567E+06 -.5309E+05   .9963403 -.0841314  .0150977
T 3635  1 .6340294E+07   1488000E+01  .2717E+06 -.4403E+06   .9961133  .0785042 -.0399418
T 3636  1 .6077920E+07   1488000E+01 -.1148E+06 -.6044E+06   .9974845 -.0238342 -.0667573
T 3637  1 .6389044E+07   1488000E+01 -.1515E+06 -.1010E+07   .9957158 -.0386666 -.0839942
T 3638  1 .6688819E+07   1488000E+01  .3608E+06 -.2021E+06   .9969924  .0452412 -.0629231
T 3639  1 .6426338E+07   1488000E+01  .1072E+06  .1793E+06   .9997253  .0179387  .0150819
T 3640  1 .6603135E+07   1488000E+01 -.4718E+05  .1308E+06   .9993923  .0336635  .0090418
T 3641  1 .6670988E+07   1488000E+01  .1098E+06  .3723E+05   .9946862  .0994245 -.0267235
T 3642  1 .6220375E+07   1488000E+01 -.5181E+05  .3859E+06   .9992805  .0148174  .0349140
T 3643  1 .6363493E+07   1488000E+01 -.7452E+06  .2859E+06   .9974526 -.0666693 -.0253673
T 3644  1 .6120613E+07   1488000E+01 -.3060E+06 -.7966E+06   .9980122 -.0089800 -.0623773
T 3645  1 .6859385E+07   1488000E+01  .2983E+06  .5276E+06   .9998778  .0051251  .0147705
T 3646  1 .6700510E+07   1488000E+01 -.7697E+06 -.2291E+06   .9982043 -.0576214 -.0163687
T 3647  1 .6547556E+07   1488000E+01  .1924E+06  .1890E+06   .9984223  .0297875  .0475993
T 3648  1 .6357289E+07   1488000E+01  .6890E+06 -.6098E+05   .9951068  .0979931 -.0126405
T 3649  1 .6235732E+07   1488000E+01  .4496E+06 -.1558E+06   .9997757  .0115713  .0177393
T 3650  1 .5818718E+07   1488000E+01 -.5456E+06  .2912E+06   .9993608 -.0300111  .0194240
T 3651  1 .6244401E+07   1488000E+01 -.1167E+06 -.6813E+06   .9982609 -.0192981 -.0557019
T 3652  1 .7147188E+07   1488000E+01 -.6485E+05  .4302E+06   .9963626 -.0041179  .0851150
T 3653  1 .6275490E+07   1488000E+01 -.5244E+05 -.6360E+05   .9987337 -.0218735 -.0453059
T 3654  1 .6568277E+07   1488000E+01  .2139E+06  .1521E+06   .9995970  .0177574 -.0221454
T 3655  1 .6308378E+07   1488000E+01 -.6086E+05  .5505E+06   .9983610  .0154337  .0551102
T 3656  1 .6436801E+07   1488000E+01  .2447E+06 -.1600E+05   .9995639  .0173433 -.0239002
T 3657  1 .6193456E+07   1488000E+01 -.2179E+05 -.4179E+05   .9989501 -.0450230 -.0084589
T 3658  1 .6733549E+07   1488000E+01  .3657E+06 -.3893E+05   .9996212 -.0185853  .0203002
T 3659  1 .6955112E+07   1488000E+01 -.4800E+03 -.1604E+06   .9993037  .0363470  .0084246
T 3660  1 .6579889E+07   1488000E+01 -.2459E+06 -.5302E+06   .9980891 -.0234827 -.0571550
T 3661  1 .6336699E+07   1488000E+01  .3869E+06 -.5523E+06   .9976909 -.0174910 -.0656268
T 3662  1 .6803121E+07   1488000E+01 -.1038E+06  .1705E+05   .9953519 -.0511928  .0815708
T 3663  1 .6408031E+07   1488000E+01 -.4640E+05  .2632E+06   .9971751 -.0519315  .0542668
T 3664  1 .5872807E+07   1488000E+01 -.1321E+05  .1427E+06   .9997003  .0120178  .0213261
T 3665  1 .6980630E+07   1488000E+01  .1164E+06  .1932E+06   .9994385 -.0229248  .0244363
T 3666  1 .6637817E+07   1488000E+01 -.2454E+06  .3806E+06   .9979030 -.0328751  .0557562
T 3667  1 .6610778E+07   1488000E+01  .1972E+06 -.2924E+05   .9986332  .0452145 -.0262186
T 3668  1 .6584652E+07   1488000E+01 -.5196E+06  .2900E+06   .9962663 -.0541496  .0672407
T 3669  1 .6507098E+07   1488000E+01  .3049E+06 -.1288E+06   .9999423  .0071337 -.0080352
T 3670  1 .6333437E+07   1488000E+01  .8560E+06  .9908E+06   .9926662  .0349543  .1157240
T 3671  1 .6477778E+07   1488000E+01 -.2682E+05 -.4275E+06   .9995677 -.0013614 -.0293689
T 3672  1 .6649779E+07   1488000E+01  .7027E+06  .2339E+06   .9966647  .0744675 -.0333787
T 3673  1 .7093095E+07   1488000E+01 -.1404E+06  .1258E+06   .9996171 -.0190790 -.0200420
T 3674  1 .6088880E+07   1488000E+01 -.3939E+05  .4324E+06   .9979666 -.0258068  .0582815
T 3675  1 .6191716E+07   1488000E+01 -.3029E+06  .6538E+05   .9977156 -.0576301  .0352475
T 3676  1 .6565389E+07   1488000E+01 -.2538E+06  .9853E+04   .9997903 -.0175136 -.0106099
T 3677  1 .5967090E+07   1488000E+01  .1572E+06 -.6321E+04   .9978070 -.0244198 -.0615211
T 3678  1 .6163500E+07   1488000E+01  .1964E+06 -.4369E+06   .9970545  .0560595 -.0523421
T 3679  1 .5735216E+07   1488000E+01 -.4611E+06  .9054E+05   .9971384 -.0713417  .0250065
T 3680  1 .6263224E+07   1488000E+01  .2244E+06 -.4925E+05   .9985169  .0543765 -.0026830
T 3681  1 .6330823E+07   1488000E+01  .6079E+05 -.4260E+06   .9755203  .2184770 -.0250603
T 3682  1 .6443698E+07   1488000E+01 -.2286E+06 -.2308E+06   .9985275 -.0337775 -.0424488
T 3683  1 .6678781E+07   1488000E+01  .3855E+06  .1320E+06   .9987066  .0507679  .0027772
T 3684  1 .6500215E+07   1488000E+01  .4633E+06  .3304E+06   .9974987  .0313822  .0633358
T 3685  1 .5867831E+07   1488000E+01  .1253E+07  .4757E+06   .9208070  .3677436  .1299193
T 3686  1 .6295207E+07   1488000E+01  .6514E+06 -.1248E+06   .9866242  .1575990  .0416569
T 3687  1 .6669258E+07   1488000E+01  .4601E+06  .8651E+06   .9950108  .0199397  .0977547
T 3688  1 .6042115E+07   1488000E+01  .4322E+06  .3078E+06   .9931673  .0790521  .0858455
T 3689  1 .6706683E+07   1488000E+01  .2370E+06  .7944E+06   .9968117  .0261363  .0753882
T 3690  1 .5902112E+07   1488000E+01 -.1076E+06 -.3384E+06   .9982120  .0590681 -.0091515
T 3691  1 .6541654E+07   1488000E+01 -.3446E+06  .4173E+05   .9963350  .0755457 -.0401168
T 3692  1 .5979048E+07   1488000E+01  .4617E+06  .5905E+06   .9954848  .0735034  .0600606
T 3693  1 .6317936E+07   1488000E+01  .1437E+06 -.1474E+06   .9967648  .0795035 -.0117940
T 3694  1 .5765003E+07   1488000E+01 -.4232E+06 -.2692E+06   .9988488 -.0477611 -.0044656
T 3695  1 .6684745E+07   1488000E+01 -.3086E+06  .4794E+06   .9926224 -.0975383  .0720208
T 3696  1 .6244223E+07   1488000E+01 -.6046E+06 -.8373E+05   .9899565 -.1396832 -.0217865
T 3697  1 .6670742E+07   1488000E+01  .6703E+06  .8237E+06   .9984039  .0079223  .0559185
T 3698  1 .6180001E+07   1488000E+01  .3122E+06 -.2053E+06   .9977082  .0302060 -.0605466
T 3699  1 .6490276E+07   1488000E+01 -.3418E+06 -.1441E+06   .9984552 -.0546210 -.0101835
T 3700  1 .6089509E+07   1488000E+01 -.5672E+05 -.6499E+06   .9972157 -.0158763 -.0728620
T 3701  1 .5877633E+07   1488000E+01 -.4141E+05 -.1929E+06   .9992683 -.0360747  .0127065
T 3702  1 .6795497E+07   1488000E+01  .4016E+06 -.1709E+06   .9998962  .0128727 -.0064670
T 3703  1 .6647648E+07   1488000E+01  .4858E+06  .2431E+06   .9968649  .0753496  .0241409
T 3704  1 .6980960E+07   1488000E+01  .1350E+06 -.1804E+06   .9991368 -.0037603 -.0413714
T 3705  1 .6628719E+07   1488000E+01 -.2183E+06 -.6945E+06   .9954227 -.0087282 -.0951707
T 3706  1 .6731962E+07   1488000E+01  .5603E+05 -.5933E+05   .9971453  .0688605 -.0309764
T 3707  1 .6983628E+07   1488000E+01  .1521E+06  .2591E+06   .9987504  .0041862  .0497998
T 3708  1 .6534777E+07   1488000E+01 -.2823E+06 -.8271E+05   .9974887 -.0708150 -.0012435
T 3709  1 .6747838E+07   1488000E+01 -.1634E+06  .3973E+06   .9982085 -.0592066 -.0086251
T 3710  1 .6690669E+07   1488000E+01 -.1327E+06  .9094E+05   .9977228 -.0191403  .0646747
T 3711  1 .6425817E+07   1488000E+01  .3114E+06 -.5148E+06   .9981881  .0588238 -.0126592
T 3712  1 .6717656E+07   1488000E+01  .1986E+05  .1020E+06   .9997494  .0117611  .0190459
T 3713  1 .6361654E+07   1488000E+01 -.5232E+06  .8247E+05   .9991310  .0317035  .0270568
T 3714  1 .6326491E+07   1488000E+01  .2712E+06 -.7280E+05   .9925737  .1001636  .0690262
T 3715  1 .6109499E+07   1488000E+01  .2585E+06 -.1916E+06   .9980295  .0622638  .0077637
T 3716  1 .6241464E+07   1488000E+01 -.4654E+05 -.2350E+06   .9989063 -.0327178 -.0334028
T 3717  1 .6503007E+07   1488000E+01 -.3169E+06 -.1452E+06   .9999666 -.0015095 -.0080303
T 3718  1 .6560858E+07   1488000E+01  .4428E+05 -.2197E+06   .9995410 -.0208223 -.0220030
T 3719  1 .6774758E+07   1488000E+01 -.7917E+06 -.2159E+06   .9903387 -.1374056 -.0186802
T 3720  1 .6688156E+07   1488000E+01  .2022E+06 -.2770E+06   .9959546  .0649943 -.0620493
T 3721  1 .6448868E+07   1488000E+01 -.6535E+06  .7409E+05   .9935908 -.0973649  .0574237
T 3722  1 .6808090E+07   1488000E+01  .5791E+05 -.1410E+06   .9963743 -.0095151 -.0845437
T 3723  1 .6370008E+07   1488000E+01 -.4298E+06 -.8037E+05   .9989668 -.0299389 -.0341900
T 3724  1 .6048391E+07   1488000E+01  .2217E+06 -.2619E+06   .9998678  .0162413 -.0007792
T 3725  1 .6594202E+07   1488000E+01 -.1008E+06 -.5280E+06   .9984968 -.0312567 -.0450251
T 3726  1 .6754748E+07   1488000E+01  .5241E+06  .3986E+05   .9992865  .0200588 -.0320024
T 3727  1 .6205822E+07   1488000E+01  .1856E+06  .6980E+05   .9987383  .0405412  .0296334
T 3728  1 .6790473E+07   1488000E+01 -.7987E+05 -.9199E+05   .9985529 -.0477000 -.0248374
T 3729  1 .6604545E+07   1488000E+01 -.2219E+06  .1499E+06   .9984050  .0084821  .0558165
T 3730  1 .6318569E+07   1488000E+01  .5277E+03  .8149E+05   .9973453 -.0577280  .0443837
T 3731  1 .7039227E+07   1488000E+01 -.3876E+06  .5336E+06   .9968033 -.0775909  .0190482
T 3732  1 .6249056E+07   1488000E+01 -.1686E+05 -.4663E+06   .9998485 -.0112210 -.0133085
T 3733  1 .6304141E+07   1488000E+01 -.4814E+06 -.4240E+05   .9948243 -.0945637  .0371805
T 3734  1 .6626159E+07   1488000E+01 -.9396E+06  .4076E+04   .9959738 -.0887405  .0127025
T 3735  1 .6235576E+07   1488000E+01 -.2338E+05  .4616E+06   .9939401 -.0601035  .0920363
T 3736  1 .6213303E+07   1488000E+01 -.7021E+05 -.5956E+05   .9982784 -.0496509 -.0312269
T 3737  1 .6264494E+07   1488000E+01 -.3274E+06 -.2576E+06   .9992291 -.0343230  .0190551
T 3738  1 .6159172E+07   1488000E+01  .2047E+06  .9849E+05   .9897120  .1205315  .0770869
T 3739  1 .6208210E+07   1488000E+01  .1922E+06 -.2087E+06   .9988058  .0433433  .0225479
T 3740  1 .6245797E+07   1488000E+01  .5875E+05  .2133E+06   .9993178 -.0003728  .0369297
T 3741  1 .6352923E+07   1488000E+01  .1044E+06 -.6353E+05   .9995439  .0300219  .0032595
T 3742  1 .6234686E+07   1488000E+01  .4465E+06 -.2450E+06   .9981225  .0527770  .0310821
T 3743  1 .7375071E+07   1488000E+01  .2699E+06  .4860E+05   .9988922 -.0263780  .0389691
T 3744  1 .6384243E+07   1488000E+01  .5759E+05 -.1360E+06   .9985187 -.0410342 -.0357293
T 3745  1 .6745354E+07   1488000E+01 -.9716E+05  .2485E+04   .9994575 -.0279511  .0174183
T 3746  1 .5997376E+07   1488000E+01  .4765E+04 -.2388E+06   .9995937  .0252827  .0131624
T 3747  1 .6276406E+07   1488000E+01  .1628E+06 -.3333E+06   .9982615 -.0247598 -.0534875
T 3748  1 .6113978E+07   1488000E+01  .4709E+06  .2723E+06   .9923294  .1172411  .0392040
T 3749  1 .6827582E+07   1488000E+01  .7745E+06 -.1963E+04   .9969520  .0780148 -.0006215
T 3750  1 .6775222E+07   1488000E+01 -.5505E+05  .1192E+06   .9998951  .0106123  .0098584
T 3751  1 .6088216E+07   1488000E+01  .3798E+05 -.6375E+06   .9995051  .0301325 -.0090338
T 3752  1 .6607133E+07   1488000E+01  .2065E+06 -.1077E+06   .9991695 -.0074968 -.0400522
T 3753  1 .6866173E+07   1488000E+01  .4329E+06  .4958E+06   .9897155  .0735154  .1227136
T 3754  1 .5882329E+07   1488000E+01  .7635E+05 -.3157E+06   .9977603  .0423800 -.0517516
T 3755  1 .6148016E+07   1488000E+01 -.3274E+05 -.7619E+06   .9948627  .0024197 -.1012048
T 3756  1 .6419552E+07   1488000E+01  .4144E+06 -.1573E+06   .9944713  .1021718  .0242446
T 3757  1 .6385937E+07   1488000E+01  .5474E+06  .2563E+06   .9947800  .0578049  .0840915
T 3758  1 .6548371E+07   1488000E+01  .1347E+06 -.1987E+06   .9958431  .0910846  .0004555
T 3759  1 .6817395E+07   1488000E+01  .2949E+06 -.1310E+06   .9964198  .0298046 -.0791158
T 3760  1 .6425091E+07   1488000E+01 -.8392E+05 -.2743E+05   .9975488  .0223870 -.0662962
T 3761  1 .6809275E+07   1488000E+01 -.5500E+05 -.2005E+06   .9999743  .0048608  .0052635
T 3762  1 .5851163E+07   1488000E+01  .9333E+05  .9112E+05   .9997851 -.0174881  .0111342
T 3763  1 .5867205E+07   1488000E+01  .2522E+06  .4335E+05   .9900136  .1403200  .0135406
T 3764  1 .6531067E+07   1488000E+01 -.5240E+05  .3305E+06   .9976476 -.0152592  .0668319
T 3765  1 .6785658E+07   1488000E+01 -.2425E+06  .3195E+05   .9985671  .0523478  .0111119
T 3766  1 .6375520E+07   1488000E+01  .3026E+06  .4504E+06   .9973648  .0505633  .0520261
T 3767  1 .6820285E+07   1488000E+01  .4089E+05  .1317E+06   .9992861  .0177792 -.0333349
T 3768  1 .6440313E+07   1488000E+01  .2783E+06 -.3118E+06   .9967686  .0802745 -.0028746
T 3769  1 .6980578E+07   1488000E+01  .1835E+06 -.2343E+06   .9978310  .0658261 -.0003466
T 3770  1 .6436997E+07   1488000E+01 -.2551E+06  .4240E+06   .9951286 -.0903584  .0394264
T 3771  1 .6691056E+07   1488000E+01  .5139E+06 -.3465E+06   .9995632 -.0050439 -.0291206
T 3772  1 .6427596E+07   1488000E+01 -.8323E+05 -.2274E+06   .9998652  .0149032 -.0068885
T 3773  1 .6668266E+07   1488000E+01 -.3341E+06  .8778E+06   .9964984 -.0483166  .0682375
T 3774  1 .6358381E+07   1488000E+01 -.1303E+07 -.7618E+06   .9902943 -.1322623 -.0427074
T 3775  1 .6412476E+07   1488000E+01 -.1289E+06  .3243E+06   .9980888 -.0351240  .0508438
T 3776  1 .6253180E+07   1488000E+01  .3181E+06 -.6942E+05   .9988122  .0471580 -.0122583
T 3777  1 .6816595E+07   1488000E+01  .3754E+06 -.7049E+05   .9981885  .0513839 -.0312965
T 3778  1 .5979630E+07   1488000E+01 -.5169E+06  .4462E+06   .9924227 -.0029824  .1228344
T 3779  1 .6386201E+07   1488000E+01 -.9597E+05  .8541E+06   .9928047 -.0199775  .1180669
T 3780  1 .6182635E+07   1488000E+01 -.1312E+06  .1471E+06   .9937873  .0727157  .0842564
T 3781  1 .6317841E+07   1488000E+01 -.1299E+06  .3561E+06   .9858897 -.1318242  .1031693
T 3782  1 .6265022E+07   1488000E+01  .4599E+06  .1213E+07   .9859741  .0763154  .1484284
T 3783  1 .6777833E+07   1488000E+01  .2406E+05 -.1087E+06   .9957069  .0902833 -.0204143
T 3784  1 .6185999E+07   1488000E+01 -.7768E+06 -.2070E+06   .9968443 -.0793168  .0032112
T 3785  1 .6514804E+07   1488000E+01 -.3788E+06  .5878E+06   .9968742 -.0618345  .0491760
T 3786  1 .6271293E+07   1488000E+01 -.1005E+06  .1330E+06   .9978922  .0641785  .0096087
T 3787  1 .6556221E+07   1488000E+01 -.2113E+06 -.2734E+05   .9996098  .0273133 -.0058588
T 3788  1 .6595623E+07   1488000E+01 -.2156E+05 -.5370E+06   .9987548 -.0098254 -.0489110
T 3789  1 .6576709E+07   1488000E+01 -.3459E+06 -.3819E+06   .9974255  .0023114 -.0716733
T 3790  1 .6792376E+07   1488000E+01  .2023E+06 -.2175E+06   .9993704  .0135163 -.0328032
T 3791  1 .6428387E+07   1488000E+01  .7143E+05  .2914E+06   .9995053  .0232095  .0212246
T 3792  1 .5622864E+07   1488000E+01 -.1146E+06 -.2172E+06   .9987558  .0245392 -.0434127
T 3793  1 .6379450E+07   1488000E+01 -.2224E+06  .7028E+05   .9997189  .0189279  .0142743
T 3794  1 .6153042E+07   1488000E+01  .8337E+05 -.1344E+06   .9981944  .0083935 -.0594764
T 3795  1 .5798969E+07   1488000E+01  .3175E+06 -.3292E+06   .9893887  .1221067 -.0787400
T 3796  1 .6607221E+07   1488000E+01  .1113E+06 -.1520E+06   .9991793  .0386199  .0122181
T 3797  1 .6121291E+07   1488000E+01 -.2029E+06  .1467E+06   .9981082 -.0200623  .0581168
T 3798  1 .6829865E+07   1488000E+01  .3335E+06 -.9917E+05   .9993439  .0359664  .0042732
T 3799  1 .6497642E+07   1488000E+01 -.9962E+04 -.6991E+05   .9998481  .0102178 -.0141196
T 3800  1 .6593407E+07   1488000E+01 -.3521E+06  .2914E+05   .9994787 -.0322072 -.0022270
T 3801  1 .6368878E+07   1488000E+01  .1431E+06  .1152E+05   .9996986 -.0212368 -.0123145
T 3802  1 .6849841E+07   1488000E+01  .2453E+06  .1145E+06   .9998405  .0113649 -.0137805
T 3803  1 .6592465E+07   1488000E+01 -.1374E+06  .1331E+06   .9991480 -.0089569  .0402873
T 3804  1 .6472401E+07   1488000E+01 -.1427E+06 -.4920E+06   .9979478 -.0576466 -.0278776
T 3805  1 .6409650E+07   1488000E+01  .4997E+06 -.1550E+06   .9986243  .0523027 -.0037223
T 3806  1 .5981900E+07   1488000E+01 -.1236E+06 -.9456E+05   .9997536  .0035708  .0219093
T 3807  1 .6087268E+07   1488000E+01 -.3911E+06 -.4679E+06   .9987686 -.0135143 -.0477354
T 3808  1 .6681755E+07   1488000E+01  .1980E+06  .3214E+05   .9989336  .0437064  .0148800
T 3809  1 .6976204E+07   1488000E+01  .4705E+06  .2664E+06   .9969012  .0772369  .0149168
T 3810  1 .6739463E+07   1488000E+01  .3828E+05  .1469E+06   .9999773  .0066810  .0009163
T 3811  1 .6396249E+07   1488000E+01  .1309E+07 -.9631E+05   .9891952  .1232065 -.0794545
T 3812  1 .6301836E+07   1488000E+01  .2777E+06 -.1929E+06   .9971268  .0579565  .0487770
T 3813  1 .6739679E+07   1488000E+01 -.3514E+05  .3003E+05   .9995660 -.0051787 -.0289990
T 3814  1 .6649586E+07   1488000E+01 -.7769E+06  .4900E+06   .9328451 -.2247072  .2816143
T 3815  1 .6382769E+07   1488000E+01 -.1587E+06 -.2459E+06   .9991000  .0051247 -.0421057
T 3816  1 .6263007E+07   1488000E+01 -.7332E+06 -.7679E+05   .9964436 -.0819752 -.0195011
T 3817  1 .6635540E+07   1488000E+01  .2303E+06 -.2712E+06   .9992930  .0245475 -.0284757
T 3818  1 .6353605E+07   1488000E+01  .3210E+06  .4779E+05   .9982052  .0592576 -.0086521
T 3819  1 .6661194E+07   1488000E+01 -.1395E+05  .3778E+05   .9864637  .0195184  .1628140
T 3820  1 .6394616E+07   1488000E+01 -.2434E+06 -.1366E+06   .9998771 -.0155633 -.0019114
T 3821  1 .6297458E+07   1488000E+01 -.1030E+06  .6606E+06   .9964738  .0095254  .0833627
T 3822  1 .6721619E+07   1488000E+01  .4290E+06  .5225E+06   .9972293  .0427795  .0608569
T 3823  1 .6360876E+07   1488000E+01 -.4881E+06  .5788E+06   .9971936 -.0512789  .0545467
T 3824  1 .6799233E+07   1488000E+01  .2891E+06 -.6035E+06   .9966343  .0611664 -.0545771
T 3825  1 .7168013E+07   1488000E+01  .3408E+06  .1672E+06   .9971915  .0713211  .0228550
T 3826  1 .6306264E+07   1488000E+01  .2803E+06  .4041E+05   .9948589  .0737043 -.0694503
T 3827  1 .6927119E+07   1488000E+01  .4637E+06  .1130E+06   .9947038  .0965043 -.0353730
T 3828  1 .6276338E+07   1488000E+01  .4440E+04 -.3681E+06   .9947378  .0104322 -.1019207
T 3829  1 .6572641E+07   1488000E+01 -.9513E+06  .7649E+06   .9923876 -.0841305  .0899384
T 3830  1 .6114966E+07   1488000E+01 -.1128E+06 -.2656E+05   .9976089 -.0190014 -.0664480
T 3831  1 .6124082E+07   1488000E+01  .7028E+06 -.2363E+06   .9960711  .0587774 -.0662394
T 3832  1 .6383052E+07   1488000E+01  .3838E+06 -.1177E+06   .9970429  .0765167  .0071136
T 3833  1 .6067205E+07   1488000E+01  .3712E+06 -.1111E+07   .9949964  .0754798 -.0654603
T 3834  1 .5878815E+07   1488000E+01  .2484E+06 -.1251E+06   .9977092  .0593785  .0324117
T 3835  1 .6090716E+07   1488000E+01 -.8631E+06  .2377E+05   .9492401 -.3107521 -.0487483
T 3836  1 .6901209E+07   1488000E+01  .1468E+06  .4219E+05   .9890779 -.0283831 -.1446348
T 3837  1 .6491069E+07   1488000E+01 -.2387E+06  .3304E+06   .9999214 -.0034530  .0120556
T 3838  1 .6253966E+07   1488000E+01 -.5004E+05  .1391E+06   .9967593  .0233975  .0769643
T 3839  1 .5847911E+07   1488000E+01  .2089E+06 -.1080E+06   .9993549  .0018165 -.0358673
T 3840  1 .6110916E+07   1488000E+01 -.6762E+06 -.2420E+06   .9879220 -.1544388  .0125984
T 3841  1 .6401110E+07   1488000E+01 -.4355E+05 -.2691E+06   .9997569  .0043707  .0216106
T 3842  1 .5922379E+07   1488000E+01 -.2028E+05  .5689E+06   .9933583  .0724893  .0893565
T 3843  1 .6963304E+07   1488000E+01 -.1376E+06  .1525E+06   .9999537 -.0096029 -.0006789
T 3844  1 .6646741E+07   1488000E+01 -.4489E+06  .4618E+06   .9919482 -.1150921  .0528457
T 3845  1 .6348737E+07   1488000E+01 -.6171E+06 -.3720E+06   .9992986 -.0348301 -.0137547
T 3846  1 .6317491E+07   1488000E+01  .2992E+06 -.2703E+06   .9990651  .0429138 -.0052268
T 3847  1 .6367033E+07   1488000E+01  .2026E+06 -.4425E+06   .9989239  .0247009 -.0392543
T 3848  1 .6306834E+07   1488000E+01  .2074E+06 -.2440E+06   .9994974  .0264263 -.0175109
T 3849  1 .6528931E+07   1488000E+01 -.2421E+06 -.1830E+06   .9997804 -.0156130  .0139777
T 3850  1 .6137633E+07   1488000E+01 -.7299E+05  .1506E+06   .9997729 -.0110807 -.0182029
T 3851  1 .6917171E+07   1488000E+01 -.7298E+06 -.6436E+05   .9963197 -.0784418 -.0345540
T 3852  1 .6229124E+07   1488000E+01  .6284E+05  .3241E+05   .9981408  .0285232  .0538645
T 3853  1 .6275369E+07   1488000E+01 -.1409E+06 -.4564E+06   .9995430  .0286197 -.0097350
T 3854  1 .6102408E+07   1488000E+01 -.4360E+06  .9649E+06   .9806636 -.0662265  .1841548
T 3855  1 .6762518E+07   1488000E+01  .1377E+05 -.2314E+06   .9993333  .0316085 -.0182697
T 3856  1 .6208931E+07   1488000E+01 -.1788E+06  .1833E+06   .9989941  .0372595  .0249521
T 3857  1 .6563300E+07   1488000E+01 -.5327E+06  .1190E+06   .9976940 -.0678726 -.0001205
T 3858  1 .6840735E+07   1488000E+01  .7785E+06 -.3689E+06   .9950590  .0695248 -.0708799
T 3859  1 .6275401E+07   1488000E+01 -.7479E+06  .6051E+06   .9941143 -.0383621  .1013171
T 3860  1 .6815075E+07   1488000E+01 -.2394E+06  .1494E+06   .9990407  .0058068  .0434038
T 3861  1 .6457469E+07   1488000E+01 -.9398E+05 -.7101E+05   .9990089 -.0263352 -.0358834
T 3862  1 .7106662E+07   1488000E+01 -.2342E+06 -.1562E+06   .9970801 -.0636500 -.0421903
T 3863  1 .5940896E+07   1488000E+01  .3987E+06 -.9801E+04   .9967020  .0792113  .0176244
T 3864  1 .6904977E+07   1488000E+01 -.5428E+06  .5354E+05   .9974779 -.0689084 -.0170147
T 3865  1 .6663077E+07   1488000E+01  .4882E+06 -.5256E+06   .9977531  .0172672 -.0647347
T 3866  1 .6196046E+07   1488000E+01  .1059E+05  .2244E+06   .9977199  .0192294  .0646935
T 3867  1 .6532897E+07   1488000E+01  .1619E+06  .1740E+06   .9995226 -.0308957  .0002528
T 3868  1 .6013498E+07   1488000E+01  .4375E+06  .1081E+06   .9971130  .0647378  .0396812
T 3869  1 .6453633E+07   1488000E+01  .2300E+05 -.3304E+05   .9972462  .0550362 -.0497101
T 3870  1 .6046123E+07   1488000E+01 -.4428E+06 -.6318E+06   .9918143 -.1119303 -.0614488
T 3871  1 .6056177E+07   1488000E+01  .1823E+06 -.2014E+06   .9986458  .0413928 -.0315137
T 3872  1 .5932244E+07   1488000E+01  .2058E+06 -.2721E+06   .9927791  .0918725 -.0771306
T 3873  1 .6230295E+07   1488000E+01  .5478E+06  .7882E+06   .9939561  .0390319  .1026048
T 3874  1 .6145025E+07   1488000E+01 -.6724E+05 -.1814E+06   .9994772 -.0315251  .0071788
T 3875  1 .6543062E+07   1488000E+01  .4321E+06  .6883E+05   .9974749  .0573508 -.0418898
T 3876  1 .5773642E+07   1488000E+01 -.1376E+06  .3309E+06   .9998098  .0164767  .0104329
T 3877  1 .6340238E+07   1488000E+01 -.4999E+05 -.2148E+05   .9964110 -.0814274 -.0231240
T 3878  1 .6973471E+07   1488000E+01 -.8669E+05  .2835E+05   .9993179 -.0351825  .0112190
T 3879  1 .6253785E+07   1488000E+01 -.2618E+06 -.6743E+06   .9995775 -.0075683  .0280649
T 3880  1 .6937815E+07   1488000E+01  .1183E+06  .1954E+05   .9961885 -.0719768  .0492735
T 3881  1 .6598164E+07   1488000E+01  .1591E+05  .2132E+06   .9950794  .0895216  .0424592
T 3882  1 .6329190E+07   1488000E+01 -.1010E+06  .5220E+06   .9992956  .0066388  .0369347
T 3883  1 .6769097E+07   1488000E+01 -.3541E+06 -.4738E+06   .9975292 -.0587421 -.0385331
T 3884  1 .6507952E+07   1488000E+01 -.2747E+05  .3107E+06   .9993839  .0106811  .0334325
T 3885  1 .6795711E+07   1488000E+01 -.2541E+06  .1252E+06   .9978224 -.0658204  .0042672
T 3886  1 .6438803E+07   1488000E+01 -.4087E+06  .2040E+06   .9991111 -.0321118  .0273085
T 3887  1 .6378613E+07   1488000E+01 -.3577E+06  .9226E+05   .9991769 -.0405494 -.0011040
T 3888  1 .6256475E+07   1488000E+01 -.7901E+05 -.1208E+06   .9990204  .0430312 -.0103189
T 3889  1 .6176797E+07   1488000E+01  .2033E+06  .9713E+06   .9854704  .0511463  .1619635
T 3890  1 .6431863E+07   1488000E+01 -.1978E+06 -.1553E+05   .9999313 -.0007963  .0116975
T 3891  1 .6636716E+07   1488000E+01 -.1949E+06 -.1997E+05   .9959226 -.0570746 -.0698623
T 3892  1 .6531417E+07   1488000E+01 -.2975E+06  .2242E+06   .9992205 -.0244774  .0309722
T 3893  1 .6426641E+07   1488000E+01 -.4760E+06  .7684E+05   .9987579 -.0497780 -.0021908
T 3894  1 .6272381E+07   1488000E+01  .3321E+06 -.3084E+06   .9947417  .0402596 -.0941703
T 3895  1 .5764988E+07   1488000E+01 -.3446E+06  .1849E+06   .9437310 -.2451719  .2219514
T 3896  1 .6075952E+07   1488000E+01 -.1326E+07 -.2053E+06   .9974137 -.0712995 -.0090724
T 3897  1 .6419071E+07   1488000E+01 -.9337E+05  .7006E+06   .9978944 -.0584028  .0282110
T 3898  1 .6911396E+07   1488000E+01 -.4255E+06 -.5382E+06   .9990454 -.0252665 -.0356344
T 3899  1 .6168767E+07   1488000E+01 -.2291E+06  .7569E+05   .9996928 -.0201075 -.0144890
T 3900  1 .5874507E+07   1488000E+01  .4007E+06  .2031E+05   .9910057  .1310054  .0273002
T 3901  1 .6430019E+07   1488000E+01  .3806E+06 -.6012E+05   .9996023  .0265029  .0096324
T 3902  1 .6374464E+07   1488000E+01 -.6063E+06  .2002E+06   .9942845 -.0911026  .0556651
T 3903  1 .5899405E+07   1488000E+01 -.6694E+06  .2143E+06   .9989922 -.0426919 -.0138586
T 3904  1 .6367950E+07   1488000E+01  .3070E+06  .1624E+06   .9978748 -.0042570  .0650207
T 3905  1 .6171380E+07   1488000E+01  .2966E+05 -.2395E+05   .9985836  .0199651 -.0493172
T 3906  1 .5951499E+07   1488000E+01  .5403E+06  .1097E+06   .9979994  .0408227  .0482769
T 3907  1 .6668093E+07   1488000E+01 -.2471E+06 -.1812E+06   .9973197  .0717311  .0144267
T 3908  1 .6954962E+07   1488000E+01 -.8029E+04  .1918E+06   .9990581 -.0268696  .0340715
T 3909  1 .6407456E+07   1488000E+01 -.2013E+06 -.2941E+06   .9991875 -.0264644 -.0303981
T 3910  1 .6177051E+07   1488000E+01 -.4006E+06 -.7396E+05   .9978452 -.0641862 -.0136042
T 3911  1 .6779973E+07   1488000E+01  .2760E+06 -.7363E+05   .9966401  .0512875 -.0638601
T 3912  1 .6078793E+07   1488000E+01 -.1099E+06  .2101E+06   .9994592 -.0234464  .0230542
T 3913  1 .6482581E+07   1488000E+01 -.2001E+06 -.3772E+06   .9967890 -.0450114 -.0662246
T 3914  1 .6538356E+07   1488000E+01 -.2524E+06 -.5136E+06   .9940458 -.0419850 -.1005495
T 3915  1 .6546868E+07   1488000E+01  .4755E+05 -.5491E+06   .9883353  .1074505 -.1079248
T 3916  1 .5960992E+07   1488000E+01 -.2915E+05 -.2221E+06   .9994672  .0314292 -.0088001
T 3917  1 .6082494E+07   1488000E+01  .2839E+06 -.3521E+05   .9974074  .0658614 -.0289960
T 3918  1 .6546909E+07   1488000E+01 -.3830E+06  .4923E+05   .9953454 -.0421378  .0866718
T 3919  1 .5650105E+07   1488000E+01 -.1075E+07 -.1737E+04   .9968541 -.0130523 -.0781760
T 3920  1 .6322034E+07   1488000E+01  .6315E+06  .8455E+05   .9967065  .0810818 -.0013705
T 3921  1 .6467324E+07   1488000E+01 -.4105E+06  .4008E+06   .9997111  .0110934  .0213233
T 3922  1 .6010515E+07   1488000E+01 -.3425E+06  .6022E+06   .9998684  .0081497  .0140307
T 3923  1 .6860546E+07   1488000E+01 -.9471E+04  .1311E+06   .9990883 -.0199894  .0377219
T 3924  1 .6407247E+07   1488000E+01 -.9803E+05  .4988E+06   .9937056 -.0773308  .0810507
T 3925  1 .6006364E+07   1488000E+01 -.4344E+06  .1203E+06   .9983782 -.0528933 -.0210517
T 3926  1 .6820701E+07   1488000E+01  .2979E+06 -.1560E+06   .9995788  .0266771 -.0114279
T 3927  1 .6473663E+07   1488000E+01  .7464E+05 -.2216E+06   .9991454  .0056688 -.0409440
T 3928  1 .6465105E+07   1488000E+01  .6150E+05  .1874E+06   .9980128 -.0139018  .0614585
T 3929  1 .6799032E+07   1488000E+01 -.7994E+05  .5047E+06   .9934951  .0039830  .1138054
T 3930  1 .6137331E+07   1488000E+01  .5955E+06  .3010E+06   .9924898  .1050221  .0627241
T 3931  1 .6048977E+07   1488000E+01  .9390E+05  .4131E+05   .9999984 -.0014734  .0010371
T 3932  1 .6302202E+07   1488000E+01 -.3794E+06 -.1383E+06   .9980089 -.0458626 -.0433001
T 3933  1 .6452692E+07   1488000E+01  .1219E+06 -.4648E+06   .9993881 -.0086848 -.0338821
T 3934  1 .5810636E+07   1488000E+01  .6292E+05  .2902E+06   .9979872 -.0135006  .0619623
T 3935  1 .6333168E+07   1488000E+01 -.3212E+06 -.9757E+05   .9997281  .0060839 -.0225100
T 3936  1 .5899489E+07   1488000E+01 -.8818E+05  .2268E+06   .9962117  .0270791  .0826377
T 3937  1 .6727188E+07   1488000E+01 -.4404E+06 -.3604E+05   .9968636 -.0771020  .0178395
T 3938  1 .6572633E+07   1488000E+01 -.2825E+06 -.8589E+05   .9954451 -.0124583 -.0945187
T 3939  1 .6347402E+07   1488000E+01  .4501E+06  .1786E+06   .9972613  .0666870 -.0319801
T 3940  1 .5838153E+07   1488000E+01  .1765E+06 -.4126E+06   .9976001 -.0045006 -.0690932
T 3941  1 .6384285E+07   1488000E+01  .1419E+06 -.1706E+06   .9999754  .0017973 -.0067819
T 3942  1 .6591530E+07   1488000E+01  .2189E+06  .7432E+05   .9957727  .0828156  .0397278
T 3943  1 .6547830E+07   1488000E+01 -.2266E+06  .2253E+06   .9967519 -.0375479  .0712442
T 3944  1 .6226561E+07   1488000E+01 -.7688E+05  .2728E+06   .9989866  .0449958 -.0010725
T 3945  1 .6057277E+07   1488000E+01  .4915E+05 -.3146E+06   .9982021  .0221256 -.0557043
T 3946  1 .6605885E+07   1488000E+01 -.1766E+06 -.3910E+06   .9963226  .0264173 -.0815067
T 3947  1 .6583825E+07   1488000E+01 -.3708E+05 -.1300E+06   .9974594  .0615050 -.0359440
T 3948  1 .5990504E+07   1488000E+01  .3517E+06 -.7887E+05   .9972298  .0681929 -.0297051
T 3949  1 .6384082E+07   1488000E+01 -.3545E+06  .8449E+06   .9936134 -.0685020  .0896649
T 3950  1 .6244583E+07   1488000E+01 -.1767E+06  .3152E+06   .9990425 -.0253930  .0356274
T 3951  1 .6083719E+07   1488000E+01 -.3255E+06 -.1403E+06   .9979365 -.0143549 -.0625829
T 3952  1 .6648233E+07   1488000E+01 -.2067E+06 -.1733E+06   .9994981 -.0261395 -.0178947
T 3953  1 .6616991E+07   1488000E+01 -.2712E+06 -.3672E+06   .9966560 -.0261015 -.0774311
T 3954  1 .7024119E+07   1488000E+01 -.1653E+06  .2086E+06   .9979221 -.0407590  .0499015
T 3955  1 .6301460E+07   1488000E+01  .5364E+06 -.5815E+06   .9943106  .0646464 -.0846601
T 3956  1 .6070658E+07   1488000E+01 -.3117E+06  .3783E+06   .9980978 -.0575402  .0221322
T 3957  1 .5766811E+07   1488000E+01  .1973E+06 -.6220E+05   .9992972  .0041056 -.0372583
T 3958  1 .6432281E+07   1488000E+01 -.3218E+06 -.3448E+06   .9989918 -.0002619 -.0448931
T 3959  1 .6413192E+07   1488000E+01  .3291E+06 -.8381E+05   .9979851  .0571697 -.0275197
T 3960  1 .6492655E+07   1488000E+01 -.7029E+06  .4731E+06   .9912346 -.1038145  .0817095
T 3961  1 .6192820E+07   1488000E+01  .1719E+06 -.3321E+06   .9971155  .0122337 -.0749070
T 3962  1 .5948597E+07   1488000E+01 -.6245E+05 -.3833E+06   .9983379 -.0190204 -.0544031
T 3963  1 .6349861E+07   1488000E+01 -.3539E+06 -.1201E+06   .9945957 -.1034758 -.0084946
T 3964  1 .6244123E+07   1488000E+01  .2399E+06  .7069E+06   .9979633  .0232943  .0593846
T 3965  1 .6368698E+07   1488000E+01 -.3512E+06 -.7180E+05   .9928383 -.1187952  .0126389
T 3966  1 .6653186E+07   1488000E+01  .8874E+05  .3387E+06   .9967342 -.0202978  .0781603
T 3967  1 .6848279E+07   1488000E+01  .3106E+05  .2635E+05   .9997883 -.0048781 -.0199913
T 3968  1 .6248697E+07   1488000E+01 -.1436E+06 -.4755E+06   .9934624 -.0053006 -.1140371
T 3969  1 .6498350E+07   1488000E+01 -.3387E+06 -.2173E+06   .9957454 -.0912927 -.0125163
T 3970  1 .6633274E+07   1488000E+01  .1662E+06 -.4217E+06   .9983373  .0239318 -.0524399
T 3971  1 .6409794E+07   1488000E+01 -.2143E+05 -.4912E+06   .9956269 -.0051557 -.0932761
T 3972  1 .6708050E+07   1488000E+01  .9296E+05  .5326E+06   .9924085  .0438163  .1149148
T 3973  1 .6607092E+07   1488000E+01 -.1322E+06  .5140E+06   .9995014  .0192055  .0250638
T 3974  1 .6210093E+07   1488000E+01  .3560E+05  .1540E+06   .9997034  .0170757  .0173634
T 3975  1 .6388796E+07   1488000E+01 -.6469E+06 -.1520E+06   .9931270 -.1110360  .0370098
T 3976  1 .6390793E+07   1488000E+01  .1454E+06 -.4600E+06   .9955682  .0436627 -.0832913
T 3977  1 .5975875E+07   1488000E+01  .6729E+06  .3584E+06   .9914898  .1222124  .0448574
T 3978  1 .6538700E+07   1488000E+01 -.1031E+07  .3444E+06   .9933744 -.0997178  .0571288
T 3979  1 .6329038E+07   1488000E+01  .5089E+06 -.2529E+06   .9979200  .0614071 -.0196184
T 3980  1 .6253848E+07   1488000E+01  .4470E+06  .8550E+06   .9966115  .0736171  .0366879
T 3981  1 .6471558E+07   1488000E+01 -.1092E+07 -.1668E+06   .9813636 -.1864830 -.0463630
T 3982  1 .6517855E+07   1488000E+01 -.2332E+06 -.3085E+06   .9987139  .0370986 -.0345585
T 3983  1 .6060253E+07   1488000E+01  .1817E+05  .9112E+05   .9986445 -.0153876  .0497235
T 3984  1 .6419082E+07   1488000E+01  .3177E+06 -.1186E+06   .9990206  .0416735 -.0148747
T 3985  1 .6504517E+07   1488000E+01 -.2279E+06  .3386E+06   .9993090  .0224344  .0296338
T 3986  1 .6422734E+07   1488000E+01 -.7389E+05 -.4918E+06   .9956302  .0056865 -.0932100
T 3987  1 .5965905E+07   1488000E+01 -.2239E+06 -.1032E+06   .9986374 -.0402115 -.0332613
T 3988  1 .5831856E+07   1488000E+01 -.6468E+06 -.6616E+06   .9941846 -.0575029 -.0910516
T 3989  1 .5967347E+07   1488000E+01  .6236E+05 -.2434E+06   .9995822 -.0197241  .0211272
T 3990  1 .6439515E+07   1488000E+01  .4086E+06 -.5914E+05   .9959717  .0590485 -.0674803
T 3991  1 .6516710E+07   1488000E+01 -.1565E+06  .2367E+06   .9973185 -.0467089  .0563394
T 3992  1 .6300174E+07   1488000E+01  .2750E+06  .2536E+06   .9962706  .0600822  .0619273
T 3993  1 .6370941E+07   1488000E+01 -.6337E+06 -.4590E+06   .9944326 -.0908797 -.0533347
T 3994  1 .6361163E+07   1488000E+01 -.4299E+06  .1279E+06   .9992761 -.0360073  .0122797
T 3995  1 .6569797E+07   1488000E+01  .3367E+06 -.2664E+06   .9879818 -.0082430 -.1543506
T 3996  1 .6140088E+07   1488000E+01 -.3644E+06  .3770E+06   .9934608 -.0660239  .0931480
T 3997  1 .6771891E+07   1488000E+01 -.2561E+06 -.4142E+06   .9987607 -.0493121 -.0067395
T 3998  1 .6700378E+07   1488000E+01  .2175E+06  .1048E+06   .9994026  .0284048  .0196896
T 3999  1 .6315557E+07   1488000E+01  .5360E+05  .2163E+06   .9986342  .0368487  .0370395
T 4000  1 .5733273E+07   1488000E+01 -.4980E+06  .7588E+06   .9904016 -.1381230 -.0051692
T 4001  1 .6475641E+07   1488000E+01 -.1215E+05 -.1428E+06   .9997504  .0010893 -.0223148
T 4002  1 .6109850E+07   1488000E+01  .2833E+06  .7863E+06   .9970676 -.0131051  .0753955
T 4003  1 .6257603E+07   1488000E+01 -.2330E+05  .2737E+06   .9957782 -.0242731  .0885244
T 4004  1 .6944918E+07   1488000E+01  .4371E+06  .4070E+06   .9952955  .0933672  .0258720
T 4005  1 .6590031E+07   1488000E+01 -.4208E+06 -.1784E+06   .9941289 -.1071237  .0152392
T 4006  1 .6237206E+07   1488000E+01 -.2589E+06 -.3253E+06   .9989216  .0446052  .0128878
T 4007  1 .6021884E+07   1488000E+01  .2018E+05 -.1120E+06   .9992341 -.0369460  .0128906
T 4008  1 .6288970E+07   1488000E+01  .3225E+06 -.1620E+06   .9972161  .0439092 -.0602667
T 4009  1 .6076293E+07   1488000E+01 -.3957E+06  .5061E+05   .9993083 -.0240197  .0283891
T 4010  1 .6648070E+07   1488000E+01  .2412E+06 -.2887E+05   .9990083  .0360794  .0260916
T 4011  1 .5815587E+07   1488000E+01  .7636E+05 -.2588E+06   .9998576  .0168167  .0014403
T 4012  1 .6483843E+07   1488000E+01 -.6445E+06  .4584E+06   .9969701 -.0601638  .0493051
T 4013  1 .6052596E+07   1488000E+01  .1526E+06 -.2995E+06   .9984235  .0336276 -.0449419
T 4014  1 .6076273E+07   1488000E+01  .3516E+06  .1094E+05   .9989372 -.0344111  .0306645
T 4015  1 .6557579E+07   1488000E+01  .7396E+05  .2107E+06   .9976912  .0679019 -.0012531
T 4016  1 .6429475E+07   1488000E+01  .2179E+06  .9669E+05   .9977804  .0102592  .0657952
T 4017  1 .6451390E+07   1488000E+01 -.1463E+06 -.1810E+06   .9928491  .0383379 -.1130528
T 4018  1 .5753163E+07   1488000E+01  .1610E+06 -.1387E+07   .9805242 -.0042248 -.1963531
T 4019  1 .6763389E+07   1488000E+01 -.7394E+04  .4884E+06   .9623767 -.0300866  .2700481
T 4020  1 .5963675E+07   1488000E+01 -.4512E+06 -.1135E+06   .9929708 -.0382660 -.1120031
T 4021  1 .6666315E+07   1488000E+01  .4141E+06 -.1937E+06   .9919575  .1258600 -.0134014
T 4022  1 .6496801E+07   1488000E+01  .2408E+06  .8169E+05   .9950896 -.0023720  .0989495
T 4023  1 .6080707E+07   1488000E+01 -.3842E+05 -.1640E+06   .9985752 -.0083384 -.0527077
T 4024  1 .6178248E+07   1488000E+01  .7958E+06  .2685E+06   .9958815  .0632297  .0649765
T 4025  1 .6717606E+07   1488000E+01 -.2033E+06 -.2668E+06   .9998917 -.0143499  .0032552
T 4026  1 .6417097E+07   1488000E+01 -.1790E+06  .5242E+06   .9974434  .0123862  .0703798
T 4027  1 .6371109E+07   1488000E+01 -.1969E+06 -.5198E+06   .9970225 -.0310145 -.0705994
T 4028  1 .6524108E+07   1488000E+01  .1763E+06 -.5258E+06   .9995571 -.0241719  .0173564
T 4029  1 .6574302E+07   1488000E+01  .2863E+06 -.1924E+06   .9944535  .1047568 -.0093942
T 4030  1 .6437128E+07   1488000E+01 -.1358E+06 -.2198E+06   .9987951  .0316653  .0374926
T 4031  1 .6486991E+07   1488000E+01  .1392E+06 -.6384E+06   .9965612  .0356739 -.0747869
T 4032  1 .6125078E+07   1488000E+01  .2055E+07 -.3710E+06   .9793361  .2020576 -.0085790
T 4033  1 .6593546E+07   1488000E+01 -.3070E+06  .2505E+06   .9980934 -.0542257  .0294804
T 4034  1 .6622522E+07   1488000E+01 -.4197E+06  .3266E+06   .9977853 -.0581181  .0323528
T 4035  1 .6536894E+07   1488000E+01 -.7114E+05 -.3233E+06   .9999249  .0051594 -.0111141
T 4036  1 .6427100E+07   1488000E+01  .5349E+05 -.1062E+06   .9999877  .0049269  .0006499
T 4037  1 .5833443E+07   1488000E+01  .4937E+06  .2718E+04   .9994597  .0249207  .0214316
T 4038  1 .6348912E+07   1488000E+01  .7495E+06  .3351E+04   .9786166  .2048275 -.0188456
T 4039  1 .6491289E+07   1488000E+01 -.5464E+06 -.7646E+05   .9985946 -.0414834 -.0329855
T 4040  1 .5770326E+07   1488000E+01  .4813E+05  .1638E+06   .9998036 -.0189156  .0059194
T 4041  1 .6560069E+07   1488000E+01  .8827E+05 -.1947E+06   .9998434 -.0159015  .0077695
T 4042  1 .6531763E+07   1488000E+01 -.2862E+06 -.1697E+06   .9927149 -.0904069 -.0796478
T 4043  1 .6474270E+07   1488000E+01  .5174E+06 -.2455E+06   .9974126  .0479247 -.0535857
T 4044  1 .6767030E+07   1488000E+01 -.4267E+05 -.3810E+06   .9994184 -.0167136 -.0297239
T 4045  1 .6455957E+07   1488000E+01  .4175E+06  .3207E+06   .9976523  .0577966  .0367337
T 4046  1 .6204426E+07   1488000E+01  .7075E+06 -.4545E+06   .9856294  .1108670 -.1274486
T 4047  1 .6686529E+07   1488000E+01 -.2289E+05 -.8723E+05   .9986078 -.0355176  .0390004
T 4048  1 .6911774E+07   1488000E+01 -.3439E+06 -.1199E+05   .9680868 -.1854487 -.1685727
T 4049  1 .6739848E+07   1488000E+01  .1596E+06 -.3351E+06   .9988256 -.0399684 -.0273854
T 4050  1 .6098741E+07   1488000E+01 -.6868E+05  .7348E+05   .9985951  .0453096 -.0274751
T 4051  1 .6361531E+07   1488000E+01 -.5531E+06 -.3864E+06   .9959644 -.0838947 -.0318843
T 4052  1 .6514666E+07   1488000E+01 -.2739E+06  .1114E+06   .9999763 -.0033179  .0060344
T 4053  1 .6533657E+07   1488000E+01 -.3748E+06 -.2589E+06   .9972343 -.0365213 -.0647291
T 4054  1 .6643767E+07   1488000E+01 -.4575E+06 -.5349E+06   .9984992 -.0452322 -.0308764
T 4055  1 .6356577E+07   1488000E+01  .1504E+06 -.4293E+06   .9946812 -.0795183 -.0654684
T 4056  1 .5905498E+07   1488000E+01 -.7820E+06  .1620E+06   .9931758 -.1129323 -.0291217
T 4057  1 .6082954E+07   1488000E+01 -.4880E+06 -.1421E+06   .9983089 -.0339659 -.0471761
T 4058  1 .6631580E+07   1488000E+01  .6868E+05 -.1431E+04   .9998440 -.0089811  .0152071
T 4059  1 .6531110E+07   1488000E+01  .2364E+06  .5197E+05   .9974168  .0431616  .0574181
T 4060  1 .6354690E+07   1488000E+01 -.2313E+05 -.1145E+07   .9947100 -.0249583 -.0996445
T 4061  1 .6475957E+07   1488000E+01 -.1478E+06  .4042E+06   .9809881  .0404335  .1898092
T 4062  1 .6260312E+07   1488000E+01 -.1556E+05  .4728E+06   .9985722 -.0337940  .0413698
T 4063  1 .6609612E+07   1488000E+01 -.3936E+05 -.8351E+06   .9810164 -.0543592 -.1861504
T 4064  1 .6570084E+07   1488000E+01 -.3309E+06  .1131E+05   .9930584 -.1133008  .0315917
T 4065  1 .6416809E+07   1488000E+01 -.1483E+06 -.2431E+06   .9965682  .0102038 -.0821440
T 4066  1 .6886790E+07   1488000E+01 -.1081E+06 -.1345E+06   .9999319 -.0034683  .0111443
T 4067  1 .6224462E+07   1488000E+01 -.6587E+06 -.5936E+05   .9960913 -.0873504 -.0131170
T 4068  1 .6428684E+07   1488000E+01  .4566E+06  .1069E+07   .9922724  .0749563  .0988784
T 4069  1 .6382486E+07   1488000E+01 -.2309E+06 -.4364E+06   .9944591  .0484847 -.0932756
T 4070  1 .6141223E+07   1488000E+01  .8488E+05 -.3004E+05   .9995860  .0283164  .0051077
T 4071  1 .6355588E+07   1488000E+01  .3632E+06 -.6082E+05   .9932090  .1126586  .0290489
T 4072  1 .6986363E+07   1488000E+01  .3175E+06  .1823E+06   .9997712  .0094769 -.0191760
T 4073  1 .6885727E+07   1488000E+01  .3358E+06 -.3659E+06   .9990154  .0228843 -.0380080
T 4074  1 .6177400E+07   1488000E+01 -.1936E+06 -.1976E+06   .9997395 -.0136461 -.0182960
T 4075  1 .6841865E+07   1488000E+01 -.7326E+05  .3085E+06   .9989963 -.0070583  .0442321
T 4076  1 .5956692E+07   1488000E+01 -.1041E+06 -.3173E+06   .9998229  .0026468  .0186306
T 4077  1 .5652040E+07   1488000E+01  .4563E+06 -.2707E+06   .9973173  .0590469 -.0432635
T 4078  1 .6948773E+07   1488000E+01 -.6860E+04 -.4522E+05   .9999919 -.0021076  .0034256
T 4079  1 .6507113E+07   1488000E+01  .1742E+06  .2372E+06   .9899259 -.1413046  .0089319
T 4080  1 .6429659E+07   1488000E+01 -.2430E+05  .5912E+06   .9971207  .0114418  .0749621
T 4081  1 .7356232E+07   1488000E+01  .1963E+06  .4950E+05   .9988039  .0272657  .0405877
T 4082  1 .6406278E+07   1488000E+01 -.2840E+06 -.2009E+06   .9985104 -.0119987 -.0532257
T 4083  1 .6126192E+07   1488000E+01  .4110E+05  .1539E+06   .9997316  .0153370  .0173624
T 4084  1 .6268912E+07   1488000E+01  .8475E+05  .6201E+06   .9925457  .0900303  .0821434
T 4085  1 .6489711E+07   1488000E+01  .3201E+06 -.2813E+06   .9973454  .0405968 -.0604485
T 4086  1 .6386172E+07   1488000E+01 -.2477E+06  .5673E+05   .9998677 -.0122484  .0107006
T 4087  1 .6237874E+07   1488000E+01  .1807E+06 -.4272E+06   .9996809 -.0067560 -.0243409
T 4088  1 .6249826E+07   1488000E+01 -.1995E+05 -.9050E+05   .9991801  .0241807 -.0324731
T 4089  1 .6984088E+07   1488000E+01 -.4478E+06  .5693E+05   .9994578 -.0321930  .0069109
T 4090  1 .6478234E+07   1488000E+01  .1251E+06  .1043E+06   .9996749  .0020819  .0254131
T 4091  1 .6490757E+07   1488000E+01  .7456E+06  .3682E+06   .9947166  .0907128  .0480626
T 4092  1 .6639474E+07   1488000E+01  .1527E+06 -.1403E+06   .9985596  .0524943 -.0110976
T 4093  1 .6220117E+07   1488000E+01 -.4054E+06  .2050E+05   .9986341 -.0463472 -.0241241
T 4094  1 .6116932E+07   1488000E+01  .2912E+06  .3424E+06   .9975122  .0703886 -.0038666
T 4095  1 .6314268E+07   1488000E+01 -.3290E+05  .2035E+06   .9950045 -.0395285  .0916711
T 4096  1 .6431405E+07   1488000E+01  .5276E+06  .5666E+06   .9927391  .0758317  .0933741
T 4097  1 .6360368E+07   1488000E+01 -.7422E+06  .4752E+06   .9940336 -.1052618  .0285862
T 4098  1 .6052865E+07   1488000E+01  .1576E+07  .3662E+06   .9872250  .1579011  .0213101
T 4099  1 .6977376E+07   1488000E+01  .5732E+05  .4185E+06   .9978684 -.0332446  .0561556
T 4100  1 .6666856E+07   1488000E+01  .3627E+06 -.1691E+06   .9856897 -.0160495 -.1678039
T 4101  1 .6282267E+07   1488000E+01  .3171E+06 -.1814E+06   .9986544  .0343926 -.0388132
T 4102  1 .6427405E+07   1488000E+01 -.4557E+05 -.4779E+05   .9988161  .0070568 -.0481313
T 4103  1 .6589540E+07   1488000E+01  .5698E+06  .4137E+05   .9953568  .0945865  .0178421
T 4104  1 .5965921E+07   1488000E+01  .2173E+06  .5423E+05   .9987231  .0420042  .0280687
T 4105  1 .5729216E+07   1488000E+01 -.1135E+06 -.1463E+06   .9982531 -.0225881 -.0545938
T 4106  1 .6875463E+07   1488000E+01 -.1233E+06 -.3565E+06   .9959562 -.0406873 -.0800991
T 4107  1 .6948627E+07   1488000E+01 -.4948E+05 -.4051E+06   .9987899  .0160811 -.0464770
T 4108  1 .6115319E+07   1488000E+01  .7737E+04 -.6691E+05   .9998324 -.0085755  .0161765
T 4109  1 .6670385E+07   1488000E+01 -.3335E+06 -.1171E+06   .9959539 -.0518393 -.0734070
T 4110  1 .6815458E+07   1488000E+01  .7510E+05  .2002E+06   .9993917  .0120599  .0327219
T 4111  1 .6662396E+07   1488000E+01 -.7014E+06 -.4881E+06   .9991583 -.0385810 -.0139325
T 4112  1 .6122704E+07   1488000E+01 -.8486E+05 -.5450E+04   .9980341  .0470347 -.0414196
T 4113  1 .6054433E+07   1488000E+01 -.5341E+04 -.5636E+06   .9995111  .0198114 -.0241889
T 4114  1 .6190945E+07   1488000E+01  .3943E+06  .1216E+06   .9992731  .0378385 -.0046457
T 4115  1 .6160381E+07   1488000E+01  .5771E+06 -.6202E+06   .9777881  .1750995 -.1151981
T 4116  1 .5735404E+07   1488000E+01  .1844E+06 -.6704E+05   .9963988  .0139103  .0836414
T 4117  1 .6342685E+07   1488000E+01 -.9889E+05  .2810E+06   .9999097  .0075662  .0111033
T 4118  1 .6429030E+07   1488000E+01 -.3270E+06  .5521E+05   .9991866 -.0357928 -.0185745
T 4119  1 .6297434E+07   1488000E+01  .8007E+06 -.1934E+06   .9961742  .0855054 -.0180521
T 4120  1 .6587379E+07   1488000E+01 -.6787E+06  .2188E+06   .9985164 -.0532076 -.0115715
T 4121  1 .6583450E+07   1488000E+01  .1029E+06 -.9609E+05   .9990541  .0434659 -.0012533
T 4122  1 .6860291E+07   1488000E+01 -.2587E+06  .5570E+05   .9995085 -.0263856  .0169290
T 4123  1 .6273992E+07   1488000E+01  .8197E+05  .2630E+06   .9980858 -.0196086  .0586535
T 4124  1 .6084766E+07   1488000E+01 -.8283E+06 -.6543E+05   .9941471 -.1079585  .0040704
T 4125  1 .7003536E+07   1488000E+01  .3130E+06 -.2244E+06   .9955624  .0480213 -.0809290
T 4126  1 .6464478E+07   1488000E+01 -.1327E+06 -.8580E+06   .9889251 -.0897567 -.1181982
T 4127  1 .6243163E+07   1488000E+01  .7955E+05 -.2115E+06   .9990966 -.0278979 -.0320574
T 4128  1 .6029095E+07   1488000E+01  .3421E+06 -.9888E+06   .9912800  .1090897 -.0739142
T 4129  1 .7309344E+07   1488000E+01  .2557E+06  .3060E+06   .9938249  .0489204  .0995933
T 4130  1 .6240125E+07   1488000E+01 -.8237E+06 -.6699E+06   .9950623 -.0756715 -.0642254
T 4131  1 .6707731E+07   1488000E+01  .1119E+06 -.4946E+05   .9998765  .0155040 -.0025889
T 4132  1 .6373035E+07   1488000E+01 -.7050E+06  .2944E+06   .9894370 -.1266587  .0705118
T 4133  1 .6814002E+07   1488000E+01  .6596E+06  .1233E+07   .9940354  .0789927  .0751912
T 4134  1 .5797722E+07   1488000E+01  .1793E+05 -.1607E+06   .9985587  .0255220 -.0472138
T 4135  1 .6591496E+07   1488000E+01 -.2404E+06  .7128E+05   .9972899  .0129843  .0724169
T 4136  1 .6481343E+07   1488000E+01  .1321E+06  .8395E+05   .9993913  .0338847  .0082961
T 4137  1 .6698580E+07   1488000E+01  .1023E+06 -.7241E+05   .9920317 -.0273665 -.1229805
T 4138  1 .6633136E+07   1488000E+01  .6822E+06  .7825E+06   .9869834  .1228172  .1038258
T 4139  1 .7023460E+07   1488000E+01 -.2759E+06 -.1836E+06   .9998510 -.0136854 -.0105236
T 4140  1 .6381997E+07   1488000E+01  .4649E+06  .1758E+06   .9970893  .0761461  .0038454
T 4141  1 .6846960E+07   1488000E+01 -.6443E+06 -.3887E+06   .9953194 -.0512815 -.0819114
T 4142  1 .6424811E+07   1488000E+01  .1922E+06  .3099E+06   .9880583  .0339123  .1503023
T 4143  1 .6619095E+07   1488000E+01  .3537E+06 -.9612E+06   .9896262 -.0303297 -.1404283
T 4144  1 .6077273E+07   1488000E+01 -.2509E+06 -.1782E+05   .9970234 -.0763358  .0108290
T 4145  1 .6685991E+07   1488000E+01 -.5354E+06 -.6058E+06   .9978684 -.0579629 -.0299827
T 4146  1 .6570558E+07   1488000E+01  .2824E+06  .1954E+06   .9990258 -.0044575  .0439038
T 4147  1 .6689432E+07   1488000E+01 -.5219E+06  .2048E+06   .9958548 -.0763270  .0494708
T 4148  1 .6226452E+07   1488000E+01 -.5809E+05 -.8793E+06   .9957005  .0002980 -.0926310
T 4149  1 .6602099E+07   1488000E+01  .1054E+06  .5058E+06   .9975818  .0620142  .0313809
T 4150  1 .6390183E+07   1488000E+01  .1092E+05 -.6517E+05   .9994121 -.0102263 -.0327256
T 4151  1 .6619079E+07   1488000E+01  .3460E+06 -.8401E+05   .9987524  .0343424  .0362515
T 4152  1 .6633477E+07   1488000E+01 -.6565E+05  .1060E+06   .9997689 -.0128844 -.0172080
T 4153  1 .5946892E+07   1488000E+01  .3764E+05 -.1963E+06   .9995878 -.0051676 -.0282412
T 4154  1 .6348819E+07   1488000E+01 -.1273E+06  .1338E+05   .9995258 -.0280086  .0127980
T 4155  1 .6664611E+07   1488000E+01 -.9562E+05  .1684E+06   .9944712 -.0899934  .0541127
T 4156  1 .6492814E+07   1488000E+01 -.5609E+06 -.4999E+06   .9871933 -.1456373 -.0651083
T 4157  1 .6266349E+07   1488000E+01 -.4897E+05 -.1731E+06   .9993759  .0299982 -.0186513
T 4158  1 .6331473E+07   1488000E+01  .2139E+06 -.3506E+05   .9981923  .0577024 -.0168102
T 4159  1 .6026375E+07   1488000E+01 -.5391E+06  .1126E+06   .9988663 -.0469320 -.0079744
T 4160  1 .6233718E+07   1488000E+01  .8001E+05 -.8970E+05   .9986911  .0333763  .0387565
T 4161  1 .6198562E+07   1488000E+01 -.3769E+06 -.4830E+06   .9979279 -.0586336 -.0264952
T 4162  1 .6221944E+07   1488000E+01 -.2110E+06 -.3203E+06   .9985036 -.0543556 -.0060059
T 4163  1 .6422704E+07   1488000E+01  .2480E+06 -.1026E+06   .9968978  .0739287  .0270073
T 4164  1 .6523113E+07   1488000E+01 -.4028E+06  .2780E+05   .9980373 -.0625471  .0030695
T 4165  1 .6520086E+07   1488000E+01 -.1057E+06 -.4344E+06   .9940868 -.0100742 -.1081202
T 4166  1 .6590659E+07   1488000E+01 -.5977E+06 -.3253E+06   .9990047 -.0420771  .0148020
T 4167  1 .6543113E+07   1488000E+01 -.1215E+06  .1349E+06   .9980283 -.0502863  .0375594
T 4168  1 .6358305E+07   1488000E+01 -.4373E+06  .1792E+06   .9900722 -.1179749  .0764133
T 4169  1 .6011362E+07   1488000E+01  .1169E+06 -.4818E+06   .9995362 -.0299709 -.0053948
T 4170  1 .6049636E+07   1488000E+01 -.4108E+06  .4919E+06   .9975850 -.0480417  .0501615
T 4171  1 .6268852E+07   1488000E+01  .1098E+06  .3938E+06   .9998240 -.0073610  .0172569
T 4172  1 .6212849E+07   1488000E+01 -.2303E+06 -.7141E+06   .9914436 -.0046389 -.1304533
T 4173  1 .6392840E+07   1488000E+01  .6787E+05  .2921E+06   .9975969 -.0361793  .0590896
T 4174  1 .6916234E+07   1488000E+01 -.3830E+06  .1427E+06   .9957939 -.0830971  .0385923
T 4175  1 .6664323E+07   1488000E+01  .1517E+06  .2018E+06   .9999873  .0002559 -.0050423
T 4176  1 .6114997E+07   1488000E+01 -.3056E+06 -.9293E+05   .9986205 -.0263776  .0454011
T 4177  1 .6642620E+07   1488000E+01  .4203E+06 -.2004E+05   .9993868  .0340981  .0079629
T 4178  1 .6431026E+07   1488000E+01 -.8871E+05  .1566E+06   .9998620 -.0145273 -.0080634
T 4179  1 .6952684E+07   1488000E+01 -.3142E+06  .2027E+06   .9979282 -.0448434 -.0461351
T 4180  1 .6988001E+07   1488000E+01  .1092E+06  .6544E+05   .9989404  .0436893 -.0144664
T 4181  1 .6506116E+07   1488000E+01  .3080E+06  .2974E+06   .9998337  .0140280  .0116553
T 4182  1 .6424086E+07   1488000E+01 -.2007E+06  .1460E+06   .9997156  .0077619 -.0225488
T 4183  1 .6389908E+07   1488000E+01  .2826E+05 -.1940E+06   .9958415 -.0159778 -.0896902
T 4184  1 .6119687E+07   1488000E+01  .7869E+06 -.9167E+06   .9932328  .0614727 -.0985379
T 4185  1 .6682234E+07   1488000E+01  .9447E+05 -.2924E+06   .9992307 -.0080598 -.0383805
T 4186  1 .6189325E+07   1488000E+01 -.1895E+06 -.7113E+06   .9838259 -.0291222 -.1767440
T 4187  1 .6766795E+07   1488000E+01 -.2428E+04  .1238E+06   .9993271 -.0357659 -.0081314
T 4188  1 .5928605E+07   1488000E+01 -.1041E+05 -.5317E+06   .9958514  .0346659 -.0841320
T 4189  1 .7295950E+07   1488000E+01 -.7753E+06 -.2036E+06   .9920750 -.1146603 -.0513827
T 4190  1 .6546466E+07   1488000E+01 -.2072E+06 -.3204E+06   .9998292  .0005900 -.0184726
T 4191  1 .7056604E+07   1488000E+01 -.7264E+05  .1029E+06   .9992480  .0193961  .0335730
T 4192  1 .6302677E+07   1488000E+01  .6711E+06  .4139E+06   .9983964  .0558972  .0089466
T 4193  1 .6500208E+07   1488000E+01  .6460E+05  .1780E+06   .9987364  .0400874  .0303094
T 4194  1 .6086387E+07   1488000E+01 -.7544E+05 -.1689E+06   .9997454  .0163167 -.0155883
T 4195  1 .6495510E+07   1488000E+01 -.3710E+05  .1686E+05   .9997143  .0015180 -.0238557
T 4196  1 .6573162E+07   1488000E+01 -.6060E+06 -.4898E+05   .9962053 -.0362739 -.0791156
T 4197  1 .6802765E+07   1488000E+01 -.5248E+06 -.4697E+06   .9962135 -.0550027 -.0673303
T 4198  1 .5858752E+07   1488000E+01 -.2334E+06  .1625E+06   .9992454 -.0377525  .0091291
T 4199  1 .7130077E+07   1488000E+01 -.1537E+06 -.4873E+06   .9987961 -.0103757 -.0479455
T 4200  1 .6006394E+07   1488000E+01  .5729E+06  .1323E+06   .9967790  .0721933  .0349254
T 4201  1 .6348216E+07   1488000E+01  .2822E+06  .4722E+06   .9994901  .0318406  .0024020
T 4202  1 .6701396E+07   1488000E+01  .7008E+05  .4049E+06   .9974232  .0341753  .0630787
T 4203  1 .6843419E+07   1488000E+01  .1730E+06 -.5388E+06   .9995951 -.0008938 -.0284392
T 4204  1 .6134875E+07   1488000E+01  .1469E+06 -.2393E+06   .9975336  .0699315  .0060254
T 4205  1 .6276345E+07   1488000E+01 -.2995E+05 -.1696E+06   .9998113  .0188883 -.0045366
T 4206  1 .6144067E+07   1488000E+01 -.9710E+04  .3326E+06   .9990452  .0167963  .0403316
T 4207  1 .6170642E+07   1488000E+01  .1209E+06  .3325E+06   .9971755 -.0021394  .0750756
T 4208  1 .6819224E+07   1488000E+01 -.2806E+06  .1577E+06   .9990536  .0053532  .0431652
T 4209  1 .5934325E+07   1488000E+01  .3962E+06  .5452E+06   .9954153  .0402456  .0867683
T 4210  1 .6519829E+07   1488000E+01  .1416E+06  .1502E+06   .9998047  .0196921 -.0016475
T 4211  1 .6004666E+07   1488000E+01 -.7756E+05  .5481E+06   .9967026  .0629552  .0511924
T 4212  1 .7009466E+07   1488000E+01  .1938E+05 -.3054E+06   .9986493 -.0226587 -.0467561
T 4213  1 .6439659E+07   1488000E+01  .1403E+06  .8800E+05   .9998477  .0122357  .0124450
T 4214  1 .5934234E+07   1488000E+01  .2953E+06 -.9511E+06   .9919686  .0748682 -.1019462
T 4215  1 .6819269E+07   1488000E+01 -.1456E+06  .1948E+06   .9992323 -.0108981  .0376300
T 4216  1 .6739291E+07   1488000E+01  .5449E+05  .4194E+05   .9996118  .0262758 -.0092698
T 4217  1 .6761239E+07   1488000E+01  .3408E+06  .1461E+06   .9977438  .0646592  .0180706
T 4218  1 .6463261E+07   1488000E+01 -.4519E+06  .2310E+06   .9994901 -.0278066  .0156947
T 4219  1 .6880779E+07   1488000E+01  .4883E+06 -.4877E+06   .9941593  .0388471 -.1006888
T 4220  1 .6795593E+07   1488000E+01 -.3495E+06  .2293E+06   .9981614 -.0426498  .0430664
T 4221  1 .6262508E+07   1488000E+01 -.2932E+06  .2698E+06   .9955531 -.0578800  .0743234
T 4222  1 .6237318E+07   1488000E+01 -.7092E+05  .3914E+04   .9981894  .0285876 -.0529204
T 4223  1 .6702213E+07   1488000E+01  .1555E+06  .5274E+06   .9831553  .0077919  .1826058
T 4224  1 .6261433E+07   1488000E+01 -.5404E+06  .1017E+06   .9933007 -.1150386 -.0109449
T 4225  1 .6235619E+07   1488000E+01 -.6857E+04  .4919E+06   .9930588  .0267781  .1145305
T 4226  1 .6388810E+07   1488000E+01 -.4829E+06 -.4884E+06   .9973465 -.0637204 -.0352076
T 4227  1 .6442868E+07   1488000E+01  .5452E+06 -.4144E+05   .9952173  .0895332  .0390695
T 4228  1 .6106467E+07   1488000E+01  .6477E+05 -.4467E+06   .9976534  .0008783 -.0684618
T 4229  1 .7087395E+07   1488000E+01  .1614E+05  .9227E+05   .9983241 -.0578534 -.0014321
T 4230  1 .6599932E+07   1488000E+01 -.6730E+05 -.8101E+05   .9993482 -.0042163  .0358535
T 4231  1 .6085499E+07   1488000E+01 -.1819E+05 -.7986E+05   .9995561  .0095601 -.0282171
T 4232  1 .6673223E+07   1488000E+01  .7478E+05  .1759E+06   .9996153  .0065118  .0269605
T 4233  1 .6543676E+07   1488000E+01 -.4411E+06 -.3633E+05   .9961089 -.0841332 -.0262415
T 4234  1 .6350111E+07   1488000E+01 -.3460E+06  .2988E+06   .9977859 -.0427849  .0509193
T 4235  1 .6494721E+07   1488000E+01  .2414E+06  .2999E+06   .9915084  .0767310  .1049926
T 4236  1 .5827903E+07   1488000E+01  .3628E+06  .1416E+06   .9974805  .0648099  .0288510
T 4237  1 .6842071E+07   1488000E+01  .2867E+06 -.2573E+06   .9970332  .0699795 -.0320580
T 4238  1 .7153017E+07   1488000E+01 -.2802E+06 -.2916E+06   .9996376  .0192790  .0187861
T 4239  1 .6347172E+07   1488000E+01 -.5075E+06 -.1976E+06   .9959345 -.0602247 -.0669884
T 4240  1 .6539385E+07   1488000E+01 -.2745E+06 -.2576E+05   .9946130 -.0917505 -.0482373
T 4241  1 .6000141E+07   1488000E+01  .3027E+06 -.2283E+06   .9985095  .0459365  .0294728
T 4242  1 .6475726E+07   1488000E+01 -.6806E+06  .2301E+06   .9974398 -.0572263  .0428825
T 4243  1 .6415537E+07   1488000E+01  .8184E+06  .5454E+06   .9965703  .0637717  .0527336
T 4244  1 .6595768E+07   1488000E+01 -.4107E+06  .6982E+05   .9966328 -.0642280 -.0509691
T 4245  1 .6878860E+07   1488000E+01 -.9468E+05 -.2425E+06   .9995014 -.0209326 -.0236390
T 4246  1 .6095185E+07   1488000E+01 -.3460E+06  .4318E+06   .9969529 -.0751825  .0207964
T 4247  1 .6724817E+07   1488000E+01 -.1156E+06  .6109E+06   .9987234 -.0238405  .0445329
T 4248  1 .5911188E+07   1488000E+01  .4185E+06  .1955E+06   .9971900  .0528731  .0530713
T 4249  1 .6398202E+07   1488000E+01 -.2750E+06  .3412E+06   .9975668 -.0564527  .0409094
T 4250  1 .6324743E+07   1488000E+01 -.5993E+06  .1720E+06   .9980648 -.0615506  .0088411
T 4251  1 .6061233E+07   1488000E+01  .1047E+06 -.1129E+06   .9950423  .0911790 -.0397149
T 4252  1 .5773914E+07   1488000E+01  .4918E+06  .3522E+05   .9995630  .0270892  .0118274
T 4253  1 .6965023E+07   1488000E+01 -.2835E+06 -.2744E+06   .9983301 -.0490504 -.0305125
T 4254  1 .6286649E+07   1488000E+01 -.3359E+06 -.1876E+06   .9976983 -.0344581 -.0584016
T 4255  1 .6453277E+07   1488000E+01  .2102E+06  .6335E+06   .9982653  .0440600  .0390515
T 4256  1 .6202173E+07   1488000E+01 -.5267E+06  .2355E+05   .9955975 -.0936787  .0031609
T 4257  1 .6788631E+07   1488000E+01 -.2033E+06 -.3547E+06   .9989270 -.0029216 -.0462208
T 4258  1 .6233280E+07   1488000E+01  .2575E+06 -.4047E+06   .9984623  .0132927 -.0538172
T 4259  1 .6696927E+07   1488000E+01 -.9013E+05 -.3922E+06   .9943074 -.0509343 -.0935865
T 4260  1 .5640917E+07   1488000E+01 -.1090E+07  .1207E+06   .9975199 -.0700882  .0064561
T 4261  1 .6166450E+07   1488000E+01  .6573E+06 -.6459E+06   .9956354  .0602773 -.0712511
T 4262  1 .6563294E+07   1488000E+01 -.1304E+06 -.1664E+06   .9999567  .0063083 -.0068438
T 4263  1 .6545723E+07   1488000E+01  .9150E+05 -.5290E+06   .9988304 -.0226708 -.0427065
T 4264  1 .6151521E+07   1488000E+01  .7575E+05  .2022E+06   .9987572  .0286176  .0408062
T 4265  1 .6358074E+07   1488000E+01 -.1253E+06 -.2956E+06   .9978768 -.0035664 -.0650314
T 4266  1 .6634935E+07   1488000E+01 -.1097E+06 -.3600E+06   .9987029 -.0327693 -.0389703
T 4267  1 .6802279E+07   1488000E+01  .3560E+06  .9260E+05   .9976539  .0594076  .0340199
T 4268  1 .6199830E+07   1488000E+01 -.1963E+06  .4731E+06   .9958058 -.0761728  .0506800
T 4269  1 .5908354E+07   1488000E+01  .6139E+06  .5529E+06   .9991885 -.0120783  .0384255
T 4270  1 .6648180E+07   1488000E+01  .2049E+06  .4808E+03   .9992091  .0397587  .0006644
T 4271  1 .7062132E+07   1488000E+01 -.1417E+06  .3149E+05   .9997724 -.0087624 -.0194516
T 4272  1 .6441245E+07   1488000E+01  .5749E+05 -.5740E+06   .9955744 -.0109829 -.0933331
T 4273  1 .6243116E+07   1488000E+01  .4386E+06 -.4428E+05   .9970480  .0764258 -.0073733
T 4274  1 .6682852E+07   1488000E+01 -.1198E+06 -.4420E+06   .9982348 -.0543414 -.0239646
T 4275  1 .6149473E+07   1488000E+01 -.1552E+06 -.1056E+06   .9992258 -.0184581 -.0347432
T 4276  1 .6883784E+07   1488000E+01 -.3566E+05  .3165E+06   .9993055 -.0318283  .0193785
T 4277  1 .6143866E+07   1488000E+01 -.6547E+06  .1856E+06   .9972767 -.0406362  .0615456
T 4278  1 .6063413E+07   1488000E+01  .1116E+07 -.9940E+06   .9890838  .1110287 -.0968812
T 4279  1 .6203908E+07   1488000E+01  .3744E+05  .3134E+05   .9973498  .0717997 -.0117546
T 4280  1 .5956997E+07   1488000E+01  .3800E+06  .4174E+06   .7996653  .0261863  .5998748
T 4281  1 .6358386E+07   1488000E+01  .6075E+06  .4858E+05   .9713379  .2370638  .0174228
T 4282  1 .6791441E+07   1488000E+01  .1165E+06 -.2711E+06   .9987962  .0004948 -.0490492
T 4283  1 .6160644E+07   1488000E+01 -.1327E+04  .3066E+06   .9993801  .0336859 -.0102293
T 4284  1 .6364797E+07   1488000E+01 -.1103E+06 -.1504E+06   .9996629 -.0116356 -.0232089
T 4285  1 .6958255E+07   1488000E+01 -.1922E+06 -.8401E+05   .9996674  .0243085  .0086160
T 4286  1 .5963301E+07   1488000E+01  .3585E+06 -.1542E+07   .9946709  .0120530 -.1023940
T 4287  1 .6166669E+07   1488000E+01  .5478E+05 -.6491E+05   .9993445  .0113781 -.0343676
T 4288  1 .6225061E+07   1488000E+01 -.4826E+06 -.4123E+06   .9935035 -.0701740 -.0895905
T 4289  1 .6282338E+07   1488000E+01  .6689E+05  .2458E+06   .9975724  .0583413  .0380201
T 4290  1 .6274706E+07   1488000E+01  .5093E+06  .5650E+05   .9981891  .0598701  .0058425
T 4291  1 .6297485E+07   1488000E+01  .9801E+05  .7626E+06   .9929293  .0769485  .0903894
T 4292  1 .5703169E+07   1488000E+01  .4202E+05  .3982E+06   .9999776 -.0062652  .0023534
T 4293  1 .6480922E+07   1488000E+01 -.7885E+06 -.2796E+06   .9946615 -.0830895 -.0611938
T 4294  1 .6806138E+07   1488000E+01  .1730E+06 -.1147E+06   .9994568  .0298113 -.0140476
T 4295  1 .6606770E+07   1488000E+01  .2128E+06  .7614E+06   .9831603  .0769773  .1657416
T 4296  1 .6256466E+07   1488000E+01  .5000E+05  .8251E+06   .9940406 -.0418615  .1006526
T 4297  1 .6617606E+07   1488000E+01  .2178E+06 -.1208E+06   .9992809  .0292987 -.0240672
T 4298  1 .6547425E+07   1488000E+01 -.3567E+06 -.1738E+06   .9971685 -.0601346 -.0451525
T 4299  1 .6116768E+07   1488000E+01  .6154E+05  .2010E+06   .9955597  .0564029  .0753634
T 4300  1 .5487033E+07   1488000E+01 -.7801E+05 -.8122E+06   .9990457  .0127747 -.0417673
T 4301  1 .6300476E+07   1488000E+01  .4838E+05 -.5297E+06   .9973353  .0304972 -.0662744
T 4302  1 .6587861E+07   1488000E+01  .1791E+06  .3354E+06   .9986398  .0436146  .0285722
T 4303  1 .6369591E+07   1488000E+01 -.9160E+06  .6083E+06   .9881968 -.1338391  .0745267
T 4304  1 .6089594E+07   1488000E+01 -.2051E+06 -.2209E+06   .9975628 -.0693905 -.0073039
T 4305  1 .6310371E+07   1488000E+01 -.6959E+05 -.7184E+06   .9949409  .0764076 -.0652270
T 4306  1 .6050237E+07   1488000E+01  .9723E+05 -.9382E+06   .9773366 -.0005076 -.2116907
T 4307  1 .6600442E+07   1488000E+01 -.2816E+05 -.2541E+06   .9970366 -.0015672 -.0769129
T 4308  1 .5957103E+07   1488000E+01 -.3469E+06  .7865E+06   .9917206 -.0310395  .1246070
T 4309  1 .6722597E+07   1488000E+01  .3197E+06  .3579E+06   .9863348  .0942811  .1351104
T 4310  1 .5915829E+07   1488000E+01  .1980E+06  .3402E+06   .9927889  .1103124  .0469193
T 4311  1 .6433585E+07   1488000E+01  .1904E+06 -.2152E+06   .9986771  .0356801 -.0370280
T 4312  1 .6120978E+07   1488000E+01  .8876E+06 -.1049E+07   .9869786  .1169966 -.1103856
T 4313  1 .6152564E+07   1488000E+01  .7914E+06 -.8328E+06   .9796071  .1915168 -.0607552
T 4314  1 .6259581E+07   1488000E+01  .3178E+06 -.1393E+06   .9975193  .0568109 -.0415674
T 4315  1 .6189531E+07   1488000E+01 -.4675E+06 -.1567E+06   .9976115 -.0403719  .0560486
T 4316  1 .6618044E+07   1488000E+01 -.4826E+06  .2761E+06   .9975384 -.0690641  .0121338
T 4317  1 .6610732E+07   1488000E+01  .1260E+06  .1864E+05   .9992038  .0278352  .0285815
T 4318  1 .6034821E+07   1488000E+01 -.1747E+06  .3412E+06   .9991199 -.0418758 -.0024361
T 4319  1 .6461550E+07   1488000E+01 -.3500E+06  .4366E+06   .9948374 -.0937967  .0387382
T 4320  1 .6072767E+07   1488000E+01  .1708E+06 -.1153E+06   .9977444  .0399428  .0539509
T 4321  1 .6049324E+07   1488000E+01 -.4399E+06  .3551E+06   .9919932 -.1254443  .0146038
T 4322  1 .6365820E+07   1488000E+01 -.3151E+06  .9361E+05   .9866286 -.1396443  .0840444
T 4323  1 .6119025E+07   1488000E+01  .4832E+06 -.5359E+06   .9987105 -.0295006  .0413163
T 4324  1 .6484513E+07   1488000E+01 -.1799E+06  .9650E+05   .9999739 -.0061314  .0038130
T 4325  1 .6390700E+07   1488000E+01 -.1165E+06 -.2254E+06   .9914878 -.0365486 -.1249644
T 4326  1 .6340428E+07   1488000E+01  .5525E+06  .6898E+06   .9910953  .0654884  .1159365
T 4327  1 .6927214E+07   1488000E+01  .8995E+06  .8066E+06   .9948230  .0723631  .0713499
T 4328  1 .6598102E+07   1488000E+01  .1445E+06 -.3511E+06   .9984418  .0122542 -.0544408
T 4329  1 .6021835E+07   1488000E+01  .2986E+05 -.1125E+07   .9947114  .0154579 -.1015398
T 4330  1 .6850150E+07   1488000E+01  .4198E+05  .3351E+06   .9998898 -.0122117  .0084394
T 4331  1 .6822218E+07   1488000E+01 -.2087E+06  .6752E+06   .9976267 -.0218604  .0652920
T 4332  1 .6318439E+07   1488000E+01  .2092E+06  .2503E+06   .9995630  .0007599 -.0295488
T 4333  1 .6183951E+07   1488000E+01 -.9470E+06 -.3506E+06   .9859194 -.1384270 -.0938132
T 4334  1 .6444282E+07   1488000E+01 -.7549E+05  .2970E+06   .9992507 -.0237381  .0305695
T 4335  1 .6778246E+07   1488000E+01 -.6291E+05  .6202E+05   .9992601 -.0080458 -.0376101
T 4336  1 .7036732E+07   1488000E+01 -.2277E+06 -.4554E+06   .9942210 -.0625825 -.0872237
T 4337  1 .6678755E+07   1488000E+01  .1535E+06  .8950E+06   .9849208  .0036588  .1729671
T 4338  1 .5915241E+07   1488000E+01  .4173E+06  .1007E+06   .9986389  .0457817 -.0249870
T 4339  1 .6660802E+07   1488000E+01  .1603E+06  .2327E+06   .9959864  .0881235  .0156637
T 4340  1 .6127595E+07   1488000E+01  .3891E+06  .2633E+06   .9980722 -.0233561  .0575017
T 4341  1 .7209313E+07   1488000E+01  .1157E+06 -.4762E+06   .9979430 -.0082125 -.0635793
T 4342  1 .6706169E+07   1488000E+01  .3407E+05  .1093E+06   .9996179  .0081525  .0264121
T 4343  1 .6822237E+07   1488000E+01  .3420E+06  .2461E+06   .9982412  .0463707  .0369365
T 4344  1 .6054437E+07   1488000E+01 -.4970E+05  .3758E+06   .9995934 -.0042049  .0282007
T 4345  1 .6715921E+07   1488000E+01 -.6064E+06 -.3370E+06   .9973578 -.0604874 -.0402339
T 4346  1 .6238701E+07   1488000E+01 -.1251E+06 -.6811E+06   .9949171 -.0331190 -.0950948
T 4347  1 .6671733E+07   1488000E+01  .2079E+06  .2739E+06   .9986522  .0431570  .0288325
T 4348  1 .6028933E+07   1488000E+01 -.5195E+06 -.5656E+05   .9993901 -.0305251  .0169602
T 4349  1 .5919485E+07   1488000E+01  .1298E+06 -.3159E+06   .9967767 -.0324280 -.0733796
T 4350  1 .5560159E+07   1488000E+01  .2543E+06 -.3161E+05   .9896507  .0348468 -.1392021
T 4351  1 .6582373E+07   1488000E+01 -.2622E+06 -.3970E+06   .9995141 -.0023982 -.0310775
T 4352  1 .6342598E+07   1488000E+01  .2831E+06 -.4505E+06   .9973364  .0150694 -.0713647
T 4353  1 .7001460E+07   1488000E+01 -.2023E+06 -.5160E+06   .9932017 -.0286565 -.1128236
T 4354  1 .6291644E+07   1488000E+01  .5539E+06  .6511E+06   .9991209  .0336218 -.0250386
T 4355  1 .6675245E+07   1488000E+01  .5502E+05  .8874E+04   .9999960  .0026635 -.0009464
T 4356  1 .6163390E+07   1488000E+01  .2876E+06  .2034E+06   .9997137  .0234512  .0047585
T 4357  1 .6256503E+07   1488000E+01  .4788E+06 -.1307E+06   .9984781  .0550612 -.0031166
T 4358  1 .6154835E+07   1488000E+01 -.9887E+04  .5050E+06   .9989479 -.0347078  .0299756
T 4359  1 .6428819E+07   1488000E+01  .2768E+06  .3276E+06   .9980737  .0424570  .0452353
T 4360  1 .6749762E+07   1488000E+01  .1875E+06  .1214E+06   .9942788  .1049254  .0200103
T 4361  1 .6591562E+07   1488000E+01 -.1393E+06 -.4006E+06   .9963881 -.0027769 -.0848704
T 4362  1 .6153807E+07   1488000E+01 -.7003E+05  .4342E+06   .9975399 -.0463438  .0525974
T 4363  1 .6234251E+07   1488000E+01  .2940E+06 -.1061E+06   .9997586  .0194482 -.0102224
T 4364  1 .5902028E+07   1488000E+01  .2815E+06 -.9481E+05   .9978300  .0409522 -.0515578
T 4365  1 .6508120E+07   1488000E+01 -.4106E+06  .1407E+06   .9967548 -.0557566  .0580606
T 4366  1 .6107469E+07   1488000E+01 -.1286E+07 -.2327E+05   .9842415 -.1767735 -.0044457
T 4367  1 .6240431E+07   1488000E+01 -.1776E+06  .4245E+06   .9979263 -.0413619  .0493178
T 4368  1 .6582160E+07   1488000E+01 -.2832E+06 -.3563E+05   .9987305 -.0272452  .0423674
T 4369  1 .6852506E+07   1488000E+01  .3297E+06 -.6220E+05   .9995247  .0071746 -.0299824
T 4370  1 .6387055E+07   1488000E+01 -.2039E+06 -.9965E+05   .9995038 -.0311217 -.0048574
T 4371  1 .6505863E+07   1488000E+01  .4235E+06  .2759E+06   .9972612  .0379735  .0634677
T 4372  1 .6530524E+07   1488000E+01 -.2246E+06  .3865E+06   .9981691 -.0205319  .0568937
T 4373  1 .6152705E+07   1488000E+01 -.4436E+06 -.2814E+06   .9988146 -.0223169 -.0432597
T 4374  1 .6858874E+07   1488000E+01 -.3565E+06 -.2878E+04   .9975600 -.0589603 -.0373870
T 4375  1 .6441915E+07   1488000E+01  .2701E+06  .2242E+06   .9995187 -.0136081  .0278773
T 4376  1 .6469865E+07   1488000E+01 -.2364E+05  .1470E+06   .9997990 -.0187951  .0069753
T 4377  1 .6189205E+07   1488000E+01  .2979E+06 -.5508E+06   .9924993  .0743199 -.0970656
T 4378  1 .6481270E+07   1488000E+01  .2814E+06  .2402E+05   .9990093 -.0006571 -.0444975
T 4379  1 .6963268E+07   1488000E+01 -.4506E+06  .9329E+05   .9981955 -.0589262 -.0115487
T 4380  1 .6531413E+07   1488000E+01  .2320E+06  .4402E+05   .9967238  .0688966  .0423667
T 4381  1 .6154404E+07   1488000E+01  .2746E+06 -.2592E+06   .9972239  .0652241 -.0359195
T 4382  1 .6276740E+07   1488000E+01 -.1299E+06  .1059E+06   .9969641 -.0350855  .0695102
T 4383  1 .6284871E+07   1488000E+01 -.1619E+06  .5900E+06   .9970204 -.0653080  .0410521
T 4384  1 .6935222E+07   1488000E+01 -.6779E+05  .5802E+05   .9993578 -.0163515  .0318855
T 4385  1 .6345669E+07   1488000E+01 -.4168E+06  .1691E+06   .9978822 -.0650204  .0018626
T 4386  1 .6865927E+07   1488000E+01 -.1018E+06 -.1481E+06   .9945727 -.0892658  .0534496
T 4387  1 .6468251E+07   1488000E+01 -.4214E+06  .4574E+05   .9996177 -.0246320 -.0125607
T 4388  1 .6165844E+07   1488000E+01  .2085E+06  .5729E+06   .9877632  .0938623  .1245540
T 4389  1 .6866358E+07   1488000E+01  .2854E+06 -.2632E+06   .9937355  .1114428  .0083838
T 4390  1 .6565416E+07   1488000E+01  .3530E+05  .2345E+06   .9995192  .0230111 -.0207825
T 4391  1 .6264750E+07   1488000E+01  .5186E+06 -.8429E+05   .9990507  .0435441 -.0012398
T 4392  1 .6955804E+07   1488000E+01  .9981E+05  .3967E+05   .9992770  .0376244 -.0054731
T 4393  1 .6561805E+07   1488000E+01  .4025E+06 -.5899E+06   .9889089  .1412281 -.0459753
T 4394  1 .5763213E+07   1488000E+01 -.5723E+06  .1608E+06   .9962174 -.0846862 -.0194714
T 4395  1 .6443268E+07   1488000E+01  .1708E+06 -.4295E+06   .9978048  .0276967 -.0601538
T 4396  1 .5973713E+07   1488000E+01  .4048E+06 -.5900E+06   .9967305  .0504652 -.0630990
T 4397  1 .6535249E+07   1488000E+01 -.3854E+06 -.4852E+06   .9989155  .0035208 -.0464275
T 4398  1 .6259384E+07   1488000E+01  .8807E+05 -.3519E+05   .9999769  .0024384  .0063378
T 4399  1 .6279786E+07   1488000E+01 -.5107E+06 -.7046E+06   .9924448 -.0734625 -.0982676
T 4400  1 .6344404E+07   1488000E+01 -.4958E+06  .4146E+06   .9940951 -.0686182  .0840629
T 4401  1 .5725569E+07   1488000E+01 -.3311E+06 -.2187E+06   .9994095 -.0264635 -.0219143
T 4402  1 .6135112E+07   1488000E+01 -.9881E+05  .3128E+06   .9982146 -.0181978 -.0568904
T 4403  1 .6249004E+07   1488000E+01 -.1133E+07 -.4929E+06   .9730661 -.2039869 -.1073860
T 4404  1 .6341040E+07   1488000E+01 -.4049E+06  .2361E+06   .9983632 -.0378673  .0428609
T 4405  1 .5884751E+07   1488000E+01 -.2610E+06  .3532E+06   .9961698 -.0832898  .0266184
T 4406  1 .6617924E+07   1488000E+01 -.2749E+06  .7115E+06   .9983173 -.0525860  .0244392
T 4407  1 .5684906E+07   1488000E+01 -.2707E+06 -.7099E+05   .9996641 -.0168007 -.0197349
T 4408  1 .6115534E+07   1488000E+01 -.9526E+05 -.4153E+06   .9979536 -.0459145 -.0445018
T 4409  1 .6639203E+07   1488000E+01  .1908E+06 -.1607E+06   .9987061 -.0139422 -.0489053
T 4410  1 .6837708E+07   1488000E+01 -.6175E+06 -.7256E+05   .9991538 -.0258713  .0319757
T 4411  1 .7173826E+07   1488000E+01  .2738E+06  .1739E+06   .9982121  .0483310  .0351683
T 4412  1 .6520457E+07   1488000E+01 -.1194E+07  .2837E+06   .9806226 -.1944298 -.0240070
T 4413  1 .5960385E+07   1488000E+01  .3773E+06  .2805E+06   .9979074  .0629178  .0149072
T 4414  1 .6510563E+07   1488000E+01  .4038E+06 -.3149E+06   .9943835  .0861685 -.0614535
T 4415  1 .6419225E+07   1488000E+01  .3015E+06 -.1547E+06   .9982490  .0143917 -.0573739
T 4416  1 .6472055E+07   1488000E+01  .5977E+04  .4431E+05   .9998234  .0113679 -.0149629
T 4417  1 .6020222E+07   1488000E+01  .8674E+05  .3045E+06   .9980811  .0144103  .0602198
T 4418  1 .6324298E+07   1488000E+01 -.2350E+06 -.1228E+06   .9959212 -.0675448 -.0598222
T 4419  1 .6140885E+07   1488000E+01 -.1786E+06 -.1254E+06   .9998851 -.0149599 -.0024393
T 4420  1 .6476666E+07   1488000E+01 -.4535E+06  .1607E+06   .9980043 -.0629568  .0048790
T 4421  1 .6035992E+07   1488000E+01 -.1517E+06 -.8832E+05   .9990763 -.0409035  .0131700
T 4422  1 .6441284E+07   1488000E+01  .9210E+05  .4237E+06   .9986602 -.0267645  .0442877
T 4423  1 .6493042E+07   1488000E+01  .7350E+05  .1145E+05   .9996512  .0041515 -.0260802
T 4424  1 .5972645E+07   1488000E+01  .3149E+06  .5954E+06   .9935631  .0588586  .0967890
T 4425  1 .6638459E+07   1488000E+01  .1776E+05  .4017E+06   .9995862 -.0039879  .0284856
T 4426  1 .6562689E+07   1488000E+01  .1956E+06 -.2620E+06   .9953750  .0670766 -.0687703
T 4427  1 .6302683E+07   1488000E+01  .4351E+06 -.8944E+06   .9890540  .0021108 -.1475390
T 4428  1 .6529401E+07   1488000E+01 -.4226E+06 -.1797E+06   .9985556 -.0527812  .0100415
T 4429  1 .6422218E+07   1488000E+01  .4791E+06  .6285E+05   .9998097  .0140000  .0135861
T 4430  1 .6418552E+07   1488000E+01 -.1728E+06  .1726E+06   .9969171 -.0758316  .0201483
T 4431  1 .6726705E+07   1488000E+01 -.1153E+06  .3339E+06   .9995916 -.0138307  .0250064
T 4432  1 .6270098E+07   1488000E+01  .5229E+05 -.8728E+05   .9985444 -.0538545  .0029474
T 4433  1 .6098297E+07   1488000E+01 -.2442E+06 -.2249E+06   .9986334  .0492236  .0175603
T 4434  1 .6347680E+07   1488000E+01  .1922E+06  .2682E+06   .9973879  .0493228  .0527693
T 4435  1 .6522453E+07   1488000E+01 -.4910E+06  .2825E+06   .9990832 -.0395040  .0164955
T 4436  1 .6687140E+07   1488000E+01  .3935E+05  .9654E+05   .9990894 -.0129456  .0406537
T 4437  1 .6153524E+07   1488000E+01  .1514E+06 -.2304E+06   .9949974 -.0573262 -.0818162
T 4438  1 .6363883E+07   1488000E+01  .3102E+06 -.2112E+06   .9983127  .0266476 -.0515919
T 4439  1 .6236838E+07   1488000E+01  .2751E+06  .1347E+06   .9993606 -.0175021  .0311789
T 4440  1 .6808703E+07   1488000E+01 -.2891E+06 -.1038E+06   .9998725 -.0158849  .0016507
T 4441  1 .6657088E+07   1488000E+01 -.6344E+06  .1282E+06   .9972105 -.0719875  .0197233
T 4442  1 .6214246E+07   1488000E+01 -.1599E+06 -.6580E+05   .9996715  .0004582 -.0256244
T 4443  1 .6307910E+07   1488000E+01 -.2387E+06  .1034E+06   .9992127 -.0186757 -.0350019
T 4444  1 .5947645E+07   1488000E+01 -.5356E+05 -.5457E+06   .9957846 -.0610092 -.0684904
T 4445  1 .6522024E+07   1488000E+01 -.3203E+06 -.7836E+05   .9986303 -.0523050  .0013425
T 4446  1 .6577755E+07   1488000E+01  .2455E+06  .5563E+06   .9962125  .0659084  .0567157
T 4447  1 .6470975E+07   1488000E+01 -.4871E+05  .7137E+05   .9999391 -.0078755  .0077365
T 4448  1 .6671522E+07   1488000E+01 -.1426E+05  .2014E+06   .9997515  .0109256 -.0194301
T 4449  1 .6789773E+07   1488000E+01 -.7546E+06  .3186E+06   .9906057 -.1334411  .0298974
T 4450  1 .6988740E+07   1488000E+01  .5335E+05  .6180E+06   .9987959 -.0085694  .0483042
T 4451  1 .6615422E+07   1488000E+01  .2780E+06  .1768E+06   .9990024  .0443677  .0050695
T 4452  1 .6565446E+07   1488000E+01  .2146E+06  .5800E+05   .9989897  .0383134 -.0234878
T 4453  1 .6700946E+07   1488000E+01  .2171E+06  .9617E+05   .9993861  .0330862  .0115212
T 4454  1 .6728740E+07   1488000E+01 -.3286E+05 -.2161E+06   .9999706  .0059832 -.0047930
T 4455  1 .7132205E+07   1488000E+01  .3586E+06  .7762E+05   .9993329  .0365017  .0011871
T 4456  1 .6429113E+07   1488000E+01  .3368E+06 -.2979E+06   .9985833  .0524332 -.0090653
T 4457  1 .6170067E+07   1488000E+01 -.2143E+06 -.6381E+06   .9956258 -.0596428 -.0719159
T 4458  1 .5497192E+07   1488000E+01 -.4286E+06 -.2154E+06   .9952595 -.0970754  .0059045
T 4459  1 .6370740E+07   1488000E+01 -.2527E+06 -.1483E+06   .9993121 -.0304449 -.0211761
T 4460  1 .6688281E+07   1488000E+01 -.3223E+06 -.4935E+06   .9979662 -.0510959 -.0381147
T 4461  1 .6656767E+07   1488000E+01 -.1814E+06  .2032E+06   .9990963 -.0411174  .0107659
T 4462  1 .6275257E+07   1488000E+01 -.5008E+06  .4772E+06   .9968528 -.0476190  .0633792
T 4463  1 .6039052E+07   1488000E+01  .5530E+06  .1590E+06   .9958276  .0877542  .0250316
T 4464  1 .6405210E+07   1488000E+01  .3046E+06 -.4851E+06   .9953618  .0170237 -.0946840
T 4465  1 .6966674E+07   1488000E+01 -.1448E+06  .6644E+05   .9979772 -.0634953  .0031304
T 4466  1 .6706404E+07   1488000E+01  .2275E+05 -.4364E+05   .9992252 -.0129196 -.0371751
T 4467  1 .6453446E+07   1488000E+01  .2056E+06  .5489E+05   .9998496  .0120691  .0124575
T 4468  1 .7230366E+07   1488000E+01 -.4153E+06 -.5451E+06   .9978506 -.0499664 -.0423968
T 4469  1 .6715074E+07   1488000E+01  .1392E+05 -.1844E+06   .9996396 -.0113414 -.0243310
T 4470  1 .6354772E+07   1488000E+01 -.2412E+06  .2362E+06   .9990358 -.0022702  .0438439
T 4471  1 .5910640E+07   1488000E+01  .9378E+06  .4596E+06   .9841282  .1716286  .0451136
T 4472  1 .5930691E+07   1488000E+01 -.5226E+06 -.2378E+06   .9986682 -.0338200 -.0389622
T 4473  1 .6477922E+07   1488000E+01 -.1281E+06  .3630E+06   .9884842  .1474349 -.0340861
T 4474  1 .6268578E+07   1488000E+01 -.2344E+06 -.8151E+05   .9998028 -.0138825  .0141975
T 4475  1 .6613814E+07   1488000E+01 -.1009E+06 -.1298E+05   .9982128 -.0569849 -.0179994
T 4476  1 .6394938E+07   1488000E+01 -.1978E+06 -.2455E+06   .9994790  .0297540  .0125076
T 4477  1 .6967110E+07   1488000E+01  .2255E+06  .3293E+06   .9974737  .0350249  .0618016
T 4478  1 .2450571E+07   1488000E+01  .5064E+07  .3156E+07   .7581742  .5894490  .2787862
T 4479  1 .6980544E+07   1488000E+01 -.7119E+05  .5439E+05   .9998246 -.0177221  .0060501
T 4480  1 .6550940E+07   1488000E+01 -.1873E+04 -.1493E+06   .9949810  .0505936 -.0863309
T 4481  1 .6114317E+07   1488000E+01  .1075E+07  .2677E+06   .9867325  .1435345  .0758736
T 4482  1 .6198479E+07   1488000E+01  .1567E+06  .1243E+06   .9979842 -.0425635  .0470739
T 4483  1 .6410399E+07   1488000E+01 -.5347E+05 -.5363E+06   .9940409 -.0182710 -.1074660
T 4484  1 .6469898E+07   1488000E+01  .4672E+06 -.2535E+06   .9981274  .0247953 -.0559184
T 4485  1 .6129526E+07   1488000E+01  .3922E+06  .1731E+06   .9977648  .0398770  .0536210
T 4486  1 .6206343E+07   1488000E+01  .5293E+06 -.2773E+06   .9975452  .0697770 -.0058877
T 4487  1 .6299991E+07   1488000E+01 -.3740E+06  .1071E+06   .9997559 -.0181853 -.0125458
T 4488  1 .6320243E+07   1488000E+01  .8249E+06  .3157E+06   .9935616  .1126598  .0119612
T 4489  1 .6347241E+07   1488000E+01  .3820E+06 -.4047E+03   .9984229  .0561356  .0007556
T 4490  1 .6233754E+07   1488000E+01  .8634E+06 -.3358E+06   .9912761  .1251212 -.0414300
T 4491  1 .6052481E+07   1488000E+01 -.1142E+06  .7015E+06   .9923305 -.0658244  .1046297
T 4492  1 .6150205E+07   1488000E+01 -.3864E+06  .4552E+06   .9980105 -.0279060  .0565365
T 4493  1 .6502839E+07   1488000E+01  .1489E+06  .8120E+05   .9971688 -.0726110  .0195467
T 4494  1 .6250985E+07   1488000E+01  .7787E+05 -.1584E+06   .9996785  .0175284  .0183207
T 4495  1 .6367312E+07   1488000E+01 -.8045E+05  .2165E+06   .9961785 -.0843266  .0227477
T 4496  1 .5724259E+07   1488000E+01 -.1448E+06  .4166E+06   .9992944 -.0210346  .0311175
T 4497  1 .6092201E+07   1488000E+01 -.2845E+06  .4843E+05   .9998110 -.0153056 -.0119881
T 4498  1 .6148483E+07   1488000E+01  .2632E+06 -.1117E+06   .9991299  .0401786  .0111827
T 4499  1 .6556402E+07   1488000E+01 -.3274E+06 -.1676E+06   .9913949 -.1236392 -.0430067
T 4500  1 .6732001E+07   1488000E+01  .2045E+06 -.3894E+05   .9998773  .0085664  .0131136
T 4501  1 .6319746E+07   1488000E+01 -.2463E+06  .6488E+05   .9997026 -.0240444  .0040695
T 4502  1 .6193160E+07   1488000E+01 -.9602E+06 -.5646E+06   .9919987 -.1061134 -.0683993
T 4503  1 .6260112E+07   1488000E+01 -.6996E+05 -.3483E+06   .9961899  .0174701 -.0854426
T 4504  1 .6266362E+07   1488000E+01 -.6813E+05  .2810E+06   .9970544 -.0251641  .0724523
T 4505  1 .6113517E+07   1488000E+01 -.1917E+06 -.1810E+06   .9991993  .0005831 -.0400061
T 4506  1 .6818056E+07   1488000E+01  .1700E+06 -.1137E+06   .9995880  .0267900 -.0103044
T 4507  1 .6254672E+07   1488000E+01  .4203E+06  .4276E+06   .9940337  .0060465  .1089059
T 4508  1 .6211132E+07   1488000E+01  .3172E+05  .6526E+06   .9992805 -.0227737  .0303300
T 4509  1 .6900013E+07   1488000E+01  .6562E+05 -.2839E+06   .9985327  .0509043 -.0184718
T 4510  1 .6381436E+07   1488000E+01 -.3163E+05  .8392E+06   .9988699  .0366603  .0302478
T 4511  1 .6439791E+07   1488000E+01  .3071E+06 -.5632E+06   .9899097  .0183844 -.1405019
T 4512  1 .6364762E+07   1488000E+01 -.1142E+05  .2751E+06   .9971810 -.0368956  .0653357
T 4513  1 .6237662E+07   1488000E+01  .3511E+05  .1232E+06   .9989459  .0134760  .0438794
T 4514  1 .6509113E+07   1488000E+01 -.4966E+05  .6189E+06   .9515975  .1444398  .2712921
T 4515  1 .6236547E+07   1488000E+01 -.4019E+06  .2225E+06   .9980774 -.0298169  .0543361
T 4516  1 .5892334E+07   1488000E+01  .1044E+06  .2256E+06   .9982832 -.0086985  .0579224
T 4517  1 .5693221E+07   1488000E+01 -.3182E+06 -.2968E+06   .9984614 -.0167838 -.0528497
T 4518  1 .6415685E+07   1488000E+01 -.7111E+05  .4235E+06   .9983900  .0141954  .0549175
T 4519  1 .6295886E+07   1488000E+01 -.5241E+05 -.1664E+06   .9993254  .0351291 -.0107114
T 4520  1 .6428846E+07   1488000E+01  .5354E+05 -.5061E+06   .9969518 -.0120136 -.0770898
T 4521  1 .6190274E+07   1488000E+01  .1508E+06  .1638E+06   .9988834  .0471141  .0034965
T 4522  1 .6425091E+07   1488000E+01  .5374E+06  .1967E+06   .9916199  .0894528  .0932102
T 4523  1 .5995403E+07   1488000E+01  .2692E+06  .2480E+06   .9980148  .0387186  .0496716
T 4524  1 .6577509E+07   1488000E+01  .4942E+06 -.6437E+05   .9964827  .0827514  .0132042
T 4525  1 .6476776E+07   1488000E+01 -.2834E+06 -.1020E+06   .9751794  .0487340 -.2159863
T 4526  1 .5909550E+07   1488000E+01  .4766E+06 -.5050E+06   .9979932  .0416290 -.0477127
T 4527  1 .6853359E+07   1488000E+01  .1654E+05 -.6258E+06   .9990771 -.0320425 -.0286058
T 4528  1 .6828764E+07   1488000E+01  .1004E+06 -.8439E+04   .9989597  .0448986 -.0079824
T 4529  1 .5798764E+07   1488000E+01  .5194E+06  .5709E+05   .9961527  .0540947 -.0689466
T 4530  1 .6090135E+07   1488000E+01  .5871E+05 -.4149E+06   .9992888 -.0357804 -.0119063
T 4531  1 .6330574E+07   1488000E+01 -.1488E+05 -.5241E+05   .9962757 -.0858679 -.0078426
T 4532  1 .6257289E+07   1488000E+01  .4743E+05 -.1517E+06   .9986518  .0016946 -.0518826
T 4533  1 .6164708E+07   1488000E+01 -.1784E+06  .1862E+05   .9984173  .0560107 -.0050623
T 4534  1 .6086201E+07   1488000E+01  .1515E+06 -.5943E+06   .9931170  .0787921 -.0866632
T 4535  1 .7024053E+07   1488000E+01 -.1164E+06 -.7194E+06   .9876255  .0063404 -.1567025
T 4536  1 .6935796E+07   1488000E+01  .9889E+05  .8787E+05   .9986495  .0240113  .0460726
T 4537  1 .6836768E+07   1488000E+01 -.2255E+05  .2827E+06   .9994613  .0278140  .0174182
T 4538  1 .6711487E+07   1488000E+01 -.2049E+06 -.3397E+06   .9964355 -.0809672 -.0236753
T 4539  1 .6267971E+07   1488000E+01  .2719E+06 -.3308E+06   .9985855  .0531398  .0017797
T 4540  1 .6588153E+07   1488000E+01  .1920E+06  .1202E+06   .9988782  .0382301  .0279435
T 4541  1 .6637676E+07   1488000E+01  .1672E+06  .1278E+06   .9998882 -.0113790 -.0097034
T 4542  1 .7116403E+07   1488000E+01  .4422E+06 -.1572E+06   .9715151  .1718753 -.1631480
T 4543  1 .6618566E+07   1488000E+01  .2323E+06 -.3694E+06   .9994819  .0192471 -.0257973
T 4544  1 .7086008E+07   1488000E+01 -.4509E+06  .4229E+05   .9989457  .0030005  .0458091
T 4545  1 .6022334E+07   1488000E+01 -.1769E+06 -.8225E+06   .9963975 -.0299556 -.0793388
T 4546  1 .6475795E+07   1488000E+01 -.6975E+05 -.6641E+05   .9990027  .0063424 -.0441963
T 4547  1 .6352245E+07   1488000E+01 -.8732E+06 -.6387E+06   .9783201 -.1921298 -.0773041
T 4548  1 .6504908E+07   1488000E+01 -.2457E+06  .6807E+04   .9990027 -.0233547 -.0380551
T 4549  1 .6936872E+07   1488000E+01  .2973E+06 -.7305E+05   .9975334  .0583479  .0390221
T 4550  1 .6327202E+07   1488000E+01 -.6411E+06  .5138E+06   .9950332 -.0769781  .0631137
T 4551  1 .6601230E+07   1488000E+01  .2667E+06 -.5660E+06   .9949275  .0626524 -.0787010
T 4552  1 .6381975E+07   1488000E+01  .5172E+06  .4032E+06   .9994447  .0093685  .0319757
T 4553  1 .6589478E+07   1488000E+01 -.1388E+06  .4150E+06   .9986114 -.0238899  .0469516
T 4554  1 .6074981E+07   1488000E+01 -.2436E+06  .1109E+06   .9974524  .0302009  .0646272
T 4555  1 .6208096E+07   1488000E+01 -.2040E+06 -.3284E+06   .9908760 -.0903535 -.1000047
T 4556  1 .6763402E+07   1488000E+01  .8079E+05  .2206E+05   .9998378  .0175340  .0041248
T 4557  1 .5584087E+07   1488000E+01  .9393E+05  .5245E+05   .9998946  .0128931 -.0066790
T 4558  1 .7342566E+07   1488000E+01  .5409E+06 -.3674E+06   .9978515  .0580837 -.0303108
T 4559  1 .6174506E+07   1488000E+01 -.1904E+06  .3380E+06   .9997031  .0235935  .0060911
T 4560  1 .6132616E+07   1488000E+01 -.2936E+06 -.8043E+05   .9998720 -.0158839  .0019023
T 4561  1 .6108195E+07   1488000E+01  .5649E+05 -.2426E+06   .9994631 -.0326219 -.0030615
T 4562  1 .6588856E+07   1488000E+01 -.2903E+06 -.5275E+05   .9848392 -.1734482 -.0027212
T 4563  1 .6791495E+07   1488000E+01 -.1185E+06  .1640E+06   .9992944 -.0291734 -.0236577
T 4564  1 .6312842E+07   1488000E+01  .7545E+06  .6195E+06   .9915367  .0790939  .1029524
T 4565  1 .6563489E+07   1488000E+01 -.2675E+06  .2461E+06   .9988709 -.0381466  .0283143
T 4566  1 .6631721E+07   1488000E+01  .2122E+06 -.2360E+05   .9995981  .0114563 -.0259320
T 4567  1 .6250988E+07   1488000E+01 -.1239E+05 -.2829E+06   .9994847  .0317102 -.0049725
T 4568  1 .6733412E+07   1488000E+01 -.4285E+05  .2277E+06   .9996722 -.0235875  .0099577
T 4569  1 .6227834E+07   1488000E+01 -.1081E+06 -.5094E+06   .9941359  .0399077 -.1005049
T 4570  1 .6163146E+07   1488000E+01 -.1217E+06  .1593E+05   .9993159 -.0063300  .0364373
T 4571  1 .6335958E+07   1488000E+01  .5494E+06  .4975E+06   .9966408  .0692646  .0436974
T 4572  1 .5734155E+07   1488000E+01 -.5625E+06 -.2500E+06   .9949801 -.0807080 -.0591673
T 4573  1 .6371728E+07   1488000E+01 -.2058E+06 -.9539E+05   .9991406 -.0395031  .0125493
T 4574  1 .7008275E+07   1488000E+01  .3895E+05  .3143E+06   .9993514  .0312232  .0179427
T 4575  1 .6525159E+07   1488000E+01 -.4546E+06 -.2792E+06   .9979514 -.0564425  .0301216
T 4576  1 .6570767E+07   1488000E+01 -.4592E+05 -.2803E+06   .9986619 -.0198393 -.0477573
T 4577  1 .6455795E+07   1488000E+01  .5022E+06  .9758E+06   .9832326  .0928535  .1569452
T 4578  1 .6618604E+07   1488000E+01  .1986E+06  .3509E+06   .9953998  .0174500  .0942053
T 4579  1 .6606977E+07   1488000E+01 -.3041E+06 -.1556E+05   .9965463 -.0750091  .0356237
T 4580  1 .6355529E+07   1488000E+01  .5734E+06 -.3643E+05   .9981914  .0493579  .0343185
T 4581  1 .6732686E+07   1488000E+01  .1465E+06  .2811E+06   .9966474  .0048833  .0816712
T 4582  1 .6592602E+07   1488000E+01 -.1722E+07  .3395E+06   .9881910 -.1484128  .0381088
T 4583  1 .6507751E+07   1488000E+01 -.3513E+06  .4743E+06   .9972842 -.0081927  .0731927
T 4584  1 .6201918E+07   1488000E+01  .4914E+06  .1100E+07   .9985115 -.0170263  .0518161
T 4585  1 .6584816E+07   1488000E+01 -.4245E+06 -.5393E+06   .9943594 -.0820945 -.0671551
T 4586  1 .6940666E+07   1488000E+01 -.3780E+06 -.3073E+06   .9977642 -.0482855 -.0462080
T 4587  1 .6492672E+07   1488000E+01 -.1200E+06 -.2264E+06   .9988578 -.0319086 -.0355672
T 4588  1 .6317257E+07   1488000E+01  .5049E+05  .4216E+05   .9977999 -.0444090  .0492261
T 4589  1 .6579228E+07   1488000E+01 -.4335E+06 -.3522E+06   .9972844 -.0495209 -.0545109
T 4590  1 .6748459E+07   1488000E+01  .2439E+06  .9368E+05   .9985007  .0463968  .0290454
T 4591  1 .6540681E+07   1488000E+01 -.2552E+06  .3576E+06   .9992922 -.0023958  .0375417
T 4592  1 .6748263E+07   1488000E+01 -.1019E+05 -.2440E+06   .9984656 -.0536940  .0135417
T 4593  1 .6307373E+07   1488000E+01 -.7245E+05  .4137E+06   .9996442 -.0129041  .0233454
T 4594  1 .6957674E+07   1488000E+01 -.7743E+05 -.3302E+06   .9994323 -.0223799 -.0251843
T 4595  1 .6356611E+07   1488000E+01  .6371E+06 -.4267E+06   .9967933  .0600074 -.0529359
T 4596  1 .6603910E+07   1488000E+01 -.6313E+05 -.9959E+04   .9994934 -.0318224  .0005660
T 4597  1 .6769538E+07   1488000E+01 -.1038E+07  .2109E+06   .9947947 -.1018873 -.0015914
T 4598  1 .5547887E+07   1488000E+01 -.1735E+06  .4663E+06   .9942303 -.0218560  .1050161
T 4599  1 .6418147E+07   1488000E+01  .2753E+06 -.4217E+06   .9950917  .0524071 -.0839406
T 4600  1 .6446379E+07   1488000E+01 -.2889E+06  .1151E+05   .9967311 -.0780871  .0207230
T 4601  1 .7114644E+07   1488000E+01 -.2992E+06 -.1579E+06   .9980045 -.0484582 -.0404833
T 4602  1 .6380038E+07   1488000E+01  .1018E+07 -.3696E+06   .9469264  .2753535 -.1658636
T 4603  1 .6768378E+07   1488000E+01  .8289E+05 -.6187E+06   .9963493 -.0013539 -.0853596
T 4604  1 .6521752E+07   1488000E+01  .2320E+05  .3269E+06   .9952898  .0027697  .0969049
T 4605  1 .6247287E+07   1488000E+01  .2259E+06  .1371E+06   .9964248  .0428724  .0727975
T 4606  1 .6815640E+07   1488000E+01  .8406E+05  .2131E+06   .9988479 -.0432215  .0208518
T 4607  1 .6404615E+07   1488000E+01 -.2497E+06 -.3073E+06   .9997709  .0095797 -.0191393
T 4608  1 .6601948E+07   1488000E+01 -.3778E+05  .8924E+05   .9995137  .0161321  .0266856
T 4609  1 .6443930E+07   1488000E+01  .1007E+06  .2005E+05   .9994013 -.0338475  .0071729
T 4610  1 .5909537E+07   1488000E+01  .4708E+06  .2438E+05   .9986555  .0404069 -.0324722
T 4611  1 .6441406E+07   1488000E+01 -.7902E+05 -.3885E+05   .9991719  .0402018  .0062707
T 4612  1 .6421096E+07   1488000E+01 -.3168E+05  .1823E+06   .9992999  .0356392 -.0113843
T 4613  1 .6587201E+07   1488000E+01 -.6129E+04  .8002E+05   .9989817 -.0222412  .0392546
T 4614  1 .6885711E+07   1488000E+01  .2852E+06  .4182E+06   .9981981  .0151814  .0580527
T 4615  1 .6567302E+07   1488000E+01 -.1032E+06 -.7128E+04   .9987773  .0017183  .0494070
T 4616  1 .5917087E+07   1488000E+01 -.6586E+06  .3040E+06   .9994192  .0144600  .0308559
T 4617  1 .6578438E+07   1488000E+01 -.1728E+06 -.7061E+05   .9999001  .0058739 -.0128563
T 4618  1 .6158341E+07   1488000E+01 -.6070E+06 -.2166E+07   .9732020 -.0666641 -.2200767
T 4619  1 .6145734E+07   1488000E+01  .4636E+06  .3069E+06   .9980051  .0171178  .0607681
T 4620  1 .6614257E+07   1488000E+01 -.1104E+06 -.2045E+05   .9984086 -.0504478 -.0252060
T 4621  1 .6256358E+07   1488000E+01  .4418E+06  .9069E+05   .9977408  .0666558 -.0083900
T 4622  1 .6555946E+07   1488000E+01 -.4971E+06  .4711E+06   .9959058 -.0825646  .0368068
T 4623  1 .6497203E+07   1488000E+01 -.1567E+06  .2718E+05   .9987197 -.0492637  .0114932
T 4624  1 .6129576E+07   1488000E+01 -.2290E+06 -.5192E+05   .9996967 -.0191362  .0154997
T 4625  1 .6437183E+07   1488000E+01 -.1628E+06  .2029E+06   .9942008 -.0732144  .0787679
T 4626  1 .6377971E+07   1488000E+01  .4550E+05  .6083E+05   .9998220 -.0187770 -.0018298
T 4627  1 .6427022E+07   1488000E+01 -.1771E+06 -.1130E+06   .9966222 -.0820481  .0034938
T 4628  1 .6532038E+07   1488000E+01 -.4006E+06 -.5766E+06   .9951687 -.0433172 -.0881073
T 4629  1 .6072996E+07   1488000E+01  .8471E+05 -.1416E+06   .9976943 -.0027344 -.0678129
T 4630  1 .6210898E+07   1488000E+01 -.3263E+06 -.4299E+06   .9992717 -.0342504 -.0168248
T 4631  1 .6360600E+07   1488000E+01  .1825E+07  .1125E+07   .9619529  .2143475  .1694157
T 4632  1 .6818355E+07   1488000E+01  .1194E+06  .3339E+05   .9987621  .0372539  .0329606
T 4633  1 .6466205E+07   1488000E+01  .2128E+06 -.1527E+06   .9981795  .0301919 -.0522125
T 4634  1 .6281063E+07   1488000E+01 -.4106E+06 -.5240E+06   .9916694 -.1243852 -.0334670
T 4635  1 .6408822E+07   1488000E+01 -.4869E+05 -.5882E+06   .9998803 -.0133851 -.0077634
T 4636  1 .6386421E+07   1488000E+01  .1984E+06 -.3154E+06   .9982821  .0413812 -.0414772
T 4637  1 .6523652E+07   1488000E+01 -.4612E+06 -.1614E+06   .9925405 -.1219138 -.0005713
T 4638  1 .6598950E+07   1488000E+01 -.4502E+06 -.2100E+05   .9994671 -.0264581  .0191190
T 4639  1 .6594474E+07   1488000E+01  .2737E+06 -.6944E+06   .9991098  .0122034 -.0403805
T 4640  1 .6590096E+07   1488000E+01  .4398E+06 -.3683E+06   .9992362  .0212705 -.0327801
T 4641  1 .7017332E+07   1488000E+01 -.2176E+05 -.6218E+05   .9846652  .1744534  .0007116
T 4642  1 .6566070E+07   1488000E+01 -.6693E+05  .4803E+06   .9987091 -.0067813  .0503400
T 4643  1 .6596110E+07   1488000E+01  .2664E+06 -.4370E+06   .9972600 -.0004929 -.0739751
T 4644  1 .7324144E+07   1488000E+01  .4159E+06 -.2572E+06   .9988183  .0481757  .0064155
T 4645  1 .6681372E+07   1488000E+01  .4870E+05  .9270E+06   .9947233  .0087070  .1022238
T 4646  1 .6077268E+07   1488000E+01 -.1078E+06  .6452E+06   .9978159 -.0370634  .0546786
T 4647  1 .6668011E+07   1488000E+01 -.2921E+06 -.6344E+06   .9788382 -.0991934 -.1789875
T 4648  1 .6204529E+07   1488000E+01 -.5954E+06  .2484E+07   .9740786 -.0552959  .2193471
T 4649  1 .6321773E+07   1488000E+01  .3954E+05  .2601E+06   .9972370  .0257991  .0696618
T 4650  1 .5985416E+07   1488000E+01 -.5582E+06 -.5650E+05   .9956976 -.0703301  .0603321
T 4651  1 .6378083E+07   1488000E+01 -.2980E+06 -.5529E+05   .9994974  .0090682  .0303776
T 4652  1 .6599297E+07   1488000E+01  .4339E+06  .2192E+06   .9990445  .0258884  .0352108
T 4653  1 .6194753E+07   1488000E+01  .2575E+06 -.8542E+05   .9995853  .0059844 -.0281663
T 4654  1 .6533884E+07   1488000E+01 -.8198E+05  .1172E+06   .9999522  .0087078  .0044457
T 4655  1 .5887514E+07   1488000E+01 -.3294E+06  .5031E+06   .9990012  .0183666  .0407340
T 4656  1 .6203155E+07   1488000E+01 -.3524E+06 -.4066E+06   .9978885 -.0632573 -.0147328
T 4657  1 .5940240E+07   1488000E+01  .6470E+06  .5694E+06   .9932788  .0700929  .0921093
T 4658  1 .5914375E+07   1488000E+01  .4173E+05 -.2768E+06   .9967842  .0770027 -.0221793
T 4659  1 .6507243E+07   1488000E+01 -.3951E+06 -.3303E+02   .9996106 -.0277839  .0026048
T 4660  1 .6761208E+07   1488000E+01 -.2584E+05 -.3212E+06   .9979843 -.0167630 -.0612068
T 4661  1 .6158699E+07   1488000E+01 -.7259E+06  .8519E+05   .9967590 -.0646429  .0478837
T 4662  1 .6159049E+07   1488000E+01  .3252E+06  .2854E+06   .9986450  .0458718 -.0245756
T 4663  1 .6122865E+07   1488000E+01  .7898E+05 -.4037E+05   .9997525  .0039019 -.0219022
T 4664  1 .6466515E+07   1488000E+01 -.6676E+06 -.1491E+06   .9935810 -.1051996 -.0415911
T 4665  1 .6626483E+07   1488000E+01  .5440E+05 -.1017E+06   .9985107  .0536554 -.0098687
T 4666  1 .5618399E+07   1488000E+01  .2284E+05 -.3717E+06   .9975871  .0157541 -.0676153
T 4667  1 .6419919E+07   1488000E+01 -.1559E+06  .2919E+06   .9998486  .0118061  .0127862
T 4668  1 .6644475E+07   1488000E+01 -.4430E+05 -.2426E+05   .9992175 -.0336731  .0207482
T 4669  1 .7023612E+07   1488000E+01 -.2403E+06 -.3986E+05   .9976421 -.0647524 -.0227456
T 4670  1 .5989868E+07   1488000E+01 -.7329E+06  .9349E+03   .9993818 -.0247608  .0249576
T 4671  1 .6592253E+07   1488000E+01 -.7992E+05 -.2636E+06   .9972514 -.0609010 -.0421982
T 4672  1 .6242035E+07   1488000E+01  .3247E+06  .3963E+05   .9995889 -.0237423  .0160708
T 4673  1 .6147150E+07   1488000E+01 -.9447E+06  .1539E+06   .9931218 -.1162718  .0137824
T 4674  1 .6267286E+07   1488000E+01  .2552E+06 -.8551E+05   .9995606  .0206152  .0212994
T 4675  1 .6856266E+07   1488000E+01 -.5213E+06  .6714E+05   .9994113  .0129639 -.0317637
T 4676  1 .5919960E+07   1488000E+01  .8334E+06  .1313E+07   .9886857  .0571328  .1386954
T 4677  1 .6492274E+07   1488000E+01  .3284E+06  .9942E+05   .9999771 -.0039460 -.0055007
T 4678  1 .6333442E+07   1488000E+01  .2904E+06  .2831E+06   .9972596  .0626573  .0393372
T 4679  1 .6898193E+07   1488000E+01 -.2430E+06 -.1172E+06   .9992451 -.0334496 -.0197565
T 4680  1 .6173320E+07   1488000E+01  .3781E+06 -.1945E+06   .9963517  .0852592 -.0037714
T 4681  1 .6560430E+07   1488000E+01 -.7821E+06 -.1174E+06   .9982489 -.0518288 -.0285099
T 4682  1 .6479321E+07   1488000E+01  .6919E+06  .1898E+06   .9949106  .0987378  .0200918
T 4683  1 .6424045E+07   1488000E+01 -.2059E+06  .1465E+06   .9978952 -.0607735 -.0226231
T 4684  1 .5846353E+07   1488000E+01 -.9230E+06  .3426E+06   .9958533 -.0848539  .0328042
T 4685  1 .6906633E+07   1488000E+01  .3446E+06  .2413E+06   .9960005  .0440991  .0777068
T 4686  1 .6926209E+07   1488000E+01 -.5269E+06  .3855E+05   .9988781 -.0446940 -.0156489
T 4687  1 .6839141E+07   1488000E+01  .1051E+07 -.1165E+06   .9874455  .1570617 -.0168207
T 4688  1 .6810117E+07   1488000E+01 -.3166E+06 -.1142E+06   .9976383 -.0490423 -.0480909
T 4689  1 .6130846E+07   1488000E+01 -.1119E+04  .3658E+06   .9998426 -.0104667 -.0143260
T 4690  1 .6306024E+07   1488000E+01  .3705E+06  .2577E+06   .9945113  .0855754  .0602002
T 4691  1 .6369177E+07   1488000E+01  .3040E+06 -.3346E+05   .9959104  .0796138  .0427103
T 4692  1 .4410295E+07   1488000E+01  .4732E+06  .2031E+07   .6797663  .3737497  .6310538
T 4693  1 .6094656E+07   1488000E+01  .6963E+06  .1334E+06   .9967980  .0632251  .0489514
T 4694  1 .6430407E+07   1488000E+01  .3787E+05  .5865E+06   .9946599 -.0173286  .1017415
T 4695  1 .6540687E+07   1488000E+01 -.3525E+06  .2004E+06   .9989415 -.0318832  .0331555
T 4696  1 .6453814E+07   1488000E+01  .6332E+06 -.7789E+06   .9885932  .1377167 -.0609727
T 4697  1 .6769252E+07   1488000E+01  .4352E+06  .4195E+06   .9897750  .1372538  .0388177
T 4698  1 .6087314E+07   1488000E+01 -.2117E+06 -.5120E+06   .9983093 -.0277520 -.0510731
T 4699  1 .5969809E+07   1488000E+01 -.1871E+06 -.4512E+06   .9994578 -.0085639 -.0317932
T 4700  1 .6058290E+07   1488000E+01  .1496E+05 -.1690E+06   .9972847 -.0735942 -.0026568
T 4701  1 .6390338E+07   1488000E+01  .1268E+07  .1925E+06   .9775506  .1601476  .1369219
T 4702  1 .6948537E+07   1488000E+01  .5289E+05 -.1062E+06   .9997674  .0079691  .0200397
T 4703  1 .6575776E+07   1488000E+01  .5114E+06 -.2860E+06   .9982319  .0592953  .0041466
T 4704  1 .6625949E+07   1488000E+01 -.8158E+06  .6021E+06   .9976004 -.0503386  .0475338
T 4705  1 .6251353E+07   1488000E+01 -.3126E+06 -.1150E+04   .9970198 -.0758642 -.0140048
T 4706  1 .6221405E+07   1488000E+01  .2757E+06 -.2184E+06   .9977750  .0392901 -.0538633
T 4707  1 .6332465E+07   1488000E+01  .2387E+06 -.2893E+06   .9988960  .0319029 -.0344818
T 4708  1 .6788235E+07   1488000E+01 -.2791E+04  .3269E+06   .9976260  .0234620  .0647454
T 4709  1 .6742555E+07   1488000E+01 -.2775E+06  .2388E+06   .9988628 -.0228670  .0418365
T 4710  1 .6378556E+07   1488000E+01 -.2548E+06 -.4504E+06   .9999213  .0024896  .0122939
T 4711  1 .7068376E+07   1488000E+01 -.4755E+05 -.1380E+06   .9991073 -.0287468  .0309536
T 4712  1 .7141138E+07   1488000E+01  .2538E+06 -.1635E+06   .9993666  .0346001  .0083231
T 4713  1 .6325811E+07   1488000E+01  .2614E+06 -.8034E+06   .9955514 -.0092726 -.0937625
T 4714  1 .6151850E+07   1488000E+01 -.2848E+06  .3645E+06   .9993135 -.0248158  .0275077
T 4715  1 .6595038E+07   1488000E+01  .2394E+06 -.1105E+06   .9993974  .0057784 -.0342277
T 4716  1 .6291759E+07   1488000E+01  .4580E+06  .3137E+06   .9970076  .0662784  .0397866
T 4717  1 .6264549E+07   1488000E+01 -.7382E+06 -.9530E+05   .9925096 -.0598612  .1064960
T 4718  1 .6253534E+07   1488000E+01 -.1831E+06 -.5393E+06   .9978637 -.0022631 -.0652906
T 4719  1 .6619757E+07   1488000E+01 -.5209E+06 -.3086E+06   .9967509 -.0730430 -.0339475
T 4720  1 .6475903E+07   1488000E+01  .1230E+07 -.1836E+05   .9926683  .1203139 -.0115866
T 4721  1 .5862182E+07   1488000E+01  .3222E+06 -.1504E+06   .9963536 -.0315193 -.0792843
T 4722  1 .6054754E+07   1488000E+01 -.7588E+05  .8487E+05   .9995872 -.0212448 -.0193403
T 4723  1 .6286773E+07   1488000E+01  .7025E+06 -.1283E+06   .9970784  .0756736 -.0103982
T 4724  1 .6291988E+07   1488000E+01  .4053E+06 -.5449E+05   .9994195  .0340426 -.0013449
T 4725  1 .5942282E+07   1488000E+01  .2900E+05 -.3308E+06   .9994846  .0051152 -.0316930
T 4726  1 .6342932E+07   1488000E+01  .4162E+06 -.8164E+06   .9968204  .0315434 -.0731718
T 4727  1 .6567872E+07   1488000E+01 -.4915E+06 -.1038E+06   .9947340 -.1007407 -.0188546
T 4728  1 .6333708E+07   1488000E+01  .2777E+06  .1749E+06   .9998504 -.0163613 -.0056049
T 4729  1 .6976099E+07   1488000E+01  .1761E+06 -.1162E+06   .9981329  .0400685  .0461003
T 4730  1 .6139143E+07   1488000E+01 -.5214E+06  .1623E+06   .9970199 -.0771138  .0021863
T 4731  1 .6718163E+07   1488000E+01 -.4777E+06  .2943E+06   .9984276 -.0541652 -.0144376
T 4732  1 .6299017E+07   1488000E+01 -.7779E+06  .7113E+06   .9930526 -.0904905  .0752200
T 4733  1 .6827166E+07   1488000E+01 -.7952E+05  .1218E+06   .9991988  .0354146 -.0186429
T 4734  1 .6854640E+07   1488000E+01 -.8871E+05 -.5632E+06   .9966331  .0196395 -.0796041
T 4735  1 .6312407E+07   1488000E+01  .3047E+06  .1924E+06   .9962476  .0663669  .0555539
T 4736  1 .6010473E+07   1488000E+01 -.3378E+06  .5911E+05   .9978064 -.0480566 -.0455287
T 4737  1 .6871079E+07   1488000E+01  .1178E+06  .1320E+06   .9998199 -.0161188 -.0100183
T 4738  1 .6019117E+07   1488000E+01  .2093E+06 -.4738E+06   .9966301  .0531005 -.0625210
T 4739  1 .6056335E+07   1488000E+01 -.2074E+06 -.1776E+06   .9991878 -.0393202 -.0088112
T 4740  1 .6110546E+07   1488000E+01  .1277E+06  .2702E+05   .9998769  .0154076 -.0029673
T 4741  1 .6272704E+07   1488000E+01  .3051E+06 -.4402E+06   .9962822  .0402971 -.0761445
T 4742  1 .6152213E+07   1488000E+01  .1351E+06  .9712E+05   .9992606 -.0215513  .0318399
T 4743  1 .5817337E+07   1488000E+01  .1161E+07 -.6883E+05   .9747310  .2002966  .0988977
T 4744  1 .6394865E+07   1488000E+01  .2790E+06 -.2325E+06   .9984201  .0278448 -.0488057
T 4745  1 .6639242E+07   1488000E+01 -.9685E+05  .4094E+06   .9988597 -.0463862  .0112972
T 4746  1 .5940673E+07   1488000E+01  .3292E+06  .1197E+06   .9970040  .0728734  .0259321
T 4747  1 .6325604E+07   1488000E+01  .9536E+05  .1817E+06   .9968893 -.0306586  .0726074
T 4748  1 .6518973E+07   1488000E+01  .1510E+06  .6119E+06   .9826343  .0366297  .1819013
T 4749  1 .6082639E+07   1488000E+01  .1246E+06  .1928E+06   .9994714 -.0123868  .0300575
T 4750  1 .6329449E+07   1488000E+01  .1504E+06 -.1045E+06   .9992291  .0069892 -.0386312
T 4751  1 .6638198E+07   1488000E+01 -.1749E+06  .1533E+06   .9997538  .0042598 -.0217767
T 4752  1 .6089600E+07   1488000E+01  .7230E+06  .5449E+06   .9710465  .1879348  .1474761
T 4753  1 .6573790E+07   1488000E+01  .7098E+06 -.1668E+06   .9942325  .0512016 -.0942348
T 4754  1 .5894638E+07   1488000E+01 -.1917E+06  .6821E+05   .9995820 -.0182823  .0223979
T 4755  1 .6042675E+07   1488000E+01 -.3576E+06 -.4398E+06   .9918157 -.0179242 -.1264130
T 4756  1 .6359757E+07   1488000E+01  .1374E+06 -.2296E+05   .9987023  .0392602 -.0324388
T 4757  1 .6073260E+07   1488000E+01 -.5696E+06 -.6092E+06   .9944099 -.0970928 -.0414952
T 4758  1 .6471723E+07   1488000E+01  .5633E+06 -.3463E+05   .9950656  .0916855 -.0379252
T 4759  1 .6360154E+07   1488000E+01 -.4122E+06 -.1592E+06   .9981664 -.0570694 -.0201723
T 4760  1 .6235481E+07   1488000E+01  .5180E+06  .2576E+06   .9939926  .0907853  .0611284
T 4761  1 .7200946E+07   1488000E+01 -.1657E+06 -.1712E+06   .9993354 -.0100310 -.0350457
T 4762  1 .6219296E+07   1488000E+01  .1357E+06 -.3287E+06   .9968724  .0527691 -.0588290
T 4763  1 .6664827E+07   1488000E+01 -.3888E+06  .4428E+05   .9989470 -.0068757  .0453608
T 4764  1 .6539956E+07   1488000E+01 -.5167E+06 -.5453E+06   .9965156 -.0718155 -.0424180
T 4765  1 .6185928E+07   1488000E+01  .4403E+05 -.3187E+06   .9931189 -.0491859 -.1062806
T 4766  1 .7027725E+07   1488000E+01 -.3269E+06 -.5075E+06   .9988482 -.0401568 -.0262635
T 4767  1 .6165538E+07   1488000E+01 -.2007E+07 -.7329E+06   .9874816 -.1401883 -.0723007
T 4768  1 .6345422E+07   1488000E+01 -.9169E+04  .7102E+05   .9965297 -.0792155 -.0255639
T 4769  1 .6418908E+07   1488000E+01 -.4768E+05  .2317E+06   .9995693 -.0270474  .0113829
T 4770  1 .6847200E+07   1488000E+01 -.2867E+06 -.7096E+06   .9848091 -.1180814 -.1273101
T 4771  1 .6476438E+07   1488000E+01  .2662E+06 -.4649E+05   .9956233  .0840262  .0409136
T 4772  1 .6505040E+07   1488000E+01  .2717E+06 -.3336E+06   .9982304  .0535275 -.0259025
T 4773  1 .6532418E+07   1488000E+01  .1073E+06 -.1153E+06   .9971326  .0756693 -.0008357
T 4774  1 .6769102E+07   1488000E+01  .3507E+06 -.2911E+06   .9973276  .0467903 -.0561103
T 4775  1 .6666581E+07   1488000E+01  .2531E+06 -.5032E+06   .9984540  .0217957 -.0511324
T 4776  1 .5805838E+07   1488000E+01  .4335E+06 -.5663E+06   .9960810  .0873360 -.0139698
T 4777  1 .5819296E+07   1488000E+01 -.5347E+06  .2222E+05   .9844343 -.1433423 -.1016960
T 4778  1 .6124586E+07   1488000E+01 -.2582E+06 -.1135E+06   .9981426 -.0303408 -.0528288
T 4779  1 .6453408E+07   1488000E+01  .1627E+05 -.3485E+06   .9977271  .0376225 -.0559036
T 4780  1 .6492378E+07   1488000E+01  .5544E+05  .1972E+05   .9986380 -.0076235 -.0516152
T 4781  1 .6924792E+07   1488000E+01  .8660E+05  .1375E+06   .9998702 -.0148412 -.0062640
T 4782  1 .6533225E+07   1488000E+01  .1836E+06  .1873E+06   .9980866  .0167360  .0595238
T 4783  1 .6281971E+07   1488000E+01  .2795E+06 -.1673E+06   .9988781  .0349357  .0319695
T 4784  1 .6400346E+07   1488000E+01  .1765E+06 -.5718E+06   .9961791  .0046485 -.0872101
T 4785  1 .6942314E+07   1488000E+01 -.1745E+06 -.9569E+05   .9993368  .0008834  .0364018
T 4786  1 .6029945E+07   1488000E+01 -.1396E+06 -.1183E+06   .9998988  .0086452 -.0112982
T 4787  1 .4675180E+07   1488000E+01 -.5909E+06  .1864E+07   .4090698 -.1725820  .8960342
T 4788  1 .6628831E+07   1488000E+01  .3441E+05  .5874E+05   .9998969 -.0058403 -.0131206
T 4789  1 .7097999E+07   1488000E+01 -.9236E+05  .1118E+06   .9994894 -.0254699  .0192935
T 4790  1 .6746760E+07   1488000E+01 -.3074E+06 -.4671E+06   .9927652 -.0106311 -.1196002
T 4791  1 .6048975E+07   1488000E+01  .4787E+06  .4538E+06   .9969993  .0707278  .0314645
T 4792  1 .6581553E+07   1488000E+01  .9949E+05  .2757E+06   .9989190  .0253757  .0389486
T 4793  1 .6378380E+07   1488000E+01 -.3475E+06 -.3053E+06   .9991564 -.0357352 -.0202352
T 4794  1 .6160775E+07   1488000E+01 -.5800E+06  .4116E+05   .9968348 -.0422260 -.0673602
T 4795  1 .6424982E+07   1488000E+01  .6026E+06 -.2997E+06   .9965476  .0820255 -.0128309
T 4796  1 .6141979E+07   1488000E+01 -.1253E+06 -.5905E+05   .9995248 -.0258451  .0167960
T 4797  1 .7192966E+07   1488000E+01  .5957E+05  .9779E+05   .9993136 -.0129331  .0347138
T 4798  1 .6537892E+07   1488000E+01  .4725E+04  .5711E+06   .9742510 -.0445297  .2210253
T 4799  1 .6451103E+07   1488000E+01  .3297E+06 -.1295E+06   .9971741  .0745523 -.0092609
T 4800  1 .5857003E+07   1488000E+01  .3879E+06  .6485E+06   .9912935  .0629489  .1156489
T 4801  1 .6221628E+07   1488000E+01  .2986E+06 -.2268E+04   .9997046  .0184563  .0158128
T 4802  1 .6499236E+07   1488000E+01 -.3056E+06  .3662E+06   .9960893 -.0351916  .0810413
T 4803  1 .6413949E+07   1488000E+01 -.3787E+05 -.4596E+06   .9958468  .0109799 -.0903806
T 4804  1 .6307696E+07   1488000E+01  .8171E+06  .9351E+05   .9943139  .1026391 -.0283739
T 4805  1 .6448106E+07   1488000E+01  .5373E+06 -.5995E+05   .9904756  .1370600 -.0131402
T 4806  1 .6277058E+07   1488000E+01  .5331E+06  .7677E+06   .9899390  .0894463  .1096365
T 4807  1 .6591457E+07   1488000E+01 -.1381E+06  .4079E+06   .9981654 -.0042415  .0603974
T 4808  1 .6650418E+07   1488000E+01 -.5752E+06  .6220E+06   .9959088 -.0201708  .0880842
T 4809  1 .6218498E+07   1488000E+01 -.2077E+06  .3298E+06   .9892094 -.0911759  .1146808
T 4810  1 .6642398E+07   1488000E+01  .9577E+06  .4397E+06   .9805080  .1149703  .1593295
T 4811  1 .6461772E+07   1488000E+01  .5309E+05  .8305E+05   .9989826 -.0381082  .0241159
T 4812  1 .6521155E+07   1488000E+01  .1960E+06 -.2562E+06   .9996098 -.0080464  .0267480
T 4813  1 .6702001E+07   1488000E+01 -.7421E+05 -.1055E+06   .9989763  .0124542 -.0434891
T 4814  1 .6422445E+07   1488000E+01  .1836E+06 -.1980E+06   .9943344 -.0004239 -.1062961
T 4815  1 .6055450E+07   1488000E+01 -.1924E+06  .1685E+06   .5058977 -.3497455  .7885085
T 4816  1 .6108858E+07   1488000E+01  .2006E+06 -.1811E+06   .9974065  .0124512 -.0708892
T 4817  1 .6451708E+07   1488000E+01  .1137E+07  .1120E+07   .9454971  .2791331  .1676900
T 4818  1 .6041343E+07   1488000E+01  .1919E+06  .2383E+06   .9985123  .0326916  .0436406
T 4819  1 .6831416E+07   1488000E+01  .9515E+06 -.4943E+05   .9861230  .1659497 -.0046962
T 4820  1 .6202858E+07   1488000E+01  .1940E+06  .6817E+05   .9975086  .0666558 -.0230998
T 4821  1 .6802707E+07   1488000E+01  .3064E+06 -.5212E+06   .9984160  .0198569 -.0526430
T 4822  1 .6764999E+07   1488000E+01  .1810E+06 -.3483E+06   .9997519 -.0123702 -.0185209
T 4823  1 .6602639E+07   1488000E+01  .4981E+05 -.9536E+06   .9933594 -.0279621 -.1116033
T 4824  1 .5970550E+07   1488000E+01 -.3444E+06  .9195E+05   .9975988 -.0538406  .0435645
T 4825  1 .6868186E+07   1488000E+01  .3312E+06  .3826E+05   .9994860  .0267928 -.0176026
T 4826  1 .6243118E+07   1488000E+01  .6759E+05  .1025E+06   .9998497 -.0165247 -.0052393
T 4827  1 .6725053E+07   1488000E+01  .4397E+04  .2260E+06   .9993797 -.0346543  .0062755
T 4828  1 .6332271E+07   1488000E+01 -.6430E+06  .6778E+05   .9977153 -.0617661  .0273688
T 4829  1 .6459268E+07   1488000E+01 -.1282E+06 -.3107E+05   .9990002 -.0412802  .0171624
T 4830  1 .6622033E+07   1488000E+01  .2278E+06  .1091E+06   .9995431  .0157158  .0258179
T 4831  1 .5566926E+07   1488000E+01  .2717E+05 -.2974E+07   .9400391  .0284697 -.3398763
T 4832  1 .6550182E+07   1488000E+01  .2433E+05 -.1721E+06   .9999655 -.0033729 -.0075963
T 4833  1 .6441289E+07   1488000E+01  .4007E+05  .3598E+06   .9988521  .0411402  .0245364
T 4834  1 .7000132E+07   1488000E+01  .1925E+05  .4833E+06   .9990121  .0073982  .0438200
T 4835  1 .6664357E+07   1488000E+01  .3807E+06  .1150E+06   .9983853  .0557370  .0109654
T 4836  1 .6438303E+07   1488000E+01  .1261E+06 -.1577E+05   .9993910  .0316981 -.0145917
T 4837  1 .6611441E+07   1488000E+01 -.3324E+04  .4141E+06   .9985657 -.0120924  .0521558
T 4838  1 .6027454E+07   1488000E+01  .1002E+06  .1057E+06   .9997802 -.0198859  .0066467
T 4839  1 .6519736E+07   1488000E+01 -.1394E+05  .4333E+06   .9953454 -.0551303  .0790456
T 4840  1 .6540659E+07   1488000E+01 -.1021E+06  .4677E+05   .9998768 -.0122268 -.0098406
T 4841  1 .6014189E+07   1488000E+01  .3535E+06  .2716E+06   .9911379  .1264904 -.0405683
T 4842  1 .7302553E+07   1488000E+01 -.1975E+06 -.1958E+06   .9995533 -.0030335 -.0297308
T 4843  1 .6246070E+07   1488000E+01 -.9627E+04 -.5113E+06   .9980225  .0320300 -.0540846
T 4844  1 .6617553E+07   1488000E+01  .7476E+05 -.2507E+06   .9986859  .0507242  .0073169
T 4845  1 .6365945E+07   1488000E+01 -.2174E+04 -.5850E+06   .9975866 -.0187294 -.0668591
T 4846  1 .6452542E+07   1488000E+01  .3028E+05 -.1805E+06   .9981748 -.0288431 -.0530588
T 4847  1 .6820947E+07   1488000E+01 -.2153E+06 -.2164E+06   .9970639 -.0761521  .0080268
T 4848  1 .6948650E+07   1488000E+01  .1751E+06 -.4411E+06   .9991708  .0358798 -.0192455
T 4849  1 .6082069E+07   1488000E+01  .3291E+06 -.9001E+05   .9995142  .0287320  .0120752
T 4850  1 .5967409E+07   1488000E+01  .3129E+05 -.3189E+06   .9906897  .0653361 -.1194366
T 4851  1 .6395678E+07   1488000E+01 -.1327E+07  .9451E+05   .9901095 -.1299338  .0529186
T 4852  1 .6677878E+07   1488000E+01  .3591E+06  .3911E+05   .9982073  .0512032 -.0309899
T 4853  1 .6088455E+07   1488000E+01  .1652E+06  .7182E+05   .9885607  .0142129  .1501524
T 4854  1 .6349554E+07   1488000E+01 -.3581E+06  .5365E+06   .9932634 -.0465675  .1061100
T 4855  1 .6552644E+07   1488000E+01  .3428E+06  .4401E+06   .9945817  .0910565  .0501584
T 4856  1 .6625253E+07   1488000E+01 -.5523E+06  .3921E+06   .9932723 -.0805120  .0832342
T 4857  1 .7029588E+07   1488000E+01  .5388E+06 -.2065E+05   .9990451  .0351975  .0258851
T 4858  1 .5980243E+07   1488000E+01  .2400E+06  .1464E+06   .9963500  .0546168  .0656025
T 4859  1 .6154001E+07   1488000E+01  .6208E+05  .2671E+06   .9990852  .0255594 -.0342860
T 4860  1 .6146640E+07   1488000E+01  .1136E+06 -.1165E+06   .9995183  .0290262 -.0109851
T 4861  1 .6702467E+07   1488000E+01 -.2049E+06 -.4395E+06   .9951352 -.0573916 -.0800761
T 4862  1 .6086752E+07   1488000E+01  .4062E+06 -.6469E+06   .9855737  .0897933 -.1434633
T 4863  1 .6498764E+07   1488000E+01  .4820E+06 -.2606E+06   .9996815  .0099393 -.0231983
T 4864  1 .6079036E+07   1488000E+01  .2952E+06  .1926E+06   .9985550  .0190556  .0502478
T 4865  1 .6590635E+07   1488000E+01 -.2293E+06  .2413E+06   .9964748 -.0632787  .0550791
T 4866  1 .6779241E+07   1488000E+01 -.4617E+06  .5746E+05   .9962388 -.0726407  .0472396
T 4867  1 .6833061E+07   1488000E+01 -.4276E+04 -.2285E+06   .9997643  .0100510 -.0192438
T 4868  1 .6852245E+07   1488000E+01 -.5876E+06  .7013E+06   .9907944 -.1212340  .0602388
T 4869  1 .6559688E+07   1488000E+01 -.5470E+06 -.4184E+06   .9822341 -.1171894 -.1465701
T 4870  1 .6848637E+07   1488000E+01  .1654E+06  .4369E+05   .9997671  .0212865  .0035679
T 4871  1 .6128873E+07   1488000E+01  .6590E+06  .6342E+06   .9459523  .2625305  .1903994
T 4872  1 .6679049E+07   1488000E+01 -.5088E+05  .4248E+06   .9966056  .0054322  .0821448
T 4873  1 .6557744E+07   1488000E+01  .1810E+06 -.3804E+06   .9995022  .0222443 -.0223748
T 4874  1 .6438473E+07   1488000E+01  .2281E+06 -.3244E+06   .9952101  .0435409 -.0875271
T 4875  1 .6354455E+07   1488000E+01 -.5119E+06 -.3867E+06   .9950422 -.0874596 -.0473479
T 4876  1 .6872183E+07   1488000E+01  .4614E+06  .2861E+06   .9979690  .0410709  .0486928
T 4877  1 .6271855E+07   1488000E+01  .1374E+06 -.6326E+05   .9994046 -.0286716 -.0191933
T 4878  1 .6134924E+07   1488000E+01 -.2375E+06  .6495E+05   .9987117 -.0349887 -.0367519
T 4879  1 .6417982E+07   1488000E+01 -.1109E+06  .2156E+06   .9998073 -.0192439  .0038850
T 4880  1 .6689317E+07   1488000E+01 -.9180E+05  .4210E+06   .9995741 -.0085012  .0279178
T 4881  1 .6399902E+07   1488000E+01 -.2655E+04  .2903E+06   .9990914  .0134860  .0404287
T 4882  1 .6480832E+07   1488000E+01 -.6017E+06 -.4261E+06   .9932192 -.0871489 -.0769460
T 4883  1 .6263093E+07   1488000E+01  .1008E+06 -.2106E+06   .9991059  .0156248  .0392843
T 4884  1 .6118192E+07   1488000E+01  .4566E+06  .1834E+06   .9982573  .0078379  .0584879
T 4885  1 .6312697E+07   1488000E+01 -.2785E+06  .2263E+06   .9955479 -.0773980  .0537956
T 4886  1 .6020462E+07   1488000E+01  .1459E+05 -.4560E+06   .9972241  .0486712 -.0563483
T 4887  1 .6163475E+07   1488000E+01  .2908E+06 -.6629E+05   .9990291  .0420637  .0130943
T 4888  1 .6502234E+07   1488000E+01  .3764E+06  .4370E+06   .9952450  .0861270  .0454916
T 4889  1 .6993070E+07   1488000E+01  .2852E+06  .6293E+05   .9985565  .0367096 -.0392094
T 4890  1 .6360024E+07   1488000E+01 -.3000E+06  .4463E+05   .9982862  .0289146  .0508781
T 4891  1 .6499035E+07   1488000E+01  .5731E+05 -.2045E+06   .9987347 -.0296310 -.0406336
T 4892  1 .6753383E+07   1488000E+01  .6983E+06  .9581E+06   .9972096  .0197518  .0719921
T 4893  1 .5941172E+07   1488000E+01  .2760E+06  .2287E+06   .9986477  .0445339  .0268236
T 4894  1 .6280098E+07   1488000E+01 -.3867E+05  .4239E+06   .9967777 -.0390475  .0700673
T 4895  1 .5672136E+07   1488000E+01 -.5040E+04 -.2893E+06   .9997092  .0152656 -.0186688
T 4896  1 .6542317E+07   1488000E+01 -.1429E+05  .5792E+06   .9991565 -.0203867  .0356470
T 4897  1 .6557711E+07   1488000E+01  .2361E+06 -.1616E+06   .9944192  .0745816 -.0746196
T 4898  1 .6575454E+07   1488000E+01 -.1955E+06 -.1825E+06   .9983747 -.0297515 -.0486089
T 4899  1 .6600683E+07   1488000E+01  .1953E+06  .1389E+06   .9995695  .0206785  .0208117
T 4900  1 .6759380E+07   1488000E+01  .1585E+06  .3325E+06   .9976819 -.0058824  .0677956
T 4901  1 .6563618E+07   1488000E+01 -.3171E+06  .1435E+06   .9992621 -.0233378  .0305069
T 4902  1 .6180983E+07   1488000E+01  .4859E+05  .1580E+06   .9996505 -.0239579  .0111768
T 4903  1 .6055924E+07   1488000E+01  .3211E+06  .9448E+05   .9991610  .0088845 -.0399803
T 4904  1 .5755765E+07   1488000E+01 -.2599E+06 -.3259E+06   .9955111 -.0690712 -.0647058
T 4905  1 .7130582E+07   1488000E+01 -.1117E+06  .2286E+06   .9999933  .0019695 -.0030741
T 4906  1 .6481222E+07   1488000E+01  .2354E+06 -.1899E+04   .9985813  .0513784 -.0139851
T 4907  1 .6260968E+07   1488000E+01  .6696E+05  .4236E+06   .9958171 -.0358824  .0840281
T 4908  1 .6279136E+07   1488000E+01  .2668E+06  .4041E+05   .9986892  .0373799  .0349674
T 4909  1 .6693377E+07   1488000E+01  .8611E+05 -.9447E+05   .9990165 -.0178817 -.0405746
T 4910  1 .6732631E+07   1488000E+01  .6431E+06  .7337E+05   .9969117  .0762577 -.0187548
T 4911  1 .7186056E+07   1488000E+01  .1496E+06  .7247E+06   .9995954 -.0121982  .0256960
T 4912  1 .6247861E+07   1488000E+01  .6377E+06 -.8161E+06   .9953437  .0326593 -.0906875
T 4913  1 .6097794E+07   1488000E+01 -.2648E+06 -.1938E+06   .9988323 -.0255420 -.0410085
T 4914  1 .6609517E+07   1488000E+01  .4566E+05 -.2603E+06   .9977303  .0632515  .0230992
T 4915  1 .6087095E+07   1488000E+01 -.1290E+07  .1001E+07   .9615747 -.1784989  .2085958
T 4916  1 .6256312E+07   1488000E+01 -.4274E+06 -.4637E+06   .9966270 -.0415438 -.0707721
T 4917  1 .6602263E+07   1488000E+01  .2135E+06  .6603E+05   .9997206  .0215245  .0097693
T 4918  1 .6678266E+07   1488000E+01 -.3742E+06 -.2075E+06   .9929753 -.1173200  .0153633
T 4919  1 .6152493E+07   1488000E+01  .3508E+06 -.4516E+06   .9917852  .0547516 -.1156046
T 4920  1 .6025909E+07   1488000E+01 -.5010E+04 -.4590E+06   .9963884  .0428467 -.0733096
T 4921  1 .6429542E+07   1488000E+01  .6355E+05  .4898E+06   .9996645  .0050921  .0253949
T 4922  1 .6714377E+07   1488000E+01 -.6866E+06  .4669E+06   .9859393 -.1515308  .0704429
T 4923  1 .6835856E+07   1488000E+01  .4335E+06  .3693E+06   .9943714  .0630654  .0851366
T 4924  1 .6332213E+07   1488000E+01  .1430E+06  .2774E+06   .9953904  .0799552  .0529637
T 4925  1 .6434333E+07   1488000E+01  .5384E+06  .4560E+06   .9927497  .0614383  .1033120
T 4926  1 .6060535E+07   1488000E+01 -.4316E+05 -.1660E+06   .9997271 -.0233144 -.0014501
T 4927  1 .6193431E+07   1488000E+01 -.2054E+06 -.2853E+06   .9966185 -.0093231 -.0816373
T 4928  1 .5944941E+07   1488000E+01 -.1169E+06  .1677E+06   .9967820  .0680049  .0424372
T 4929  1 .6388395E+07   1488000E+01  .2322E+06 -.1763E+06   .9981155  .0198545 -.0580618
T 4930  1 .6291864E+07   1488000E+01  .3659E+06 -.1940E+05   .9960126  .0603419 -.0657089
T 4931  1 .6347680E+07   1488000E+01 -.3576E+06  .5134E+06   .9985434 -.0201281  .0500601
T 4932  1 .6827301E+07   1488000E+01 -.1740E+06 -.6047E+05   .9988238 -.0112486 -.0471639
T 4933  1 .6618994E+07   1488000E+01  .6190E+06  .1037E+06   .9978367  .0143448  .0641572
T 4934  1 .6211222E+07   1488000E+01  .3221E+06 -.2848E+06   .9989594  .0436067  .0133644
T 4935  1 .7026605E+07   1488000E+01  .3470E+06 -.5775E+05   .9974871  .0387859  .0592885
T 4936  1 .6852568E+07   1488000E+01  .1764E+06  .2713E+06   .9982443  .0259126  .0532622
T 4937  1 .6136560E+07   1488000E+01 -.8222E+05 -.2806E+06   .9986391  .0301729 -.0425399
T 4938  1 .6000983E+07   1488000E+01 -.1443E+06  .1657E+05   .9982222 -.0473174  .0362431
T 4939  1 .6019323E+07   1488000E+01  .5249E+05 -.2376E+06   .9986163  .0093906 -.0517428
T 4940  1 .6402722E+07   1488000E+01 -.1461E+05  .4678E+05   .9986405  .0230833 -.0467377
T 4941  1 .6348290E+07   1488000E+01 -.3492E+06 -.3737E+06   .9969437 -.0661911 -.0414978
T 4942  1 .6574451E+07   1488000E+01  .9877E+05  .1833E+06   .9997737  .0204542  .0058515
T 4943  1 .7149063E+07   1488000E+01  .3166E+06 -.1540E+06   .9996931 -.0247416 -.0012520
T 4944  1 .6765609E+07   1488000E+01  .3051E+06 -.7326E+06   .9969073  .0468891 -.0630656
T 4945  1 .6243501E+07   1488000E+01  .1124E+07 -.2190E+06   .9929799  .1180152 -.0079610
T 4946  1 .6825562E+07   1488000E+01  .1746E+05  .1068E+06   .9998458  .0056788  .0166157
T 4947  1 .6207850E+07   1488000E+01  .4063E+06 -.1153E+07   .9862200  .1185097 -.1154368
T 4948  1 .6530683E+07   1488000E+01 -.9714E+04  .8431E+06   .9887289  .0042886  .1496553
T 4949  1 .6373690E+07   1488000E+01 -.3378E+06 -.7071E+06   .9980540 -.0441112 -.0440735
T 4950  1 .6233726E+07   1488000E+01 -.1522E+06  .7551E+05   .9997851 -.0206710 -.0015740
T 4951  1 .6107611E+07   1488000E+01 -.5388E+06  .6137E+05   .9957716 -.0567815  .0722131
T 4952  1 .6596182E+07   1488000E+01 -.4285E+06 -.1225E+06   .9991406 -.0414483 -.0002024
T 4953  1 .6190680E+07   1488000E+01  .1903E+06 -.1631E+06   .9896815  .1378019  .0392567
T 4954  1 .5736997E+07   1488000E+01  .3506E+06  .5270E+06   .9938392  .0805465  .0761310
T 4955  1 .6465717E+07   1488000E+01 -.2636E+06  .2548E+06   .9992017 -.0261821  .0301754
T 4956  1 .6505624E+07   1488000E+01  .1996E+06  .3439E+05   .9983972  .0490553  .0282258
T 4957  1 .6685814E+07   1488000E+01  .2141E+06 -.9434E+05   .9969027  .0763092 -.0190261
T 4958  1 .6171972E+07   1488000E+01 -.1188E+07  .1333E+06   .9804616 -.1961758 -.0144934
T 4959  1 .6444936E+07   1488000E+01 -.4972E+05 -.1039E+07   .9948737  .0076331 -.1008372
T 4960  1 .6561624E+07   1488000E+01  .6945E+05  .1338E+06   .9993081  .0306889  .0210106
T 4961  1 .6544463E+07   1488000E+01 -.9747E+05 -.1512E+05   .9996228  .0260699  .0086344
T 4962  1 .6440366E+07   1488000E+01  .1075E+06 -.7264E+05   .9991775 -.0212577  .0345310
T 4963  1 .6315625E+07   1488000E+01  .1556E+06 -.1967E+05   .9999340  .0110827  .0030285
T 4964  1 .6007595E+07   1488000E+01 -.1804E+06  .1256E+06   .9977212 -.0567009  .0365711
T 4965  1 .6210890E+07   1488000E+01 -.5439E+04 -.5373E+06   .9978122 -.0003857 -.0661115
T 4966  1 .6074495E+07   1488000E+01  .7903E+05 -.4712E+06   .9970181 -.0196263 -.0746310
T 4967  1 .5985492E+07   1488000E+01  .6557E+06  .1931E+06   .9989110  .0334346  .0325413
T 4968  1 .6133270E+07   1488000E+01 -.5310E+05 -.1105E+06   .9994333  .0047926 -.0333196
T 4969  1 .6509318E+07   1488000E+01 -.2193E+06  .8474E+05   .9998047 -.0175007  .0091814
T 4970  1 .6354303E+07   1488000E+01 -.3709E+05  .6742E+05   .9975706 -.0696585  .0007140
T 4971  1 .6243108E+07   1488000E+01  .3715E+06 -.4454E+06   .9951466  .0615887 -.0767475
T 4972  1 .6237350E+07   1488000E+01  .4189E+06  .3312E+06   .9995293  .0306785 -.0000263
T 4973  1 .6318891E+07   1488000E+01  .1490E+06  .2668E+06   .9990020 -.0005724  .0446622
T 4974  1 .6415457E+07   1488000E+01 -.4561E+04  .3964E+06   .9978364  .0387449  .0531173
T 4975  1 .6616153E+07   1488000E+01 -.1263E+07  .7385E+06   .9867966 -.1348099  .0897710
T 4976  1 .5796721E+07   1488000E+01  .5292E+06 -.5121E+06   .9928144  .1002251 -.0653800
T 4977  1 .6766085E+07   1488000E+01  .2676E+06 -.2049E+06   .9948715  .0770298 -.0655521
T 4978  1 .6161660E+07   1488000E+01 -.3116E+06 -.3418E+06   .9974835 -.0579869 -.0407944
T 4979  1 .6656198E+07   1488000E+01  .5754E+04  .2443E+06   .9949892  .0087084  .0996026
T 4980  1 .5858302E+07   1488000E+01 -.5717E+06  .8035E+05   .9976265 -.0606222  .0326550
T 4981  1 .6377357E+07   1488000E+01  .5828E+05 -.3372E+06   .9987257  .0060218 -.0501064
T 4982  1 .6453584E+07   1488000E+01  .9912E+06 -.1335E+07   .9852215  .1199207 -.1223012
T 4983  1 .6461930E+07   1488000E+01  .6480E+06 -.2583E+06   .9975408  .0523941 -.0465531
T 4984  1 .5866359E+07   1488000E+01  .4000E+05 -.1050E+06   .9984643  .0183660 -.0522657
T 4985  1 .6176131E+07   1488000E+01  .2284E+06 -.1940E+06   .9968442  .0706791 -.0361413
T 4986  1 .5949827E+07   1488000E+01 -.4599E+06  .3631E+06   .9296822 -.3681795 -.0116154
T 4987  1 .6294416E+07   1488000E+01 -.4726E+06 -.4343E+05   .9978949 -.0448486  .0468447
T 4988  1 .6605508E+07   1488000E+01  .2254E+06  .7988E+05   .9998305 -.0171651 -.0066586
T 4989  1 .5842261E+07   1488000E+01 -.1754E+06 -.5304E+06   .9971987 -.0190297 -.0723364
T 4990  1 .6161295E+07   1488000E+01 -.5212E+05  .8295E+06   .9953756 -.0146022  .0949433
T 4991  1 .5890019E+07   1488000E+01 -.1366E+07 -.1528E+07   .9903583 -.1211705 -.0671430
T 4992  1 .5535896E+07   1488000E+01 -.2411E+05 -.7375E+05   .9993310  .0365436 -.0014799
T 4993  1 .6255278E+07   1488000E+01  .1450E+06  .1295E+06   .9999183  .0117900 -.0049470
T 4994  1 .6496817E+07   1488000E+01  .2930E+06  .1243E+06   .9988789  .0413084  .0231191
T 4995  1 .6765819E+07   1488000E+01  .4261E+06  .3527E+06   .9956068  .0568728  .0743820
T 4996  1 .6341390E+07   1488000E+01  .3694E+06 -.4180E+06   .9997996  .0199411  .0017874
T 4997  1 .6114660E+07   1488000E+01  .4745E+06  .2218E+05   .9981925  .0337111 -.0497515
T 4998  1 .6706062E+07   1488000E+01 -.2919E+06 -.8570E+06   .9978286 -.0268192 -.0601563
T 4999  1 .6960711E+07   1488000E+01  .5576E+05 -.1546E+06   .9980983  .0173461  .0591514
T 5000  1 .6758312E+07   1488000E+01  .3478E+06  .1125E+07   .9953989  .0393313  .0873737
T 5001  1 .6740813E+07   1488000E+01  .3681E+06  .1757E+06   .9970507  .0603949  .0473530
T 5002  1 .6260199E+07   1488000E+01  .3435E+06  .2947E+06   .9985413 -.0072702  .0535011
T 5003  1 .6970580E+07   1488000E+01  .8077E+05 -.1366E+06   .9997319  .0148573 -.0177605
T 5004  1 .6500101E+07   1488000E+01 -.7437E+05 -.5679E+06   .9950191 -.0552050 -.0830029
T 5005  1 .6165074E+07   1488000E+01  .5070E+06  .6899E+06   .9978590  .0037208  .0652954
T 5006  1 .6119021E+07   1488000E+01  .1572E+06 -.1843E+06   .9978075  .0502441 -.0430777
T 5007  1 .6477288E+07   1488000E+01 -.3436E+06  .1665E+06   .9966339 -.0679743  .0458287
T 5008  1 .6040510E+07   1488000E+01  .2118E+06 -.6544E+05   .9979441  .0239486 -.0594478
T 5009  1 .6353537E+07   1488000E+01  .6251E+06  .1484E+06   .9981093  .0614645 -.0001354
T 5010  1 .6687125E+07   1488000E+01  .3437E+06 -.3403E+06   .9924662  .1182141 -.0321907
T 5011  1 .6342830E+07   1488000E+01 -.2681E+06 -.5745E+05   .9995000 -.0300887  .0097201
T 5012  1 .6734937E+07   1488000E+01 -.1269E+06 -.1960E+06   .9964564 -.0611407 -.0577623
T 5013  1 .6570582E+07   1488000E+01 -.3472E+06  .2792E+06   .9987797 -.0401499 -.0287576
T 5014  1 .6627329E+07   1488000E+01 -.1072E+06 -.5584E+06   .9985018 -.0047163 -.0545157
T 5015  1 .5531194E+07   1488000E+01  .6783E+06  .7439E+06   .9518389  .2913918  .0953599
T 5016  1 .6774126E+07   1488000E+01 -.7297E+06 -.1342E+06   .9990827 -.0423884  .0060803
T 5017  1 .5569541E+07   1488000E+01  .1859E+06  .7805E+05   .9998939  .0137103  .0049260
T 5018  1 .6084309E+07   1488000E+01  .5057E+06  .2964E+05   .9983711  .0484582  .0301154
T 5019  1 .5981995E+07   1488000E+01 -.4416E+06 -.1899E+06   .9985881 -.0520463 -.0106249
T 5020  1 .6467457E+07   1488000E+01 -.2143E+06  .6170E+06   .9629143  .0961886  .2520790
T 5021  1 .6384266E+07   1488000E+01  .2925E+06 -.3839E+06   .9992616  .0377587  .0071107
T 5022  1 .6508160E+07   1488000E+01  .1519E+06 -.3720E+06   .9995171 -.0160368 -.0266155
T 5023  1 .6214751E+07   1488000E+01 -.1571E+05 -.2012E+05   .9981847 -.0481063  .0362356
T 5024  1 .6318964E+07   1488000E+01 -.6021E+04  .4723E+06   .9983447  .0208164  .0536143
T 5025  1 .5949189E+07   1488000E+01 -.3691E+06 -.3773E+06   .9994372 -.0312096 -.0122989
T 5026  1 .6712177E+07   1488000E+01  .4735E+06 -.1983E+06   .9993266  .0366156 -.0023711
T 5027  1 .6375409E+07   1488000E+01  .2513E+06 -.3347E+06   .9967152  .0523387 -.0618025
T 5028  1 .6040449E+07   1488000E+01 -.9869E+05 -.5389E+06   .9982571 -.0431698 -.0402375
T 5029  1 .6373462E+07   1488000E+01  .3163E+06  .3531E+06   .9955956  .0784514  .0513306
T 5030  1 .6413639E+07   1488000E+01 -.6513E+05 -.4969E+06   .9952864  .0236072 -.0940622
T 5031  1 .6007994E+07   1488000E+01 -.3287E+06  .1635E+06   .9972665 -.0567188  .0473550
T 5032  1 .6354735E+07   1488000E+01 -.2466E+06  .2280E+06   .9986135 -.0522868 -.0061018
T 5033  1 .6912435E+07   1488000E+01 -.2070E+06  .1537E+06   .9999693  .0055381  .0055496
T 5034  1 .5640843E+07   1488000E+01 -.2605E+06 -.1534E+07   .8605426 -.0596393 -.5058751
T 5035  1 .6536293E+07   1488000E+01 -.2005E+06 -.2602E+06   .9973759 -.0588524 -.0421630
T 5036  1 .6641132E+07   1488000E+01  .4937E+06  .4931E+05   .9956205  .0847831 -.0393897
T 5037  1 .6550072E+07   1488000E+01 -.5620E+06 -.1882E+06   .9973753 -.0706998  .0156240
T 5038  1 .6183532E+07   1488000E+01 -.6885E+05  .1151E+06   .9998527  .0139595  .0099823
T 5039  1 .6433626E+07   1488000E+01  .2829E+06 -.1055E+06   .9971486  .0126820 -.0743899
T 5040  1 .6382443E+07   1488000E+01 -.2625E+06 -.5309E+06   .9996989 -.0244724  .0017952
T 5041  1 .6458664E+07   1488000E+01 -.1073E+06  .6962E+06   .9989438  .0137061  .0438573
T 5042  1 .5858031E+07   1488000E+01  .5843E+06 -.1632E+06   .9999803 -.0059725  .0019523
T 5043  1 .6212813E+07   1488000E+01  .1891E+06  .4098E+06   .9983571  .0477887  .0316126
T 5044  1 .6517295E+07   1488000E+01  .5256E+05  .9076E+05   .9995115  .0233392  .0207871
T 5045  1 .6917879E+07   1488000E+01  .2949E+06  .1227E+06   .9998951  .0095776  .0108694
T 5046  1 .6717898E+07   1488000E+01  .2124E+06  .6899E+06   .9936800 -.0009307  .1122463
T 5047  1 .6340745E+07   1488000E+01 -.2415E+06  .1823E+06   .9991113 -.0158311  .0390637
T 5048  1 .6513236E+07   1488000E+01  .5510E+06 -.3572E+06   .9968475  .0288780 -.0738995
T 5049  1 .7031893E+07   1488000E+01 -.6519E+05  .8826E+05   .9991489  .0331922  .0244909
T 5050  1 .6219512E+07   1488000E+01 -.3052E+06  .2113E+06   .9995719 -.0226018  .0185794
T 5051  1 .6219583E+07   1488000E+01 -.1224E+06  .6038E+06   .9990386 -.0432163  .0073582
T 5052  1 .6052551E+07   1488000E+01  .1103E+06 -.1473E+06   .9999802  .0047881 -.0040730
T 5053  1 .6132530E+07   1488000E+01 -.9199E+05  .9581E+05   .9996555  .0255342 -.0060755
T 5054  1 .6940947E+07   1488000E+01 -.4315E+06  .8220E+06   .9976808 -.0644732  .0218206
T 5055  1 .6217769E+07   1488000E+01 -.5622E+06 -.2794E+06   .9961573 -.0841728 -.0242000
T 5056  1 .6810451E+07   1488000E+01  .1166E+06 -.2755E+06   .9968173  .0371498 -.0705347
T 5057  1 .6087357E+07   1488000E+01  .4638E+06 -.5853E+06   .9930241  .1081720 -.0469247
T 5058  1 .6443760E+07   1488000E+01 -.5468E+06 -.3066E+06   .9972851 -.0680250  .0281961
T 5059  1 .6628398E+07   1488000E+01 -.1137E+06  .8464E+05   .9994073 -.0116174  .0324063
T 5060  1 .6565754E+07   1488000E+01 -.5003E+05 -.1196E+06   .9989925 -.0182092 -.0410168
T 5061  1 .5923994E+07   1488000E+01 -.1549E+07  .8121E+06   .9758639 -.2050090  .0752399
T 5062  1 .6007208E+07   1488000E+01  .3552E+05  .4715E+06   .9995743  .0215034 -.0197199
T 5063  1 .6217318E+07   1488000E+01  .8160E+05 -.2197E+06   .9998255 -.0165685  .0086277
T 5064  1 .6170501E+07   1488000E+01 -.8600E+06 -.4806E+06   .9920794 -.1164657 -.0470562
T 5065  1 .6525965E+07   1488000E+01  .6619E+05 -.5616E+05   .9989669  .0171503 -.0420822
T 5066  1 .6436692E+07   1488000E+01  .2650E+05  .3829E+06   .9995289  .0048121  .0303110
T 5067  1 .6171726E+07   1488000E+01 -.4595E+06 -.1303E+07   .9850715 -.0199183 -.1709895
T 5068  1 .6109481E+07   1488000E+01 -.3113E+06 -.2012E+06   .9989684 -.0448637 -.0070322
T 5069  1 .6451768E+07   1488000E+01 -.7830E+05  .2484E+06   .9988837 -.0083417  .0464939
T 5070  1 .6760899E+07   1488000E+01  .1391E+06  .1049E+06   .9889767  .0898290  .1177111
T 5071  1 .6732242E+07   1488000E+01 -.4823E+06 -.2159E+06   .9994695 -.0302672  .0120253
T 5072  1 .5985201E+07   1488000E+01  .4254E+06  .2731E+05   .9981838  .0370939 -.0474682
T 5073  1 .6224406E+07   1488000E+01  .2166E+06  .4366E+06   .9990785  .0246290  .0351516
T 5074  1 .6442205E+07   1488000E+01  .3937E+06 -.1816E+05   .9987654  .0150201  .0473507
T 5075  1 .6057364E+07   1488000E+01 -.2257E+06  .1002E+06   .9997972  .0201217 -.0008745
T 5076  1 .6529998E+07   1488000E+01 -.1783E+06 -.4624E+06   .9935880 -.0940263 -.0627852
T 5077  1 .6684861E+07   1488000E+01 -.1915E+05 -.4012E+06   .9974368  .0275206 -.0660482
T 5078  1 .6629902E+07   1488000E+01  .3481E+06  .3343E+06   .9997066  .0168950  .0173546
T 5079  1 .6149652E+07   1488000E+01  .1628E+06 -.2420E+06   .9982214  .0479011 -.0354909
T 5080  1 .6833662E+07   1488000E+01 -.7125E+06 -.8952E+05   .9990200 -.0417091 -.0148087
T 5081  1 .6069459E+07   1488000E+01  .1335E+06  .1252E+06   .9985308  .0486388  .0238844
T 5082  1 .6672545E+07   1488000E+01  .1948E+06  .1143E+06   .9999545 -.0048918  .0081915
T 5083  1 .6549763E+07   1488000E+01 -.2199E+06 -.2603E+06   .9972597 -.0157534 -.0722831
T 5084  1 .6652605E+07   1488000E+01  .2426E+06 -.3352E+06   .9980780  .0126181 -.0606726
T 5085  1 .6316647E+07   1488000E+01  .7757E+06  .1283E+06   .9953454  .0943121  .0198195
T 5086  1 .6229106E+07   1488000E+01 -.4009E+06  .1554E+07   .9680579 -.0135090  .2503626
T 5087  1 .6868822E+07   1488000E+01  .9065E+05  .5371E+06   .9950190 -.0066560  .0994634
T 5088  1 .6524894E+07   1488000E+01 -.5921E+06 -.3173E+06   .9984806 -.0217645 -.0506244
T 5089  1 .6552903E+07   1488000E+01 -.2593E+05 -.1341E+06   .9988422 -.0471721 -.0094391
T 5090  1 .6231674E+07   1488000E+01  .2088E+06  .1235E+06   .9988513  .0408392  .0250654
T 5091  1 .6341812E+07   1488000E+01  .1388E+06  .1600E+06   .9987233 -.0013061  .0504986
T 5092  1 .6568736E+07   1488000E+01 -.1261E+06  .4378E+06   .9990321 -.0250670  .0361446
T 5093  1 .6523903E+07   1488000E+01  .4874E+05  .5769E+06   .9956317  .0270090  .0893753
T 5094  1 .6656353E+07   1488000E+01  .8426E+04 -.1773E+06   .9933249 -.0585441 -.0993890
T 5095  1 .5633846E+07   1488000E+01  .1086E+04 -.1081E+06   .9982617  .0233885 -.0540984
T 5096  1 .6587072E+07   1488000E+01 -.5525E+05  .9181E+05   .9991243 -.0399562  .0124160
T 5097  1 .6623914E+07   1488000E+01  .1514E+06  .1191E+06   .9993382  .0281571  .0230284
T 5098  1 .6480243E+07   1488000E+01  .2559E+06 -.1687E+06   .9984572  .0535511  .0146810
T 5099  1 .6091860E+07   1488000E+01 -.4699E+06 -.4492E+06   .9989908 -.0341744 -.0291464
T 5100  1 .5727023E+07   1488000E+01  .3100E+06 -.1953E+04   .9980836  .0618676 -.0012380
T 5101  1 .6200041E+07   1488000E+01 -.4713E+06  .4165E+06   .9959130 -.0092873  .0898389
T 5102  1 .6308142E+07   1488000E+01 -.8041E+05  .6944E+06   .9981058 -.0572751  .0224582
T 5103  1 .6157120E+07   1488000E+01  .1918E+06  .6532E+06   .9978051 -.0115072  .0652111
T 5104  1 .6430736E+07   1488000E+01 -.6596E+06 -.2304E+06   .9959023 -.0499495  .0753902
T 5105  1 .6224728E+07   1488000E+01 -.1489E+06 -.6245E+06   .9943680  .0458995 -.0955281
T 5106  1 .6792795E+07   1488000E+01 -.3979E+04 -.7521E+06   .9957377  .0463080 -.0797623
T 5107  1 .6705683E+07   1488000E+01 -.4651E+06 -.2857E+05   .9943439 -.0940486 -.0493462
T 5108  1 .6410150E+07   1488000E+01  .5924E+06  .4954E+06   .9911012  .1254918  .0443869
T 5109  1 .6167706E+07   1488000E+01 -.4116E+06  .1463E+05   .9996777 -.0223329  .0120690
T 5110  1 .6059958E+07   1488000E+01 -.1363E+06  .1173E+06   .9994856 -.0168025  .0273185
T 5111  1 .6669028E+07   1488000E+01  .2996E+05 -.1448E+04   .9985603 -.0153295 -.0514030
T 5112  1 .6129454E+07   1488000E+01 -.6419E+06  .2469E+05   .9989188 -.0405720 -.0226986
T 5113  1 .6476981E+07   1488000E+01  .3442E+06 -.1484E+06   .9973808  .0542935 -.0477891
T 5114  1 .6582538E+07   1488000E+01  .5761E+05 -.6891E+05   .9987983 -.0467877  .0145927
T 5115  1 .6895333E+07   1488000E+01 -.1648E+05 -.4189E+06   .9963520 -.0164735 -.0837331
T 5116  1 .5943514E+07   1488000E+01 -.5726E+06  .4317E+06   .9985205 -.0216774  .0498684
T 5117  1 .6582900E+07   1488000E+01 -.2408E+06 -.2581E+05   .9983001 -.0181231  .0553936
T 5118  1 .6609180E+07   1488000E+01  .1048E+06  .1145E+04   .9999952 -.0025025  .0018341
T 5119  1 .6232379E+07   1488000E+01  .5852E+05  .2472E+05   .9988022  .0421263  .0248917
T 5120  1 .6178895E+07   1488000E+01  .2826E+05 -.3329E+06   .9994089 -.0120527 -.0321953
T 5121  1 .6336683E+07   1488000E+01 -.2060E+06 -.3114E+06   .9980478 -.0617365  .0094404
T 5122  1 .6386276E+07   1488000E+01 -.2978E+06 -.8073E+06   .9840697 -.0505890 -.1704337
T 5123  1 .5455499E+07   1488000E+01  .4499E+06  .1329E+06   .9975243  .0674660 -.0198375
T 5124  1 .6714496E+07   1488000E+01 -.4216E+05 -.3016E+05   .9985367  .0106356 -.0530226
T 5125  1 .6610671E+07   1488000E+01 -.3836E+06 -.3829E+06   .9939619 -.0626528 -.0900799
T 5126  1 .6646196E+07   1488000E+01  .5978E+06 -.1324E+06   .9962873  .0631657 -.0584959
T 5127  1 .6919643E+07   1488000E+01 -.1100E+06  .3820E+06   .9932606  .0719546 -.0908625
T 5128  1 .6086101E+07   1488000E+01 -.4286E+06 -.1575E+04   .9961447 -.0803349 -.0352428
T 5129  1 .6782760E+07   1488000E+01  .3617E+04  .8160E+05   .9977524  .0670032 -.0008565
T 5130  1 .6938833E+07   1488000E+01 -.5061E+05  .8604E+06   .9901997  .0211640  .1380459
T 5131  1 .5816748E+07   1488000E+01  .2896E+06  .8382E+06   .9983716  .0204174  .0532670
T 5132  1 .6153393E+07   1488000E+01 -.9651E+06 -.2841E+06   .9809297 -.1940733  .0106019
T 5133  1 .6543424E+07   1488000E+01 -.5140E+06 -.7868E+05   .9989429 -.0207669 -.0410104
T 5134  1 .6665367E+07   1488000E+01  .4377E+06 -.3331E+06   .9995087  .0176564 -.0258956
T 5135  1 .7226205E+07   1488000E+01 -.2599E+06 -.1489E+05   .9985155 -.0541195  .0061527
T 5136  1 .6392836E+07   1488000E+01 -.1680E+05  .1112E+06   .9985170 -.0473436 -.0268786
T 5137  1 .6791081E+07   1488000E+01 -.3549E+06  .5155E+05   .9961132 -.0880821  .0002530
T 5138  1 .6856995E+07   1488000E+01  .5047E+05  .1344E+06   .9940624  .0457977  .0987039
T 5139  1 .6291365E+07   1488000E+01 -.1775E+06  .1841E+06   .9997698 -.0036196 -.0211485
T 5140  1 .6625712E+07   1488000E+01 -.4990E+06  .7049E+06   .9944269 -.0816993  .0666366
T 5141  1 .6422752E+07   1488000E+01 -.3402E+06  .4717E+06   .9872661 -.1206011  .1037350
T 5142  1 .6757432E+07   1488000E+01  .4311E+06  .3411E+06   .9965049  .0787921  .0277448
T 5143  1 .6352419E+07   1488000E+01  .6060E+06 -.3156E+06   .9925947  .0477074 -.1117126
T 5144  1 .5918499E+07   1488000E+01  .4119E+06  .5423E+06   .9951718  .0737283  .0647858
T 5145  1 .5871750E+07   1488000E+01 -.3580E+06 -.5564E+06   .9918426  .0120219 -.1269006
T 5146  1 .6402947E+07   1488000E+01  .8277E+05 -.2499E+06   .9999217 -.0124627 -.0011155
T 5147  1 .7097740E+07   1488000E+01  .4890E+06  .1005E+06   .9984188  .0503985 -.0248980
T 5148  1 .6583541E+07   1488000E+01 -.2693E+05  .1155E+06   .9996021 -.0278423 -.0045121
T 5149  1 .6455508E+07   1488000E+01 -.5220E+06 -.1167E+07   .9753785 -.0011999 -.2205342
T 5150  1 .6915880E+07   1488000E+01  .8288E+05  .5988E+06   .9960527 -.0318984  .0828339
T 5151  1 .6555691E+07   1488000E+01 -.1473E+06 -.1092E+06   .9992775  .0135236 -.0355186
T 5152  1 .6169129E+07   1488000E+01  .5220E+06 -.1431E+06   .9966746  .0379909 -.0720864
T 5153  1 .6267701E+07   1488000E+01 -.2416E+06  .1033E+06   .9977390  .0499091  .0450118
T 5154  1 .6725692E+07   1488000E+01 -.8295E+05 -.9186E+06   .9969377 -.0159448 -.0765567
T 5155  1 .6342069E+07   1488000E+01 -.2950E+06  .3669E+06   .9957629 -.0525009  .0754972
T 5156  1 .5654315E+07   1488000E+01  .5010E+06 -.2723E+06   .9962010  .0473803 -.0730667
T 5157  1 .6778010E+07   1488000E+01  .1100E+06  .4760E+06   .9989035  .0432326  .0179658
T 5158  1 .6374045E+07   1488000E+01  .7507E+06 -.4844E+06   .9847858  .1260698 -.1195969
T 5159  1 .6413380E+07   1488000E+01 -.4459E+06  .1679E+05   .9978427 -.0393330 -.0525620
T 5160  1 .6986286E+07   1488000E+01  .3583E+06  .2477E+06   .9843157  .1630710  .0673080
T 5161  1 .6685720E+07   1488000E+01 -.2869E+06  .1660E+05   .9998019 -.0143256 -.0138215
T 5162  1 .7030974E+07   1488000E+01 -.1509E+06  .7150E+06   .9964396  .0244272  .0806938
T 5163  1 .6443015E+07   1488000E+01 -.1232E+06  .3636E+06   .9999626  .0007083  .0086218
T 5164  1 .6357353E+07   1488000E+01 -.2556E+06 -.1089E+06   .9984003 -.0180977 -.0535658
T 5165  1 .6623571E+07   1488000E+01 -.3813E+05 -.5759E+06   .9964231 -.0499530 -.0681599
T 5166  1 .6080164E+07   1488000E+01  .5887E+06 -.3378E+02   .9955159  .0606549 -.0725889
T 5167  1 .6526918E+07   1488000E+01  .2808E+05 -.1445E+06   .9996591 -.0259027 -.0032695
T 5168  1 .6219351E+07   1488000E+01 -.3127E+06  .2099E+06   .9975466 -.0700034  .0005497
T 5169  1 .6493433E+07   1488000E+01  .6598E+06 -.5696E+06   .9959920  .0670291 -.0592207
T 5170  1 .6571533E+07   1488000E+01 -.5425E+05  .5424E+05   .9990055 -.0005846  .0445824
T 5171  1 .6142033E+07   1488000E+01  .1958E+06  .4460E+06   .9988330  .0265512  .0403449
T 5172  1 .5989325E+07   1488000E+01  .3804E+06 -.8846E+06   .9952420  .0762005 -.0607195
T 5173  1 .6465396E+07   1488000E+01 -.1732E+06 -.1017E+06   .9989340  .0027720 -.0460789
T 5174  1 .6602870E+07   1488000E+01 -.3051E+06  .5156E+06   .9973805 -.0056976  .0721090
T 5175  1 .6217773E+07   1488000E+01 -.2412E+06 -.8867E+05   .9984931 -.0548781 -.0000123
T 5176  1 .6636443E+07   1488000E+01 -.2734E+06 -.1702E+06   .9983375 -.0571018  .0078487
T 5177  1 .6526005E+07   1488000E+01 -.8645E+05 -.2503E+06   .9981401 -.0192564 -.0578410
T 5178  1 .6312221E+07   1488000E+01  .4135E+06 -.1005E+06   .9975489  .0436061  .0547245
T 5179  1 .7245333E+07   1488000E+01 -.1273E+06 -.3312E+06   .9996500 -.0145173 -.0221167
T 5180  1 .5880935E+07   1488000E+01  .6091E+06 -.6910E+06   .9748298  .1421918 -.1717215
T 5181  1 .6241172E+07   1488000E+01 -.6680E+05  .3458E+06   .9960976 -.0376704  .0798151
T 5182  1 .6100686E+07   1488000E+01 -.6126E+05  .5258E+06   .9957335  .0316820  .0866657
T 5183  1 .6263847E+07   1488000E+01  .1237E+05 -.1488E+06   .9999035 -.0105131  .0090772
T 5184  1 .6183012E+07   1488000E+01  .6911E+05  .2942E+06   .9991996  .0387810 -.0098115
T 5185  1 .6024887E+07   1488000E+01  .1778E+06 -.8667E+05   .9988369  .0367562  .0312061
T 5186  1 .6652799E+07   1488000E+01 -.2135E+03  .1856E+06   .9998357  .0150883 -.0100470
T 5187  1 .6166366E+07   1488000E+01 -.1257E+06 -.2064E+05   .9987076 -.0054223  .0505344
T 5188  1 .6404979E+07   1488000E+01 -.1628E+06 -.1996E+06   .9983880 -.0292584 -.0486356
T 5189  1 .6555554E+07   1488000E+01 -.2809E+05  .6183E+05   .9988324 -.0482992  .0010201
T 5190  1 .6571144E+07   1488000E+01 -.3294E+06 -.2650E+06   .9945689 -.0343362 -.0982534
T 5191  1 .6826749E+07   1488000E+01 -.4646E+05  .5722E+05   .9997894  .0204613 -.0015865
T 5192  1 .6830603E+07   1488000E+01 -.3185E+06  .7702E+05   .9973509 -.0724285  .0067251
T 5193  1 .6338504E+07   1488000E+01  .1294E+06 -.4626E+06   .9984899 -.0068322 -.0545093
T 5194  1 .5904306E+07   1488000E+01 -.1808E+06 -.3604E+06   .9965414 -.0271284 -.0785443
T 5195  1 .6644146E+07   1488000E+01 -.4207E+06 -.1577E+06   .9976005 -.0527587 -.0448294
T 5196  1 .6893606E+07   1488000E+01 -.4490E+06  .3026E+05   .9969572 -.0774651 -.0086934
T 5197  1 .5913447E+07   1488000E+01 -.1854E+06 -.7778E+06   .9967912  .0233816 -.0765545
T 5198  1 .6473856E+07   1488000E+01  .6860E+06  .1226E+06   .9957367  .0861985  .0328360
T 5199  1 .6749536E+07   1488000E+01 -.4276E+06  .2096E+06   .9945433 -.0908697  .0512473
T 5200  1 .6027255E+07   1488000E+01  .6049E+05 -.6507E+06   .9920102  .0511769 -.1153111
T 5201  1 .7049059E+07   1488000E+01 -.1854E+06  .1048E+06   .9993358 -.0257571  .0257766
T 5202  1 .6879091E+07   1488000E+01  .2918E+06  .5002E+06   .9974021  .0157597  .0702905
T 5203  1 .6354997E+07   1488000E+01 -.1160E+06  .3844E+06   .9957719 -.0410782  .0821634
T 5204  1 .6855637E+07   1488000E+01  .3854E+06  .2214E+06   .9976702  .0653980  .0194255
T 5205  1 .6383374E+07   1488000E+01  .9399E+05 -.9446E+06   .9934114 -.0464920 -.1047486
T 5206  1 .6483726E+07   1488000E+01 -.1223E+06  .4603E+06   .9938808 -.0185393  .1088910
T 5207  1 .6042105E+07   1488000E+01 -.3261E+06 -.7730E+06   .9925854  .0143617 -.1206976
T 5208  1 .6106413E+07   1488000E+01 -.1435E+06 -.7079E+06   .9959318  .0382982 -.0815669
T 5209  1 .6754439E+07   1488000E+01 -.5959E+05  .4606E+06   .9966126  .0184621  .0801404
T 5210  1 .6311335E+07   1488000E+01 -.4654E+05  .2415E+06   .9976815  .0176780  .0657205
T 5211  1 .6292526E+07   1488000E+01  .1695E+06 -.2169E+06   .9960440  .0631713 -.0624960
T 5212  1 .6504684E+07   1488000E+01  .5347E+06 -.1451E+06   .9769312  .2072707  .0514229
T 5213  1 .6132447E+07   1488000E+01  .5653E+06  .4305E+05   .9908435  .1248141  .0514846
T 5214  1 .6659602E+07   1488000E+01 -.2225E+06 -.4764E+06   .9937642 -.0637102 -.0915078
T 5215  1 .6380246E+07   1488000E+01  .1514E+06 -.2174E+06   .9996171  .0162144 -.0224216
T 5216  1 .6704025E+07   1488000E+01  .6963E+06  .5753E+06   .9917510  .0986207  .0818776
T 5217  1 .6463345E+07   1488000E+01  .1346E+06 -.1972E+06   .9969327  .0766730 -.0156982
T 5218  1 .6307106E+07   1488000E+01 -.8688E+05  .1706E+06   .9993782 -.0118634  .0332049
T 5219  1 .6617402E+07   1488000E+01 -.9590E+05  .4024E+05   .9981737 -.0477849 -.0369577
T 5220  1 .6740620E+07   1488000E+01  .2652E+06 -.1786E+06   .9982905  .0529156  .0248188
T 5221  1 .6114012E+07   1488000E+01 -.1537E+06 -.3243E+06   .9977499  .0667668 -.0061062
T 5222  1 .6062736E+07   1488000E+01  .1973E+06 -.1214E+06   .9988256  .0436646 -.0209941
T 5223  1 .6781936E+07   1488000E+01 -.3085E+06  .9519E+05   .9947232 -.0565275  .0856173
T 5224  1 .5854360E+07   1488000E+01 -.1601E+06  .2871E+06   .9993446 -.0361946 -.0005585
T 5225  1 .5985609E+07   1488000E+01  .4070E+06  .1394E+06   .9998936  .0110244 -.0095492
T 5226  1 .6240576E+07   1488000E+01 -.4026E+06  .2352E+06   .9937355 -.0570209  .0961165
T 5227  1 .6751612E+07   1488000E+01  .4133E+06  .2174E+06   .9976690  .0443912 -.0518263
T 5228  1 .7046082E+07   1488000E+01 -.9135E+05 -.6541E+05   .9997964 -.0197203 -.0042797
T 5229  1 .6328866E+07   1488000E+01 -.6339E+05 -.1238E+05   .9984475 -.0396428  .0391282
T 5230  1 .6634097E+07   1488000E+01 -.8014E+05  .6826E+05   .9998609 -.0157346 -.0055275
T 5231  1 .6140462E+07   1488000E+01  .2394E+06 -.2257E+06   .9963261  .0856030 -.0025464
T 5232  1 .6051675E+07   1488000E+01  .2205E+05 -.3961E+05   .9997842 -.0197339 -.0064900
T 5233  1 .6249353E+07   1488000E+01 -.4136E+05 -.1022E+07   .9954780 -.0201575 -.0928287
T 5234  1 .6520880E+07   1488000E+01 -.1052E+06  .1869E+06   .9979641 -.0408157  .0490068
T 5235  1 .6735619E+07   1488000E+01  .1709E+06  .6061E+05   .9988139 -.0066563  .0482329
T 5236  1 .5676477E+07   1488000E+01 -.2975E+06  .3639E+06   .9980306 -.0495675  .0384448
T 5237  1 .6458502E+07   1488000E+01 -.4525E+06  .2372E+06   .9994102 -.0141038  .0313095
T 5238  1 .6193316E+07   1488000E+01 -.1688E+06 -.7159E+06   .9927376 -.0194037 -.1187245
T 5239  1 .6204172E+07   1488000E+01  .1816E+06  .4941E+06   .9996703 -.0069971  .0247045
T 5240  1 .6260040E+07   1488000E+01 -.4345E+06 -.1848E+06   .9936799  .1032534  .0440332
T 5241  1 .6744360E+07   1488000E+01  .4489E+06  .3623E+06   .9951778  .0122196  .0973237
T 5242  1 .6662464E+07   1488000E+01 -.7964E+05  .4505E+06   .9985546 -.0330998  .0423456
T 5243  1 .6577520E+07   1488000E+01  .1384E+06 -.6015E+06   .9988777  .0393086 -.0264218
T 5244  1 .7190196E+07   1488000E+01  .3517E+06 -.5117E+06   .9950075  .0782836 -.0619007
T 5245  1 .6372270E+07   1488000E+01 -.4722E+04 -.5239E+06   .9962772 -.0230984 -.0830556
T 5246  1 .6368692E+07   1488000E+01  .4863E+06  .5465E+06   .9778773  .1060682  .1802930
T 5247  1 .6347205E+07   1488000E+01 -.1204E+04 -.1799E+06   .9977903 -.0357750 -.0559877
T 5248  1 .6142315E+07   1488000E+01 -.1278E+06  .7441E+06   .9949909  .0109154  .0993682
T 5249  1 .6620975E+07   1488000E+01 -.5241E+06  .3550E+06   .9933303 -.1151819 -.0052983
T 5250  1 .6741857E+07   1488000E+01 -.4430E+06 -.6066E+05   .9928123 -.1073928 -.0528252
T 5251  1 .6441336E+07   1488000E+01  .3257E+06 -.1840E+06   .9997557  .0183291  .0123562
T 5252  1 .6671887E+07   1488000E+01 -.1695E+06 -.1878E+06   .9985790 -.0513366 -.0142990
T 5253  1 .6151926E+07   1488000E+01  .3424E+05 -.3044E+06   .9792030 -.1061459 -.1729002
T 5254  1 .6626254E+07   1488000E+01 -.1579E+06  .2692E+06   .9979867 -.0302978  .0557183
T 5255  1 .6495862E+07   1488000E+01  .1529E+06 -.2376E+06   .9991440 -.0274051  .0309872
T 5256  1 .6201682E+07   1488000E+01  .7773E+06 -.2207E+06   .9939157  .1092167 -.0142579
T 5257  1 .6315963E+07   1488000E+01  .4001E+06  .4845E+06   .9968278  .0789936 -.0097127
T 5258  1 .6548393E+07   1488000E+01 -.3673E+06  .2366E+06   .9996903  .0212340  .0129788
T 5259  1 .6141913E+07   1488000E+01 -.7732E+06 -.4969E+05   .9943245 -.1028306  .0272893
T 5260  1 .6447411E+07   1488000E+01  .1341E+05 -.3383E+04   .9990338 -.0227039  .0376302
T 5261  1 .6562291E+07   1488000E+01  .1344E+06 -.4551E+05   .9997948 -.0064918  .0191900
T 5262  1 .6077733E+07   1488000E+01  .1212E+05 -.2835E+06   .9994383  .0298347  .0152628
T 5263  1 .6234000E+07   1488000E+01  .4368E+06  .2052E+06   .9968928  .0381358  .0689238
T 5264  1 .6815405E+07   1488000E+01 -.1875E+06 -.2490E+06   .9982418 -.0452071 -.0383351
T 5265  1 .6493864E+07   1488000E+01 -.2426E+06  .3016E+06   .9953735 -.0323458  .0904728
T 5266  1 .6506373E+07   1488000E+01 -.7171E+05  .1835E+06   .9983655  .0564227  .0091024
T 5267  1 .6173963E+07   1488000E+01  .3122E+06  .1025E+06   .9929486  .1090083  .0465854
T 5268  1 .6354902E+07   1488000E+01 -.2887E+06 -.3021E+06   .9938002 -.0703996 -.0860523
T 5269  1 .6282666E+07   1488000E+01 -.2277E+06  .1485E+06   .9984115 -.0392784  .0403946
T 5270  1 .6328620E+07   1488000E+01 -.3378E+06 -.2711E+06   .9987133 -.0246160 -.0443385
T 5271  1 .6317455E+07   1488000E+01 -.4946E+05 -.1096E+06   .9999059  .0102531  .0091166
T 5272  1 .5860801E+07   1488000E+01  .2111E+06  .2337E+06   .9984413  .0477928  .0288228
T 5273  1 .6315338E+07   1488000E+01 -.5900E+05 -.3722E+06   .9996860 -.0244270 -.0055836
T 5274  1 .6223073E+07   1488000E+01  .4781E+06 -.1929E+06   .9987329  .0467724 -.0185731
T 5275  1 .6382036E+07   1488000E+01  .2295E+05 -.2166E+06   .9965198  .0324647 -.0767751
T 5276  1 .6167346E+07   1488000E+01  .3052E+06 -.5266E+06   .9957176  .0679074 -.0627296
T 5277  1 .6702493E+07   1488000E+01 -.6775E+05 -.2231E+06   .9989865 -.0130211 -.0430857
T 5278  1 .6283127E+07   1488000E+01  .1164E+06 -.2668E+06   .9952644  .0793828 -.0560992
T 5279  1 .6250284E+07   1488000E+01 -.6821E+05 -.5740E+05   .9997440 -.0226205 -.0005559
T 5280  1 .6558494E+07   1488000E+01 -.9820E+05 -.5778E+06   .9988946  .0244386 -.0401530
T 5281  1 .6993503E+07   1488000E+01 -.3160E+06 -.1562E+06   .9993478 -.0278293 -.0230103
T 5282  1 .5979012E+07   1488000E+01  .1992E+06  .1105E+06   .9989404  .0434617  .0151400
T 5283  1 .6795608E+07   1488000E+01  .1937E+06  .2009E+06   .9979814  .0446839  .0451284
T 5284  1 .6450954E+07   1488000E+01 -.1147E+06  .2164E+07   .9730263  .0301426  .2287164
T 5285  1 .6569810E+07   1488000E+01  .4814E+06  .1822E+06   .9979584  .0500573  .0396637
T 5286  1 .5888051E+07   1488000E+01 -.2211E+06 -.4627E+06   .9969571  .0229230 -.0745056
T 5287  1 .6385998E+07   1488000E+01 -.2579E+06  .2444E+06   .9955551 -.0864825  .0372936
T 5288  1 .5965212E+07   1488000E+01  .2364E+06  .1277E+06   .9940028  .1093338  .0021377
T 5289  1 .6415852E+07   1488000E+01 -.2987E+05 -.2385E+06   .9960910  .0347008 -.0812312
T 5290  1 .6298028E+07   1488000E+01  .3922E+06 -.2027E+06   .9991745  .0239184 -.0328359
T 5291  1 .6195415E+07   1488000E+01  .5154E+06  .3318E+06   .9984979  .0268742  .0477463
T 5292  1 .6006220E+07   1488000E+01  .3298E+06  .6452E+04   .9994997  .0289190  .0128057
T 5293  1 .6174527E+07   1488000E+01  .3114E+06  .4377E+06   .9815976  .0513733  .1839212
T 5294  1 .6480386E+07   1488000E+01 -.3476E+06  .4747E+06   .9942161 -.0864630  .0637062
T 5295  1 .5815225E+07   1488000E+01 -.5905E+06 -.6237E+05   .9973582 -.0662404 -.0298138
T 5296  1 .6424884E+07   1488000E+01 -.6407E+06 -.3256E+06   .9958348 -.0908390  .0078349
T 5297  1 .6323801E+07   1488000E+01 -.2199E+06 -.2670E+05   .9986986 -.0192994 -.0472077
T 5298  1 .6453935E+07   1488000E+01  .2384E+06 -.1334E+06   .9989091  .0405472 -.0231633
T 5299  1 .6278194E+07   1488000E+01 -.3220E+06  .7481E+06   .9908356 -.0870089  .1033159
T 5300  1 .6295307E+07   1488000E+01  .2452E+06  .1996E+06   .9980188  .0628486  .0029319
T 5301  1 .6260937E+07   1488000E+01  .4598E+06  .8048E+06   .9956229  .0556440  .0750920
T 5302  1 .5925950E+07   1488000E+01 -.5140E+06 -.1796E+06   .9949520 -.0632511 -.0779092
T 5303  1 .5995504E+07   1488000E+01  .2023E+06  .3308E+06   .9992861  .0094791  .0365701
T 5304  1 .6592087E+07   1488000E+01  .3852E+06  .2762E+06   .9983268  .0564788  .0124034
T 5305  1 .6630764E+07   1488000E+01  .5570E+06 -.3066E+06   .9997825  .0202580  .0049471
T 5306  1 .6534252E+07   1488000E+01  .3115E+06  .6135E+06   .9949204  .0447659  .0901635
T 5307  1 .6653378E+07   1488000E+01  .5833E+06 -.1422E+06   .9976935  .0677955 -.0033835
T 5308  1 .6401679E+07   1488000E+01 -.1394E+06 -.1410E+06   .9990322  .0001917 -.0439853
T 5309  1 .6724213E+07   1488000E+01 -.4886E+06  .2943E+05   .9993597 -.0354907  .0045423
T 5310  1 .6305932E+07   1488000E+01  .1330E+06  .1962E+06   .9997817  .0133400  .0160800
T 5311  1 .6433958E+07   1488000E+01  .5262E+06  .5216E+05   .9972076  .0735201 -.0131058
T 5312  1 .6134882E+07   1488000E+01  .1046E+06 -.2459E+06   .9995927  .0173402 -.0226680
T 5313  1 .6485859E+07   1488000E+01 -.2951E+06 -.8889E+05   .9986034 -.0470246  .0240801
T 5314  1 .6671225E+07   1488000E+01 -.1201E+06 -.5652E+05   .9990454 -.0399065  .0177690
T 5315  1 .5919191E+07   1488000E+01 -.1492E+06  .1603E+06   .9979563 -.0090776  .0632525
T 5316  1 .5920457E+07   1488000E+01  .4342E+06 -.1019E+07   .9880425 -.0215554 -.1526677
T 5317  1 .6432463E+07   1488000E+01 -.7706E+05 -.1456E+06   .9998425  .0154805 -.0086830
T 5318  1 .6632309E+07   1488000E+01 -.4727E+06  .3521E+06   .9991661  .0005840  .0408269
T 5319  1 .6596192E+07   1488000E+01 -.5573E+05 -.4159E+06   .9979177 -.0102240 -.0636851
T 5320  1 .6009300E+07   1488000E+01 -.1840E+06 -.6603E+05   .9972846 -.0516360  .0525083
T 5321  1 .6246832E+07   1488000E+01  .5713E+05  .2633E+06   .9998937 -.0133259 -.0059225
T 5322  1 .6390287E+07   1488000E+01 -.1961E+06  .3183E+05   .9998812 -.0137898 -.0068921
T 5323  1 .6257882E+07   1488000E+01  .1160E+07 -.4322E+06   .9951565  .0979734  .0080440
T 5324  1 .6275875E+07   1488000E+01 -.7687E+06 -.7935E+05   .9981637 -.0579135 -.0177568
T 5325  1 .5963462E+07   1488000E+01 -.2984E+05 -.1854E+06   .9956603 -.0834216  .0412472
T 5326  1 .6437314E+07   1488000E+01 -.1985E+06 -.3719E+06   .9974826 -.0387989 -.0593565
T 5327  1 .6260124E+07   1488000E+01 -.3471E+06 -.2045E+06   .9976967 -.0300565 -.0608096
T 5328  1 .6745558E+07   1488000E+01  .1912E+06  .2812E+06   .9964926  .0628149  .0552876
T 5329  1 .6509705E+07   1488000E+01  .2915E+06 -.1852E+06   .9980411  .0620281 -.0081542
T 5330  1 .6646136E+07   1488000E+01 -.3885E+06  .2580E+06   .9977457 -.0639192 -.0204422
T 5331  1 .6201615E+07   1488000E+01  .5569E+05 -.2388E+06   .9998946  .0072236 -.0125944
T 5332  1 .6470597E+07   1488000E+01 -.7741E+06  .7647E+05   .9968391 -.0770135  .0195118
T 5333  1 .6884526E+07   1488000E+01 -.5140E+06 -.2067E+06   .9907513 -.0981151 -.0937302
T 5334  1 .6769842E+07   1488000E+01 -.5971E+06 -.1667E+06   .9966277 -.0817668 -.0068878
T 5335  1 .6191074E+07   1488000E+01 -.2566E+05 -.1553E+06   .9990777  .0311945 -.0295060
T 5336  1 .6420759E+07   1488000E+01 -.6319E+06 -.7164E+05   .9991925  .0349221  .0198692
T 5337  1 .6977336E+07   1488000E+01 -.1929E+06 -.3695E+06   .9952029 -.0493442 -.0844767
T 5338  1 .6229581E+07   1488000E+01  .6007E+05  .5061E+05   .9940894  .0020201 -.1085454
T 5339  1 .6941995E+07   1488000E+01  .6672E+05 -.1813E+06   .9987206  .0485998 -.0139693
T 5340  1 .6534273E+07   1488000E+01 -.4814E+06  .4488E+05   .9971981 -.0685102 -.0300382
T 5341  1 .6523096E+07   1488000E+01  .3622E+06  .6826E+06   .9941820  .0985075  .0435697
T 5342  1 .5683369E+07   1488000E+01 -.5507E+06  .3126E+06   .9991438 -.0347557  .0224427
T 5343  1 .6484113E+07   1488000E+01  .7336E+05  .3478E+03   .9998026  .0131186 -.0149235
T 5344  1 .6846469E+07   1488000E+01 -.1344E+07 -.2974E+06   .9694476 -.2452314 -.0057357
T 5345  1 .6685356E+07   1488000E+01  .4914E+06  .1628E+06   .9996751  .0227677 -.0114595
T 5346  1 .6460875E+07   1488000E+01  .2725E+05  .3213E+06   .9963500  .0002217  .0853616
T 5347  1 .6483173E+07   1488000E+01 -.3204E+06  .9092E+04   .9924926 -.1194267  .0263778
T 5348  1 .6180633E+07   1488000E+01  .1564E+05 -.4746E+06   .9997436  .0186393 -.0128593
T 5349  1 .6172401E+07   1488000E+01 -.4156E+06 -.6729E+06   .8832081 -.1966232 -.4257731
T 5350  1 .6119207E+07   1488000E+01 -.5831E+06  .3547E+06   .9973926 -.0708597  .0136706
T 5351  1 .7218741E+07   1488000E+01 -.4733E+06 -.2564E+06   .9932100 -.1028490 -.0543683
T 5352  1 .6008544E+07   1488000E+01  .2391E+06 -.2072E+06   .9991799  .0336010  .0225928
T 5353  1 .6444963E+07   1488000E+01 -.2209E+06  .3250E+06   .9997595 -.0212898  .0052586
T 5354  1 .6099557E+07   1488000E+01  .1411E+06  .5318E+06   .9954196  .0202407  .0934347
T 5355  1 .6726250E+07   1488000E+01  .7052E+05  .4198E+06   .9981966  .0218344  .0559174
T 5356  1 .6633337E+07   1488000E+01 -.2068E+06  .2435E+06   .9979742 -.0305367  .0558127
T 5357  1 .6901683E+07   1488000E+01 -.6132E+05 -.2831E+06   .9981097 -.0491943 -.0368367
T 5358  1 .5791106E+07   1488000E+01 -.4005E+05 -.1116E+06   .9990168 -.0437020  .0074568
T 5359  1 .6543721E+07   1488000E+01 -.3062E+06  .1090E+06   .9969656 -.0511835  .0586503
T 5360  1 .6677924E+07   1488000E+01  .3169E+06 -.2349E+06   .9998384 -.0093352  .0153628
T 5361  1 .6375039E+07   1488000E+01 -.4034E+06  .1664E+06   .9993978 -.0190401  .0290098
T 5362  1 .6214458E+07   1488000E+01 -.2133E+06  .5807E+05   .9991795 -.0397318 -.0078595
T 5363  1 .6661656E+07   1488000E+01 -.2188E+06  .3499E+05   .9968800 -.0762136  .0205374
T 5364  1 .6361669E+07   1488000E+01 -.6449E+05 -.1945E+06   .9982686  .0555848 -.0192408
T 5365  1 .6544879E+07   1488000E+01 -.7572E+06  .1069E+07   .9856011 -.1007948  .1357607
T 5366  1 .6532988E+07   1488000E+01 -.8178E+06 -.3005E+06   .9961513 -.0857353 -.0182214
T 5367  1 .6656686E+07   1488000E+01  .7970E+05 -.2243E+05   .9996529 -.0193612  .0178660
T 5368  1 .6262380E+07   1488000E+01  .1913E+06  .2639E+04   .9973605  .0047774  .0724513
T 5369  1 .6743488E+07   1488000E+01 -.2088E+06  .1452E+06   .9991574 -.0398605  .0097795
T 5370  1 .6829392E+07   1488000E+01 -.1538E+07  .1161E+07   .9757034 -.1965681  .0967665
T 5371  1 .6332320E+07   1488000E+01  .3580E+06  .1372E+06   .9910283  .0946361  .0943763
T 5372  1 .6101124E+07   1488000E+01  .3316E+06  .1135E+06   .9996771  .0202140  .0153979
T 5373  1 .5999245E+07   1488000E+01 -.1164E+07 -.2926E+06   .9880683 -.1527903 -.0193938
T 5374  1 .6295021E+07   1488000E+01 -.2648E+06  .7423E+04   .9962465 -.0865565  .0009552
T 5375  1 .6352533E+07   1488000E+01 -.5006E+06  .6068E+06   .9970132 -.0548170  .0544047
T 5376  1 .6509911E+07   1488000E+01  .2769E+06 -.4292E+06   .9984248  .0266606 -.0493674
T 5377  1 .6413310E+07   1488000E+01  .9553E+04  .1158E+06   .9999481 -.0038409  .0094370
T 5378  1 .5932544E+07   1488000E+01  .2432E+06  .4924E+05   .9988614  .0379338 -.0289284
T 5379  1 .6485360E+07   1488000E+01 -.1986E+06 -.1389E+06   .9988649 -.0462838  .0112581
T 5380  1 .6229381E+07   1488000E+01  .2719E+06  .7296E+05   .9990662  .0270844  .0336619
T 5381  1 .6737836E+07   1488000E+01 -.1470E+06 -.1053E+06   .9998536 -.0134064  .0106340
T 5382  1 .6318901E+07   1488000E+01  .2099E+06  .1989E+06   .9994531 -.0274229  .0184769
T 5383  1 .6041081E+07   1488000E+01 -.4301E+06  .4810E+06   .9900658 -.1097476  .0878929
T 5384  1 .6552983E+07   1488000E+01  .1054E+06  .3403E+06   .9974203  .0164485  .0698722
T 5385  1 .6472599E+07   1488000E+01 -.2268E+06 -.3433E+05   .9968650 -.0658708 -.0438316
T 5386  1 .6642560E+07   1488000E+01  .8724E+05 -.9156E+06   .9448109  .1253399 -.3026916
T 5387  1 .6330042E+07   1488000E+01  .8046E+06 -.5887E+06   .9932999  .0953754 -.0652595
T 5388  1 .6272356E+07   1488000E+01  .4603E+05 -.1136E+06   .9972637  .0498295 -.0546086
T 5389  1 .6413854E+07   1488000E+01  .3488E+06 -.4652E+06   .9977596  .0313094 -.0591233
T 5390  1 .6569484E+07   1488000E+01  .2574E+05 -.1845E+06   .9977357 -.0219512 -.0635734
T 5391  1 .6666839E+07   1488000E+01  .1227E+06  .3715E+06   .9992462 -.0123079  .0368171
T 5392  1 .6478194E+07   1488000E+01  .4062E+05  .3707E+05   .9989240  .0294299  .0358435
T 5393  1 .6842530E+07   1488000E+01 -.5476E+05  .6982E+05   .9992003 -.0370455 -.0150463
T 5394  1 .6571507E+07   1488000E+01  .5202E+05  .4250E+06   .9993755 -.0080921  .0343979
T 5395  1 .6711162E+07   1488000E+01 -.2641E+06  .5067E+06   .9993007 -.0372099 -.0036659
T 5396  1 .6355345E+07   1488000E+01 -.1594E+06 -.5386E+06   .9942870  .0020374 -.1067198
T 5397  1 .6245753E+07   1488000E+01  .5061E+04  .2538E+06   .9985585  .0130753  .0520569
T 5398  1 .6100667E+07   1488000E+01  .5099E+06 -.6566E+05   .9986597  .0409498  .0316541
T 5399  1 .6425136E+07   1488000E+01  .9433E+05 -.1992E+06   .9818533  .1777975 -.0659712
T 5400  1 .6123837E+07   1488000E+01  .2458E+06  .2812E+05   .9755939  .2161005  .0389505
T 5401  1 .6217365E+07   1488000E+01 -.3717E+06  .2050E+06   .9977159 -.0662462 -.0132080
T 5402  1 .6144310E+07   1488000E+01  .5326E+06  .4544E+06   .9981606  .0368432  .0481451
T 5403  1 .6820385E+07   1488000E+01  .2268E+06  .6079E+06   .9991580  .0397209  .0102775
T 5404  1 .5990317E+07   1488000E+01  .1220E+06  .5188E+06   .9976526 -.0242398  .0640447
T 5405  1 .6749263E+07   1488000E+01 -.1650E+06 -.5105E+06   .9929422 -.0326549 -.1140152
T 5406  1 .6342517E+07   1488000E+01  .9078E+06 -.1113E+07   .9910850  .0810015 -.1057796
T 5407  1 .6884405E+07   1488000E+01 -.6202E+06  .1024E+06   .9895152 -.1173347  .0842158
T 5408  1 .6643726E+07   1488000E+01  .2867E+05  .1523E+06   .9995653  .0235962  .0176732
T 5409  1 .7372450E+07   1488000E+01  .2692E+06 -.6774E+05   .9992177  .0395454  .0002896
T 5410  1 .6413853E+07   1488000E+01 -.4032E+06 -.1046E+06   .9955334 -.0941692 -.0067339
T 5411  1 .6674305E+07   1488000E+01  .4718E+06  .1907E+06   .9960573  .0846061  .0266755
T 5412  1 .6129578E+07   1488000E+01 -.3095E+06  .6625E+05   .9920107  .0580294 -.1120148
T 5413  1 .6856467E+07   1488000E+01  .8101E+05  .3444E+06   .9978459 -.0103015  .0647875
T 5414  1 .6458292E+07   1488000E+01  .4289E+06 -.1039E+06   .9977710  .0642470 -.0180375
T 5415  1 .6141406E+07   1488000E+01  .5875E+06 -.1912E+06   .9958502  .0708443 -.0571267
T 5416  1 .6240621E+07   1488000E+01 -.4664E+06 -.3006E+06   .9891574 -.0495192 -.1382587
T 5417  1 .6472140E+07   1488000E+01  .1856E+06 -.1087E+07   .9970831  .0354288 -.0676023
T 5418  1 .6607501E+07   1488000E+01  .1201E+06  .2881E+06   .9987044  .0471918  .0190388
T 5419  1 .6548721E+07   1488000E+01 -.4051E+06  .4233E+06   .9919543 -.0645009  .1089325
T 5420  1 .6084318E+07   1488000E+01 -.3409E+06 -.2380E+05   .9991496 -.0162696 -.0378864
T 5421  1 .6768596E+07   1488000E+01  .2920E+06 -.5398E+06   .9976093  .0061885 -.0688294
T 5422  1 .6369856E+07   1488000E+01 -.2927E+06 -.3419E+06   .9995109 -.0105659 -.0294340
T 5423  1 .6219292E+07   1488000E+01  .8683E+05  .1897E+06   .9999748 -.0057381 -.0041790
T 5424  1 .6675214E+07   1488000E+01  .6724E+06 -.1400E+06   .9960753  .0763497  .0447741
T 5425  1 .6226129E+07   1488000E+01 -.2009E+06  .1123E+06   .9988403 -.0480536 -.0029743
T 5426  1 .6108969E+07   1488000E+01 -.2037E+06  .3251E+06   .9965284  .0212242  .0805028
T 5427  1 .5939597E+07   1488000E+01  .4234E+05  .1245E+06   .9982531  .0463089  .0366918
T 5428  1 .6512179E+07   1488000E+01 -.2033E+06  .1526E+06   .9989241 -.0187112  .0424335
T 5429  1 .6814427E+07   1488000E+01  .2018E+06 -.1181E+06   .9982804 -.0101632 -.0577321
T 5430  1 .5952771E+07   1488000E+01 -.1536E+07  .1301E+06   .9820407 -.1855409 -.0342153
T 5431  1 .6506514E+07   1488000E+01  .6892E+05  .2589E+06   .9996971 -.0193691  .0151813
T 5432  1 .6644519E+07   1488000E+01 -.2381E+06 -.7576E+05   .9998763 -.0154404 -.0030059
T 5433  1 .6732199E+07   1488000E+01 -.7729E+05  .6192E+06   .9950052 -.0480841  .0874790
T 5434  1 .6146337E+07   1488000E+01  .1592E+06 -.2462E+06   .9976381 -.0340568 -.0596516
T 5435  1 .6520781E+07   1488000E+01 -.4512E+05 -.5123E+06   .9947582  .0035165 -.1021951
T 5436  1 .6513759E+07   1488000E+01 -.9825E+06  .5483E+06   .9869503 -.1566369  .0373356
T 5437  1 .5686215E+07   1488000E+01 -.1774E+06 -.5279E+05   .9992200 -.0010847  .0394752
T 5438  1 .6684214E+07   1488000E+01  .1030E+06  .1298E+06   .9980769  .0534941  .0313193
T 5440  1 .5939273E+07   1488000E+01  .7081E+06 -.7721E+05   .9876856  .1450172  .0587129
T 5441  1 .6587260E+07   1488000E+01  .2712E+06  .1003E+06   .9877020  .1519821  .0366903
T 5442  1 .6759531E+07   1488000E+01  .1134E+06 -.6807E+04   .9995237  .0293959 -.0093954
T 5443  1 .5979081E+07   1488000E+01  .5197E+04 -.2716E+06   .9986696  .0326475 -.0399144
T 5444  1 .6093331E+07   1488000E+01 -.1074E+06  .1908E+06   .9994751  .0081687  .0313512
T 5445  1 .6435545E+07   1488000E+01  .7334E+06 -.3918E+06   .9976932  .0497901 -.0461430
T 5446  1 .6470485E+07   1488000E+01 -.3277E+06  .1184E+06   .9993393 -.0256208  .0257783
T 5447  1 .6103166E+07   1488000E+01 -.4761E+06 -.2627E+06   .9994617 -.0324895  .0045445
T 5448  1 .5888283E+07   1488000E+01  .1817E+06  .2317E+06   .9901612  .1381394 -.0223246
T 5449  1 .6392455E+07   1488000E+01 -.4237E+06 -.3513E+06   .9972621 -.0311353 -.0670742
T 5450  1 .5737542E+07   1488000E+01  .3055E+04 -.3278E+06   .9960456 -.0069197 -.0885731
T 5451  1 .6414380E+07   1488000E+01  .3725E+06 -.1387E+06   .9975948  .0150862  .0676541
T 5452  1 .6517077E+07   1488000E+01  .3748E+06  .5245E+06   .9835403  .0888679  .1573241
T 5453  1 .6748508E+07   1488000E+01  .8169E+06 -.1801E+07   .9864630  .0814817 -.1423078
T 5454  1 .6411271E+07   1488000E+01 -.5096E+06  .3015E+06   .9957431 -.0608503  .0692303
T 5455  1 .6720441E+07   1488000E+01 -.1144E+06  .2093E+06   .9986075 -.0497045 -.0176776
T 5456  1 .6199445E+07   1488000E+01  .1700E+06  .4422E+06   .9990400  .0387333  .0204662
T 5457  1 .6279525E+07   1488000E+01 -.8528E+05  .4274E+06   .9938327 -.0244115  .1081693
T 5458  1 .6598673E+07   1488000E+01 -.2084E+05  .1770E+05   .9996526 -.0115155 -.0237089
T 5459  1 .6826202E+07   1488000E+01  .3188E+06 -.1217E+06   .9987229  .0449212  .0231232
T 5460  1 .5866182E+07   1488000E+01 -.2166E+06 -.2674E+06   .9980401 -.0322980 -.0535977
T 5461  1 .6479386E+07   1488000E+01 -.5067E+06  .6008E+06   .9929590 -.0574451  .1035973
T 5462  1 .6513124E+07   1488000E+01 -.1466E+06  .1274E+06   .9986570 -.0485100 -.0181939
T 5463  1 .6718590E+07   1488000E+01  .7119E+05 -.4659E+06   .9999859 -.0025721 -.0046489
T 5464  1 .5986417E+07   1488000E+01 -.3324E+06  .6030E+06   .9981281 -.0229862  .0566746
T 5465  1 .6172136E+07   1488000E+01  .2254E+06 -.2030E+06   .9978994  .0596702 -.0252259
T 5466  1 .6414146E+07   1488000E+01  .5457E+05 -.3241E+06   .9967365  .0314433 -.0743484
T 5467  1 .6797559E+07   1488000E+01 -.4068E+06  .1142E+06   .9983962 -.0544287  .0155749
T 5468  1 .6073587E+07   1488000E+01  .1334E+05 -.2835E+06   .9847381  .0324965 -.1709818
T 5469  1 .6751638E+07   1488000E+01  .1480E+06  .2426E+06   .9989920  .0297838  .0335830
T 5470  1 .6513149E+07   1488000E+01 -.2492E+06  .2154E+06   .9972062 -.0435978  .0606544
T 5471  1 .6219883E+07   1488000E+01 -.3853E+06 -.9179E+05   .9963380 -.0843373 -.0140641
T 5472  1 .6873433E+07   1488000E+01  .8674E+05  .1203E+06   .9998810  .0087362  .0127145
T 5473  1 .6361289E+07   1488000E+01  .4007E+06 -.2627E+06   .9991262  .0306248 -.0284418
T 5474  1 .6173537E+07   1488000E+01 -.2132E+06  .3057E+06   .9989589 -.0177413  .0420288
T 5475  1 .6426738E+07   1488000E+01 -.8381E+05 -.3152E+05   .9994704 -.0309318  .0101076
T 5476  1 .6689653E+07   1488000E+01 -.2873E+06 -.1596E+06   .9998247 -.0166376  .0085838
T 5477  1 .6360615E+07   1488000E+01 -.5321E+06  .2532E+06   .9988854 -.0281306  .0379030
T 5478  1 .6470922E+07   1488000E+01  .2050E+06 -.7859E+05   .9971265  .0755148 -.0060148
T 5479  1 .6671649E+07   1488000E+01 -.4041E+06 -.6372E+05   .9963801 -.0844671 -.0095947
T 5480  1 .6763041E+07   1488000E+01 -.5404E+04 -.4040E+06   .9992118  .0167450 -.0359914
T 5481  1 .6460809E+07   1488000E+01  .6704E+05 -.8945E+05   .9999225  .0045461  .0115892
T 5482  1 .6273070E+07   1488000E+01 -.1967E+06  .2042E+06   .9966419 -.0795321  .0194811
T 5483  1 .6799902E+07   1488000E+01 -.2415E+06  .1637E+06   .9999018  .0137980  .0024384
T 5484  1 .6085591E+07   1488000E+01 -.3051E+06  .3057E+06   .9951512 -.0798576  .0574189
T 5485  1 .6284838E+07   1488000E+01  .1414E+07 -.1825E+07   .9745050  .1036697 -.1989791
T 5486  1 .6462513E+07   1488000E+01  .3092E+06  .2769E+06   .9980333 -.0427100  .0458848
T 5487  1 .6867852E+07   1488000E+01  .7720E+06  .8535E+04   .9973003  .0634563  .0369521
T 5488  1 .6708649E+07   1488000E+01 -.2373E+06 -.2777E+06   .9996250 -.0245323  .0121701
T 5489  1 .7027164E+07   1488000E+01 -.9207E+05 -.3799E+03   .9979714 -.0146947  .0619445
T 5490  1 .6472337E+07   1488000E+01 -.5388E+06 -.1857E+06   .9968780 -.0539972 -.0576069
T 5491  1 .6279431E+07   1488000E+01 -.5698E+06 -.2662E+06   .9987479 -.0399021 -.0301751
T 5492  1 .5755530E+07   1488000E+01  .2137E+06  .1199E+07   .9797394  .0420299  .1958170
T 5493  1 .6778518E+07   1488000E+01  .4607E+06 -.5186E+04   .9993916 -.0202099  .0284266
T 5494  1 .6821447E+07   1488000E+01  .3982E+06  .2501E+05   .9987008  .0455581  .0228290
T 5495  1 .6690623E+07   1488000E+01 -.7476E+05  .5412E+06   .9964852 -.0772881  .0323074
T 5496  1 .7340507E+07   1488000E+01  .2073E+06  .1275E+06   .9984935  .0087835  .0541619
T 5497  1 .6251810E+07   1488000E+01 -.6380E+06  .8720E+05   .9976286 -.0587472  .0358601
T 5498  1 .6101628E+07   1488000E+01 -.2692E+06 -.1560E+06   .9992947 -.0369779  .0065305
T 5499  1 .6150781E+07   1488000E+01  .1388E+05  .5981E+06   .9966217  .0396705  .0719123
T 5500  1 .6387771E+07   1488000E+01 -.1971E+05  .1054E+06   .9997753  .0177896 -.0115255
T 5501  1 .7032025E+07   1488000E+01  .2967E+06 -.5536E+06   .9987158 -.0104298 -.0495779
T 5502  1 .6216245E+07   1488000E+01 -.1909E+06 -.5428E+06   .9967377 -.0777334 -.0217131
T 5503  1 .6265742E+07   1488000E+01  .2873E+04 -.8061E+05   .9989881  .0387710  .0227940
T 5504  1 .6534869E+07   1488000E+01 -.1586E+05 -.7494E+05   .9979960 -.0627504  .0081427
T 5505  1 .6110108E+07   1488000E+01 -.2111E+06 -.6352E+06   .9966651 -.0160350 -.0800095
T 5506  1 .6510238E+07   1488000E+01  .2182E+06  .1221E+06   .9982389  .0569511  .0166058
T 5507  1 .5744551E+07   1488000E+01  .9633E+05  .8369E+04   .9992264  .0251716 -.0302142
T 5508  1 .6210981E+07   1488000E+01 -.2480E+06 -.2474E+05   .9949521 -.0877948 -.0486040
T 5509  1 .6542902E+07   1488000E+01 -.2047E+05 -.5820E+06   .9939614  .0024988 -.1097019
T 5510  1 .6439143E+07   1488000E+01  .5927E+06  .1705E+06   .9969118  .0365300  .0695155
T 5511  1 .5740197E+07   1488000E+01 -.1082E+07  .9184E+05   .9971386 -.0742864  .0140080
T 5512  1 .6599425E+07   1488000E+01 -.1895E+05 -.3133E+06   .9989129 -.0141727 -.0444097
T 5513  1 .6142548E+07   1488000E+01  .7172E+05  .5491E+05   .9997858  .0050236 -.0200775
T 5514  1 .6688445E+07   1488000E+01  .9047E+06 -.3304E+06   .9963809  .0849868 -.0015551
T 5515  1 .6349833E+07   1488000E+01 -.2808E+05 -.3309E+06   .9983098 -.0031546 -.0580308
T 5516  1 .6436972E+07   1488000E+01  .4945E+05 -.6014E+06   .9910813 -.0898352 -.0984251
T 5517  1 .6242983E+07   1488000E+01  .8164E+06 -.2225E+07   .9843506  .0914038 -.1506624
T 5518  1 .6154945E+07   1488000E+01  .4302E+06 -.2719E+06   .9994756  .0312640 -.0084349
T 5519  1 .6200044E+07   1488000E+01 -.3319E+06  .3351E+06   .9998290 -.0183397 -.0023749
T 5520  1 .6465526E+07   1488000E+01  .2476E+06  .8056E+05   .9979974  .0517463 -.0363788
T 5521  1 .6645816E+07   1488000E+01 -.1091E+06 -.4149E+06   .9996005 -.0131977 -.0249951
T 5522  1 .6377422E+07   1488000E+01  .3082E+06 -.2878E+05   .9991037  .0130873 -.0402556
T 5523  1 .7078497E+07   1488000E+01 -.2300E+06  .1116E+06   .9998050  .0183165 -.0073761
T 5524  1 .6179102E+07   1488000E+01 -.2937E+06  .6822E+05   .9976062 -.0413673  .0554136
T 5525  1 .6562660E+07   1488000E+01 -.3611E+06 -.3085E+06   .9973347 -.0554451 -.0474262
T 5526  1 .6106339E+07   1488000E+01 -.1198E+06 -.6288E+05   .9960892 -.0869370 -.0157551
T 5527  1 .6554702E+07   1488000E+01 -.8065E+05 -.4203E+06   .9992024 -.0345248 -.0200662
T 5528  1 .7175776E+07   1488000E+01  .5365E+05 -.6932E+06   .9990826  .0113472 -.0412945
T 5529  1 .6273204E+07   1488000E+01  .1248E+06  .3772E+06   .9983433 -.0046959  .0573461
T 5530  1 .7149980E+07   1488000E+01  .3642E+06 -.2072E+06   .9972108  .0695818  .0269982
T 5531  1 .6203817E+07   1488000E+01 -.3620E+05 -.1285E+06   .9997253 -.0113944 -.0204794
T 5532  1 .6523146E+07   1488000E+01  .1120E+06 -.1859E+06   .9990320 -.0335765 -.0284203
T 5533  1 .6384930E+07   1488000E+01  .3116E+05  .4162E+05   .9998510  .0016407 -.0171864
T 5534  1 .6541700E+07   1488000E+01 -.6705E+05  .2495E+06   .9992360 -.0049084  .0387738
T 5535  1 .6414164E+07   1488000E+01 -.1926E+06 -.6767E+05   .9998224 -.0188104 -.0011892
T 5536  1 .6430843E+07   1488000E+01 -.2984E+06  .3703E+06   .9925590 -.1213983  .0094364
T 5537  1 .5975075E+07   1488000E+01 -.2461E+06 -.9911E+06   .9889590 -.0397449 -.1427602
T 5538  1 .6737397E+07   1488000E+01 -.1602E+04 -.5434E+06   .9844095  .1443729 -.1004709
T 5539  1 .6538930E+07   1488000E+01 -.4036E+06  .3719E+06   .9949406 -.0765032  .0651194
T 5540  1 .6148865E+07   1488000E+01 -.2889E+06 -.5102E+05   .9999272  .0035076 -.0115492
T 5541  1 .6118209E+07   1488000E+01  .2920E+05 -.5182E+06   .9971522  .0211805 -.0723798
T 5542  1 .6381105E+07   1488000E+01 -.1877E+06 -.8925E+05   .9995826 -.0141278 -.0251979
T 5543  1 .6200241E+07   1488000E+01  .8692E+05  .1416E+06   .9996587 -.0138326  .0221634
T 5544  1 .6538666E+07   1488000E+01 -.3123E+06  .7699E+05   .9991734 -.0384446 -.0132108
T 5545  1 .6205298E+07   1488000E+01 -.1967E+06  .7361E+06   .9955721 -.0223267  .0913109
T 5546  1 .6660999E+07   1488000E+01  .8105E+05  .4823E+05   .9988217 -.0465485  .0137289
T 5547  1 .5724533E+07   1488000E+01 -.6243E+05  .1447E+06   .9993251  .0280394 -.0237303
T 5548  1 .6823921E+07   1488000E+01 -.2416E+06 -.1545E+06   .9992349 -.0391038  .0006813
T 5549  1 .6727458E+07   1488000E+01  .5514E+05  .1938E+06   .9986020 -.0119911  .0514806
T 5550  1 .6499387E+07   1488000E+01 -.1089E+06  .5998E+06   .9961967  .0005439  .0871315
T 5551  1 .6120588E+07   1488000E+01  .9881E+05 -.3980E+03   .9991901 -.0393462  .0084278
T 5552  1 .6312481E+07   1488000E+01  .4721E+06  .8438E+05   .9975185  .0626267 -.0321680
T 5553  1 .6471728E+07   1488000E+01 -.3997E+05 -.2143E+06   .9986820 -.0489125 -.0155481
T 5554  1 .6220788E+07   1488000E+01 -.8490E+06 -.1203E+06   .9955543 -.0890052 -.0308179
T 5555  1 .6876903E+07   1488000E+01 -.8676E+05 -.2592E+06   .9996567 -.0259565 -.0035562
T 5556  1 .6022784E+07   1488000E+01  .5507E+06  .3520E+06   .9988180  .0475847 -.0099180
T 5557  1 .6229558E+07   1488000E+01 -.6448E+06 -.5755E+06   .9972037  .0102267 -.0740278
T 5558  1 .6463364E+07   1488000E+01 -.1382E+06  .2906E+06   .9997601 -.0205185 -.0076582
T 5559  1 .6651701E+07   1488000E+01 -.6910E+06  .5198E+06   .9963345 -.0750478  .0410538
T 5560  1 .6350024E+07   1488000E+01 -.1794E+06  .1969E+06   .9984637 -.0485106  .0267769
T 5561  1 .6300152E+07   1488000E+01 -.6534E+05  .5888E+06   .9937603  .0547582  .0971695
T 5562  1 .6807857E+07   1488000E+01 -.4377E+06  .1038E+06   .9980610 -.0423507  .0456136
T 5563  1 .6209457E+07   1488000E+01  .5745E+05  .1953E+06   .9996048  .0270257  .0077423
T 5564  1 .6110670E+07   1488000E+01  .4208E+06  .5984E+06   .9783104  .1071716  .1772651
T 5565  1 .6756894E+07   1488000E+01 -.1108E+06  .2703E+06   .9973678 -.0671390  .0273834
T 5566  1 .6388951E+07   1488000E+01  .2585E+06  .3431E+06   .9982890  .0136391  .0568606
T 5567  1 .6950776E+07   1488000E+01 -.1357E+06 -.3795E+06   .9965213 -.0599976 -.0578405
T 5568  1 .6502949E+07   1488000E+01 -.1082E+06 -.4063E+06   .9998863  .0098348 -.0114341
T 5569  1 .6502858E+07   1488000E+01 -.1328E+06 -.2700E+06   .9984993 -.0260586 -.0481670
T 5570  1 .6807713E+07   1488000E+01 -.4184E+06 -.3980E+06   .9954491 -.0870973 -.0386678
T 5571  1 .6266632E+07   1488000E+01  .1561E+06 -.2762E+06   .9999245 -.0097966 -.0074170
T 5572  1 .6712761E+07   1488000E+01 -.2703E+06  .2536E+06   .9997753  .0064026  .0202097
T 5573  1 .6521903E+07   1488000E+01  .1168E+06  .5811E+05   .9993149 -.0293334  .0225691
T 5574  1 .6072280E+07   1488000E+01 -.2732E+06  .6251E+06   .9934023 -.0151097  .1136815
T 5575  1 .6876095E+07   1488000E+01 -.3072E+06  .1805E+05   .9989605 -.0321611  .0323043
T 5576  1 .6609938E+07   1488000E+01 -.4315E+05 -.5439E+05   .9997822  .0042522 -.0204310
T 5577  1 .6310074E+07   1488000E+01 -.1113E+06  .2661E+06   .9998809 -.0097499  .0119595
T 5578  1 .6284111E+07   1488000E+01 -.2555E+06 -.2106E+06   .9971855 -.0522538 -.0537648
T 5579  1 .6859757E+07   1488000E+01  .3352E+05 -.9462E+05   .9984191  .0338028 -.0449076
T 5580  1 .6633877E+07   1488000E+01 -.9953E+04  .4182E+06   .9973610  .0411613  .0598066
T 5581  1 .6155643E+07   1488000E+01 -.5804E+05  .1294E+06   .9987154 -.0503997  .0052367
T 5582  1 .6165585E+07   1488000E+01  .9293E+05 -.1378E+06   .9998742  .0153612  .0039416
T 5583  1 .6100415E+07   1488000E+01  .1541E+05  .5650E+06   .9961181  .0321902  .0819301
T 5584  1 .6506697E+07   1488000E+01 -.8919E+05 -.5878E+06   .9998355 -.0116040 -.0139377
T 5585  1 .5910607E+07   1488000E+01  .7314E+05 -.1349E+06   .9930918 -.1073834 -.0473011
T 5586  1 .6410402E+07   1488000E+01 -.1758E+06  .7351E+05   .9995481 -.0049518  .0296483
T 5587  1 .6715109E+07   1488000E+01 -.8653E+05 -.2497E+06   .9987989  .0486843 -.0055315
T 5588  1 .6327493E+07   1488000E+01  .1065E+05  .5011E+06   .9989798 -.0391676  .0224767
T 5589  1 .6819119E+07   1488000E+01 -.2970E+05  .1759E+06   .9950430  .0499551  .0859881
T 5590  1 .6730138E+07   1488000E+01 -.8271E+06 -.4044E+06   .9921596 -.1184016 -.0400035
T 5591  1 .6619149E+07   1488000E+01  .3047E+06  .1800E+06   .9980579  .0616758 -.0087472
T 5592  1 .5938753E+07   1488000E+01 -.1832E+06  .2588E+06   .9942440 -.0674856  .0832145
T 5593  1 .6393639E+07   1488000E+01  .3443E+05  .2397E+06   .9999796 -.0014827  .0062167
T 5594  1 .6820650E+07   1488000E+01  .1268E+06  .3308E+06   .9988430  .0191232  .0441255
T 5595  1 .6116683E+07   1488000E+01 -.1052E+06  .1002E+06   .9993084  .0088104  .0361261
T 5596  1 .5637258E+07   1488000E+01  .7861E+06  .1580E+06   .9871091  .1590517  .0178364
T 5597  1 .5971409E+07   1488000E+01 -.3104E+06  .4030E+06   .9960452 -.0562646  .0687624
T 5598  1 .6609371E+07   1488000E+01 -.2992E+05  .1142E+06   .9977051 -.0371246  .0566243
T 5599  1 .6340019E+07   1488000E+01 -.1425E+06 -.7108E+04   .9989278 -.0045697 -.0460701
T 5600  1 .6048153E+07   1488000E+01  .2045E+06  .8738E+05   .9982214 -.0563850 -.0193586
T 5601  1 .6490334E+07   1488000E+01  .3039E+06  .3995E+05   .9991061  .0346827  .0241678
T 5602  1 .5912774E+07   1488000E+01 -.1286E+06  .7952E+05   .9969491 -.0276624  .0729880
T 5603  1 .6089643E+07   1488000E+01 -.6426E+05  .4319E+06   .9919634  .0087779  .1262201
T 5604  1 .6454239E+07   1488000E+01  .1168E+06 -.1534E+06   .9983032  .0437743 -.0383984
T 5605  1 .6705520E+07   1488000E+01  .7106E+06  .2220E+06   .9991782  .0093965  .0394276
T 5606  1 .6671931E+07   1488000E+01 -.3225E+06 -.1069E+06   .9986954 -.0509171 -.0038566
T 5607  1 .5887226E+07   1488000E+01  .2213E+06  .6219E+06   .9945789  .0268921  .1004471
T 5608  1 .6389870E+07   1488000E+01 -.4868E+06  .2806E+06   .9968105 -.0715926  .0352599
T 5609  1 .6705836E+07   1488000E+01  .5408E+06 -.2713E+06   .9961947  .0871394 -.0017125
T 5610  1 .6787237E+07   1488000E+01 -.7620E+05 -.3554E+06   .9989564 -.0448494  .0086396
T 5611  1 .6392256E+07   1488000E+01  .5628E+05 -.2498E+06   .9976314  .0686792 -.0038494
T 5612  1 .7079662E+07   1488000E+01 -.3653E+05  .1712E+06   .9996539 -.0022644  .0262106
T 5613  1 .6040595E+07   1488000E+01 -.8324E+06  .7803E+05   .9970540 -.0759090  .0110036
T 5614  1 .6679909E+07   1488000E+01  .2389E+06 -.2144E+06   .9975943  .0432460 -.0541801
T 5615  1 .6533288E+07   1488000E+01  .6092E+06 -.3597E+06   .9816084  .1704495 -.0859760
T 5616  1 .6510648E+07   1488000E+01 -.1363E+06  .1910E+06   .9985856  .0349798  .0400407
T 5617  1 .6482755E+07   1488000E+01  .6089E+06 -.7365E+06   .9839043  .1134768 -.1380413
T 5618  1 .6764591E+07   1488000E+01 -.1281E+06 -.3321E+06   .9820255 -.1203477 -.1454045
T 5619  1 .5903167E+07   1488000E+01 -.4682E+06 -.7271E+06   .9860266 -.1176476 -.1179430
T 5620  1 .6076330E+07   1488000E+01  .9188E+05  .6522E+06   .9827968  .0166165  .1839413
T 5621  1 .5914998E+07   1488000E+01  .2940E+06  .3901E+06   .9994793  .0076091  .0313551
T 5622  1 .6886896E+07   1488000E+01 -.5326E+06 -.5670E+06   .9914751 -.1128410 -.0651457
T 5623  1 .6442038E+07   1488000E+01 -.2707E+06  .6489E+06   .9969665 -.0443087  .0639887
T 5624  1 .6601861E+07   1488000E+01  .3426E+06  .2849E+06   .9985273 -.0539879  .0053447
T 5625  1 .6396828E+07   1488000E+01 -.1047E+06  .4578E+06   .9972148 -.0359077  .0653701
T 5626  1 .6140584E+07   1488000E+01 -.4867E+06  .2639E+06   .9957526 -.0781302  .0487076
T 5627  1 .6459960E+07   1488000E+01  .1058E+06 -.2146E+05   .9999791 -.0051850  .0038570
T 5628  1 .5892493E+07   1488000E+01  .9440E+05 -.5331E+06   .9928340  .0601699 -.1032487
T 5629  1 .6301257E+07   1488000E+01  .4338E+05 -.3034E+06   .9995266  .0307269  .0015284
T 5630  1 .6084216E+07   1488000E+01  .3373E+06  .6312E+05   .9952266  .0931350  .0291517
T 5631  1 .6242415E+07   1488000E+01  .2759E+05  .5641E+06   .9976306  .0167942  .0667167
T 5632  1 .6157434E+07   1488000E+01 -.7716E+05  .2400E+06   .9961029  .0194940  .0860172
T 5633  1 .7240708E+07   1488000E+01 -.1829E+06 -.2431E+06   .9999133 -.0006327 -.0131562
T 5634  1 .6517454E+07   1488000E+01  .2992E+06  .9079E+05   .9989054 -.0282513  .0372811
T 5635  1 .6000336E+07   1488000E+01 -.3389E+06 -.1934E+05   .9992576 -.0368748  .0111559
T 5636  1 .6583826E+07   1488000E+01  .2946E+06  .1213E+06   .9986434  .0458764  .0246297
T 5637  1 .6467247E+07   1488000E+01 -.6012E+05 -.4008E+06   .9994427 -.0105848 -.0316581
T 5638  1 .6352394E+07   1488000E+01  .2259E+06  .2844E+06   .9944934  .0835948 -.0632037
T 5639  1 .6784277E+07   1488000E+01  .3988E+06 -.3259E+06   .9986513  .0501789 -.0133271
T 5640  1 .6419136E+07   1488000E+01 -.2524E+06  .2864E+05   .9982580 -.0527738  .0263784
T 5641  1 .6049879E+07   1488000E+01  .4638E+06  .6915E+05   .9918269  .1238509  .0306646
T 5642  1 .6496839E+07   1488000E+01 -.4589E+06 -.9056E+05   .9944752 -.0865085 -.0594582
T 5643  1 .7360349E+07   1488000E+01  .4092E+06 -.8219E+04   .9993451  .0361844 -.0001224
T 5644  1 .6082585E+07   1488000E+01  .6099E+06  .1395E+06   .9953222  .0886374  .0384332
T 5645  1 .6606465E+07   1488000E+01 -.4508E+06  .2601E+06   .9997734  .0153277  .0147736
T 5646  1 .6520827E+07   1488000E+01 -.4584E+06 -.7896E+05   .9984351  .0025917 -.0558633
T 5647  1 .6206036E+07   1488000E+01 -.3247E+06  .3683E+06   .9954911 -.0535219  .0783129
T 5648  1 .6564397E+07   1488000E+01  .2004E+06  .3092E+06   .9939842  .0374549  .1029199
T 5649  1 .5961516E+07   1488000E+01 -.2719E+06  .1397E+06   .9991015 -.0418915  .0064189
T 5650  1 .6568276E+07   1488000E+01  .3095E+06 -.7354E+06   .9896090  .0667834 -.1273346
T 5651  1 .6746170E+07   1488000E+01  .1112E+06  .2842E+06   .9999537 -.0087772 -.0039416
T 5652  1 .6787363E+07   1488000E+01  .2684E+06  .3192E+06   .9960784  .0362509  .0807073
T 5653  1 .5728934E+07   1488000E+01  .2336E+06  .3324E+06   .9942283  .0496937  .0950819
T 5654  1 .6524117E+07   1488000E+01  .9497E+06  .5062E+06   .9899556  .1128061  .0852215
T 5655  1 .7198757E+07   1488000E+01 -.6435E+05 -.1614E+06   .9996083 -.0178031 -.0215932
T 5656  1 .6455512E+07   1488000E+01  .1175E+06  .5169E+06   .9946222  .0493842  .0910382
T 5657  1 .6380089E+07   1488000E+01  .1935E+06 -.6145E+06   .9976489  .0567431 -.0384308
T 5658  1 .6924429E+07   1488000E+01 -.3162E+06  .1783E+06   .9977235 -.0668074 -.0091981
T 5659  1 .6508909E+07   1488000E+01  .5106E+06  .1290E+06   .9978041  .0375208 -.0545819
T 5660  1 .7043727E+07   1488000E+01 -.1224E+06 -.6005E+06   .9915333 -.0062896 -.1297000
T 5661  1 .6504686E+07   1488000E+01 -.1481E+06 -.4579E+06   .9986884 -.0156178 -.0487608
T 5662  1 .6258503E+07   1488000E+01 -.2368E+05 -.1156E+06   .9982464 -.0576189  .0135740
T 5663  1 .6692043E+07   1488000E+01  .1336E+06 -.1712E+06   .9989934  .0366349 -.0258856
T 5664  1 .6390678E+07   1488000E+01  .5824E+06 -.3523E+06   .9930173  .1009289 -.0610733
T 5665  1 .6560555E+07   1488000E+01 -.5725E+05 -.1178E+06   .9997083 -.0222904  .0092973
T 5666  1 .6843254E+07   1488000E+01  .3838E+06  .5182E+06   .9971193  .0423564  .0629216
T 5667  1 .6445891E+07   1488000E+01 -.2722E+06 -.5695E+06   .9941276 -.0697976 -.0826956
T 5668  1 .6758524E+07   1488000E+01  .2521E+06  .5961E+06   .9975855  .0093539  .0688156
T 5669  1 .6942128E+07   1488000E+01 -.1173E+06 -.6198E+06   .9979243 -.0438353 -.0471767
T 5670  1 .6685472E+07   1488000E+01 -.1051E+06  .5563E+05   .9974642 -.0504107 -.0502393
T 5671  1 .6014776E+07   1488000E+01 -.4244E+06 -.2013E+06   .9934919 -.0046176  .1138093
T 5672  1 .6715717E+07   1488000E+01 -.2727E+06 -.2284E+06   .9992664  .0301885 -.0235667
T 5673  1 .6655623E+07   1488000E+01 -.9557E+05  .1643E+06   .9977890 -.0242675  .0618731
T 5674  1 .6793556E+07   1488000E+01 -.3918E+06  .1528E+06   .9996202 -.0096789  .0258029
T 5675  1 .6438310E+07   1488000E+01  .3059E+06  .2816E+05   .9986168  .0452130  .0268363
T 5676  1 .6377320E+07   1488000E+01  .6283E+06  .3293E+05   .9982049  .0579642  .0150708
T 5677  1 .6705532E+07   1488000E+01  .4019E+06  .2215E+06   .9993523  .0045204  .0357002
T 5678  1 .6165875E+07   1488000E+01 -.4828E+06 -.1766E+06   .9910017 -.0650012 -.1170059
T 5679  1 .6367748E+07   1488000E+01  .5775E+06  .1707E+06   .9978697  .0612215  .0225365
T 5680  1 .6586967E+07   1488000E+01 -.1262E+06 -.1654E+05   .9984919 -.0185243 -.0516787
T 5681  1 .6324988E+07   1488000E+01 -.1560E+06  .4204E+06   .9971636  .0032495  .0751938
T 5682  1 .6174013E+07   1488000E+01  .5404E+05 -.4141E+06   .9950304  .0386326 -.0917721
T 5683  1 .5884417E+07   1488000E+01 -.6547E+06  .2524E+06   .9950197 -.0970857  .0225878
T 5684  1 .6493940E+07   1488000E+01  .3120E+06 -.2205E+06   .9975769  .0495926 -.0487952
T 5685  1 .6464475E+07   1488000E+01  .1356E+06  .1894E+06   .9998787 -.0021614 -.0154231
T 5686  1 .6674086E+07   1488000E+01 -.1956E+05  .8897E+05   .9997720 -.0092125 -.0192651
T 5687  1 .6282423E+07   1488000E+01  .1165E+06  .3549E+05   .9988624  .0456399 -.0138134
T 5688  1 .6442077E+07   1488000E+01 -.4972E+05 -.7396E+06   .9991790 -.0077588 -.0397635
T 5689  1 .6484809E+07   1488000E+01  .2440E+06  .3801E+06   .9984895  .0016478  .0549177
T 5690  1 .6598417E+07   1488000E+01 -.5101E+06  .2816E+06   .9957554 -.0757438  .0522877
T 5691  1 .6021119E+07   1488000E+01 -.6781E+04  .1665E+06   .9995821  .0038380  .0286510
T 5692  1 .6467677E+07   1488000E+01 -.8749E+05 -.4628E+06   .9944105  .0237427 -.1028792
T 5693  1 .6293221E+07   1488000E+01  .4355E+06 -.3826E+06   .9979394 -.0210358 -.0606177
T 5694  1 .6476163E+07   1488000E+01 -.3989E+06 -.1818E+06   .9993262 -.0187673 -.0315418
T 5695  1 .6510718E+07   1488000E+01 -.5216E+05 -.2593E+06   .9996662  .0175751 -.0189392
T 5696  1 .6263772E+07   1488000E+01 -.6262E+06 -.2109E+06   .9863250 -.0937953 -.1355193
T 5697  1 .6466895E+07   1488000E+01  .7323E+06  .2708E+06   .9922857  .1151936  .0458214
T 5698  1 .6388020E+07   1488000E+01 -.3716E+06  .1559E+06   .9990341 -.0430909  .0086040
T 5699  1 .6568691E+07   1488000E+01  .4435E+06  .1635E+06   .9986763  .0514126  .0015426
T 5700  1 .6874625E+07   1488000E+01 -.7704E+05  .3157E+06   .9975101  .0048238  .0703587
T 5701  1 .6718082E+07   1488000E+01 -.3271E+06  .8488E+06   .9862367 -.0709733  .1493315
T 5702  1 .6681298E+07   1488000E+01 -.3308E+06 -.3321E+06   .9952649 -.0872746 -.0427885
T 5703  1 .6452561E+07   1488000E+01 -.1739E+06 -.2505E+06   .9987943 -.0466265  .0153618
T 5704  1 .6003154E+07   1488000E+01 -.1712E+06 -.2636E+06   .9872377  .0506185  .1509948
T 5705  1 .5932072E+07   1488000E+01 -.4536E+06  .1129E+06   .9978294 -.0451643 -.0479245
T 5706  1 .6760545E+07   1488000E+01  .3818E+06 -.3082E+06   .9937023  .0852181 -.0727575
T 5707  1 .6556529E+07   1488000E+01 -.5133E+06  .8370E+05   .9981644 -.0600272  .0080367
T 5708  1 .6005969E+07   1488000E+01  .1844E+06 -.1632E+06   .9998097 -.0182397 -.0069158
T 5709  1 .6642331E+07   1488000E+01  .3002E+06  .2460E+06   .9983137  .0418706  .0402063
T 5710  1 .6607323E+07   1488000E+01  .2609E+06  .1372E+05   .9982385  .0455791  .0379796
T 5711  1 .6465242E+07   1488000E+01  .8602E+05  .2596E+06   .9983054  .0069343  .0577780
T 5712  1 .6299192E+07   1488000E+01 -.4044E+05 -.2508E+06   .9999576  .0091416  .0010900
T 5713  1 .6709862E+07   1488000E+01  .3952E+04  .2342E+06   .9923553  .0349397  .1183644
T 5714  1 .6894093E+07   1488000E+01  .6018E+05  .1955E+06   .9962151  .0386946  .0778342
T 5715  1 .6177839E+07   1488000E+01 -.2023E+06 -.1984E+05   .9995715 -.0265630 -.0123008
T 5716  1 .6377144E+07   1488000E+01  .4057E+05  .1219E+06   .9984208 -.0084539 -.0555369
T 5717  1 .6323763E+07   1488000E+01 -.7046E+05 -.1271E+06   .9994408  .0070937 -.0326782
T 5718  1 .6239221E+07   1488000E+01 -.7902E+05  .7598E+05   .9996683 -.0056768  .0251198
T 5719  1 .6445832E+07   1488000E+01 -.5393E+06 -.7327E+05   .9975376 -.0700262  .0038935
T 5720  1 .6555440E+07   1488000E+01  .2715E+06  .8968E+05   .9991776  .0362869 -.0180950
T 5721  1 .6109826E+07   1488000E+01 -.2194E+05 -.2762E+05   .9992438 -.0322663  .0216957
T 5722  1 .6520130E+07   1488000E+01  .1066E+06  .4462E+06   .9976875  .0255918  .0629653
T 5723  1 .6182963E+07   1488000E+01 -.2547E+06 -.4966E+06   .9844731 -.1006061 -.1438439
T 5724  1 .6683559E+07   1488000E+01  .2937E+05 -.4739E+06   .9981011  .0347738 -.0508423
T 5725  1 .6310291E+07   1488000E+01  .1187E+06  .6423E+05   .9986529  .0239746  .0460168
T 5726  1 .6311735E+07   1488000E+01 -.2859E+05 -.2827E+06   .9994816 -.0007896 -.0321869
T 5727  1 .6128089E+07   1488000E+01  .3923E+06 -.3815E+06   .9958323  .0075156 -.0908935
T 5728  1 .6303118E+07   1488000E+01  .2549E+05  .2181E+06   .9989723  .0319492  .0321511
T 5729  1 .6559449E+07   1488000E+01  .5890E+05 -.7728E+05   .9993755  .0332848 -.0118626
T 5730  1 .6264930E+07   1488000E+01  .2509E+06 -.9437E+05   .9995289  .0095961 -.0291537
T 5731  1 .6732879E+07   1488000E+01 -.1868E+06 -.3889E+06   .9998945 -.0077352 -.0122960
T 5732  1 .6259225E+07   1488000E+01  .3197E+06  .9839E+06   .9838745  .1237630  .1291270
T 5733  1 .6710812E+07   1488000E+01 -.2714E+06  .1257E+07   .9919051 -.0095316  .1266229
T 5734  1 .6558943E+07   1488000E+01  .1446E+06 -.4493E+05   .9987609 -.0494282 -.0057851
T 5735  1 .5676909E+07   1488000E+01 -.1991E+06  .5366E+06   .9977772  .0158731  .0647203
T 5736  1 .6718882E+07   1488000E+01 -.5727E+06 -.2817E+06   .9973508 -.0590525 -.0424754
T 5737  1 .6817231E+07   1488000E+01  .1152E+06  .6377E+06   .9897159 -.0169555  .1420388
T 5738  1 .6237461E+07   1488000E+01 -.6804E+06  .6457E+04   .9986740  .0028193 -.0514033
T 5739  1 .6520526E+07   1488000E+01  .2141E+06 -.7973E+05   .9978386  .0456975 -.0472213
T 5740  1 .5807345E+07   1488000E+01 -.2083E+06  .1365E+06   .9998699 -.0153796  .0048553
T 5741  1 .6197522E+07   1488000E+01  .9036E+05 -.1176E+06   .9971193 -.0663917  .0366788
T 5742  1 .6464475E+07   1488000E+01  .2521E+05  .1690E+06   .9994893  .0033791 -.0317770
T 5743  1 .6037289E+07   1488000E+01 -.1525E+06 -.1790E+06   .9990856 -.0265625 -.0335033
T 5744  1 .6587001E+07   1488000E+01  .2953E+06 -.7000E+06   .9941424  .0557386 -.0925963
T 5745  1 .6207347E+07   1488000E+01 -.1414E+06 -.8176E+06   .9987957  .0424040 -.0246787
T 5746  1 .6491131E+07   1488000E+01  .7338E+06  .1781E+06   .9917152  .1266237  .0216195
T 5747  1 .6191866E+07   1488000E+01  .4910E+06  .2118E+06   .9994128  .0342452 -.0011056
T 5748  1 .6210718E+07   1488000E+01 -.3477E+06 -.6788E+05   .9999846 -.0002000 -.0055440
T 5749  1 .6190280E+07   1488000E+01  .2859E+06 -.1375E+06   .9973561  .0665807 -.0291184
T 5750  1 .7145386E+07   1488000E+01  .1559E+06 -.8176E+06   .9967581  .0300983 -.0746151
T 5751  1 .6265364E+07   1488000E+01 -.2445E+05 -.2955E+06   .9995446 -.0092308 -.0287278
T 5752  1 .6649416E+07   1488000E+01  .1814E+06  .4005E+05   .9974191  .0633330  .0338248
T 5753  1 .6560269E+07   1488000E+01 -.1293E+06 -.8330E+05   .9987724 -.0251919 -.0426506
T 5754  1 .6662996E+07   1488000E+01  .2411E+06  .1806E+06   .9957651  .0803123  .0447424
T 5755  1 .6633675E+07   1488000E+01  .2392E+06  .1669E+06   .9965447  .0025338  .0830196
T 5756  1 .6140539E+07   1488000E+01 -.4276E+06 -.2868E+06   .9995765 -.0157806 -.0244505
T 5757  1 .6544836E+07   1488000E+01  .3015E+06  .6761E+05   .9972910  .0306353  .0668745
T 5758  1 .6684909E+07   1488000E+01 -.2960E+06 -.1439E+05   .9960925 -.0834561 -.0288929
T 5759  1 .6066489E+07   1488000E+01  .1528E+06 -.2955E+06   .9984191  .0402899 -.0391918
T 5760  1 .6253915E+07   1488000E+01  .1682E+06 -.1409E+06   .9981586  .0451769 -.0404784
T 5761  1 .6185511E+07   1488000E+01  .4011E+06 -.1821E+06   .9997326  .0163200 -.0163851
T 5762  1 .6511708E+07   1488000E+01  .1335E+06 -.4867E+06   .9984546  .0392983 -.0392951
T 5763  1 .5987193E+07   1488000E+01 -.3404E+06  .6620E+05   .9983902  .0409843  .0392073
T 5764  1 .6263168E+07   1488000E+01  .6638E+05  .4590E+04   .9980285  .0122809 -.0615495
T 5765  1 .6160643E+07   1488000E+01  .1876E+06  .5918E+05   .9999801  .0057299 -.0026294
T 5766  1 .6680359E+07   1488000E+01 -.3091E+06  .1339E+06   .9964954  .0029083  .0835969
T 5767  1 .6207165E+07   1488000E+01  .5793E+05  .7699E+05   .9997441  .0076247 -.0212967
T 5768  1 .6438093E+07   1488000E+01  .1793E+06  .2760E+05   .9989216  .0447817 -.0122587
T 5769  1 .6739317E+07   1488000E+01 -.2084E+05  .2017E+06   .9998228  .0187525  .0016580
T 5770  1 .6161529E+07   1488000E+01 -.1686E+06  .2653E+06   .9985631  .0088255  .0528576
T 5771  1 .6755925E+07   1488000E+01  .3695E+06  .4960E+06   .9949511  .0688643  .0730066
T 5772  1 .5980892E+07   1488000E+01  .9650E+04  .3111E+06   .9997538 -.0035782  .0218997
T 5773  1 .5897521E+07   1488000E+01  .4440E+06  .4664E+05   .9992655  .0332140 -.0191125
T 5774  1 .6707392E+07   1488000E+01 -.7933E+05  .9287E+05   .9992533  .0002940 -.0386355
T 5775  1 .6103222E+07   1488000E+01  .1853E+06  .1308E+06   .9925124  .0982637 -.0725489
T 5776  1 .6918711E+07   1488000E+01  .3906E+06 -.1894E+06   .9975834  .0512726  .0468885
T 5777  1 .6085242E+07   1488000E+01 -.5450E+06 -.5335E+06   .9977850 -.0234099 -.0622666
T 5778  1 .6802660E+07   1488000E+01  .3391E+06 -.6810E+06   .9912865  .0573692 -.1185741
T 5779  1 .6862829E+07   1488000E+01 -.7443E+06  .5695E+06   .9900180 -.1179435  .0771606
T 5780  1 .6954838E+07   1488000E+01  .2558E+05 -.4436E+06   .9964210 -.0389267 -.0750324
T 5781  1 .6157152E+07   1488000E+01 -.4026E+06  .2357E+06   .9981824  .0554613 -.0235798
T 5782  1 .6084341E+07   1488000E+01  .1357E+06  .4254E+06   .9941050  .0350599  .1025961
T 5783  1 .5739980E+07   1488000E+01  .1745E+06 -.7664E+06   .9922958  .0640671 -.1060395
T 5784  1 .6477414E+07   1488000E+01 -.6008E+05  .2478E+06   .9985539  .0258000  .0471639
T 5785  1 .6512730E+07   1488000E+01  .1179E+06 -.2187E+06   .9928688  .1192025  .0015285
T 5786  1 .6655253E+07   1488000E+01  .4434E+06 -.2244E+06   .9915095  .1281671 -.0219578
T 5787  1 .6688228E+07   1488000E+01  .4626E+06  .5102E+06   .9988512  .0195262  .0437612
T 5788  1 .6428094E+07   1488000E+01  .2044E+05 -.7580E+06   .9971875  .0163572 -.0731406
T 5789  1 .6379134E+07   1488000E+01 -.2770E+06  .4765E+04   .9965461 -.0396690  .0729543
T 5790  1 .6175230E+07   1488000E+01 -.3593E+06  .3210E+06   .9949542 -.0270976  .0966019
T 5791  1 .6272713E+07   1488000E+01 -.4673E+05 -.2531E+05   .9998511  .0153914  .0078005
T 5792  1 .6907235E+07   1488000E+01 -.1092E+07  .3063E+06   .9953422 -.0680137  .0683228
T 5793  1 .6694218E+07   1488000E+01 -.1581E+06  .4692E+05   .9984586 -.0554553  .0022695
T 5794  1 .5694307E+07   1488000E+01 -.1610E+07 -.1660E+06   .9913358 -.1272467 -.0325827
T 5795  1 .6317666E+07   1488000E+01 -.6022E+05 -.3169E+06   .9956289  .0389547 -.0848860
T 5796  1 .6208908E+07   1488000E+01  .4147E+06  .7511E+06   .9976641  .0666786  .0148403
T 5797  1 .6296036E+07   1488000E+01  .1208E+06  .1137E+07   .9933784  .0149366  .1139131
T 5798  1 .6386427E+07   1488000E+01  .3088E+06 -.1355E+06   .9990172  .0441410  .0040204
T 5799  1 .6404357E+07   1488000E+01 -.4413E+05  .6708E+06   .9812984 -.0278008  .1904744
T 5800  1 .6379514E+07   1488000E+01  .1261E+06  .2357E+06   .9933671  .0549852  .1009870
T 5801  1 .6369843E+07   1488000E+01  .1021E+06  .3107E+06   .9988302 -.0348293  .0335431
T 5802  1 .6477236E+07   1488000E+01 -.1850E+06  .1524E+06   .9841069 -.1084526 -.1406119
T 5803  1 .6304886E+07   1488000E+01 -.5102E+06  .4979E+06   .9961106 -.0634096  .0611787
T 5804  1 .6662937E+07   1488000E+01 -.2079E+06 -.1815E+06   .9990113 -.0378084 -.0233864
T 5805  1 .6032701E+07   1488000E+01 -.4796E+06 -.1304E+06   .9994994 -.0302822 -.0091593
T 5806  1 .6095928E+07   1488000E+01 -.4741E+06  .2394E+06   .9994085 -.0261019  .0223916
T 5807  1 .6906605E+07   1488000E+01 -.1810E+06 -.1072E+06   .9990034 -.0426265 -.0132340
T 5808  1 .6604258E+07   1488000E+01  .1676E+06 -.9922E+05   .9940450  .1043058 -.0315413
T 5809  1 .6429210E+07   1488000E+01  .1203E+06  .1741E+06   .9951645  .0447352  .0874431
T 5810  1 .6643427E+07   1488000E+01  .4604E+06  .2969E+05   .9993768 -.0169916  .0309410
T 5811  1 .6302507E+07   1488000E+01  .1726E+06 -.2223E+06   .9989685  .0444310  .0093676
T 5812  1 .6473057E+07   1488000E+01  .6888E+06 -.3081E+06   .9965756  .0732882 -.0382870
T 5813  1 .6182617E+07   1488000E+01 -.6900E+06  .9362E+06   .9911089 -.1024065  .0849478
T 5814  1 .6460600E+07   1488000E+01  .6163E+06 -.1423E+06   .9949248  .0995180 -.0148607
T 5815  1 .7002787E+07   1488000E+01 -.3851E+06 -.1257E+06   .9981184 -.0363250 -.0493986
T 5816  1 .6479201E+07   1488000E+01 -.5075E+06 -.1026E+05   .9975736 -.0684539 -.0126846
T 5817  1 .6087070E+07   1488000E+01  .4945E+05 -.1651E+06   .9972791  .0465525 -.0571597
T 5818  1 .6494979E+07   1488000E+01 -.4210E+06  .3111E+06   .9960627 -.0659545  .0592385
T 5819  1 .6642313E+07   1488000E+01 -.2206E+05  .5980E+06   .9995681  .0090721  .0279511
T 5820  1 .6567825E+07   1488000E+01  .4418E+06  .5337E+06   .9824267  .1675072  .0823354
T 5821  1 .5990801E+07   1488000E+01 -.3834E+06 -.3368E+06   .9988084 -.0424482 -.0240798
T 5822  1 .6247769E+07   1488000E+01  .1481E+06  .1157E+06   .9787711  .0584059  .1964582
T 5823  1 .5618196E+07   1488000E+01  .5068E+06  .1771E+06   .9942123  .1024392  .0323731
T 5824  1 .6509785E+07   1488000E+01 -.3488E+06 -.5548E+06   .9982725 -.0230156 -.0540589
T 5825  1 .5761103E+07   1488000E+01  .7606E+06 -.1260E+06   .9968164  .0567629  .0559911
T 5826  1 .6616715E+07   1488000E+01  .5072E+06  .6664E+06   .9950848  .0910439  .0389517
T 5827  1 .6709963E+07   1488000E+01  .4732E+06  .5180E+05   .9955614  .0892550  .0298510
T 5828  1 .6231174E+07   1488000E+01  .1258E+06 -.9178E+05   .9990337  .0322232 -.0298874
T 5829  1 .6340578E+07   1488000E+01 -.5525E+05 -.3219E+06   .9983583 -.0469650 -.0327860
T 5830  1 .6556909E+07   1488000E+01  .9501E+06  .4206E+06   .9865832  .1020745  .1274141
T 5831  1 .5938380E+07   1488000E+01 -.4511E+06 -.4689E+06   .9845018 -.1468496 -.0958720
T 5832  1 .6506626E+07   1488000E+01  .1851E+06  .6329E+06   .9910405  .0886700  .0998817
T 5833  1 .6568838E+07   1488000E+01 -.6144E+05  .1518E+06   .9985687  .0460849  .0271419
T 5834  1 .6329412E+07   1488000E+01  .1681E+06  .4055E+06   .9962458  .0570290  .0651299
T 5835  1 .6001531E+07   1488000E+01  .1825E+06  .5771E+06   .9966811  .0064569  .0811490
T 5836  1 .5737361E+07   1488000E+01 -.2804E+06  .1629E+06   .9976930 -.0508224  .0450082
T 5837  1 .6270699E+07   1488000E+01  .3466E+06  .2625E+05   .9985710  .0416044 -.0335429
T 5838  1 .4924825E+07   1488000E+01  .3332E+07  .2654E+07   .9163556  .3680961  .1574725
T 5839  1 .6121275E+07   1488000E+01 -.5782E+06  .3310E+06   .9940082 -.0508028 -.0967819
T 5840  1 .6426693E+07   1488000E+01  .2987E+06  .2553E+06   .9993185 -.0362385  .0070213
T 5841  1 .6030223E+07   1488000E+01 -.1933E+06 -.5511E+06   .9963116 -.0678645 -.0525132
T 5842  1 .6772877E+07   1488000E+01 -.1225E+07  .1005E+07   .9820286 -.1541875  .1088400
T 5843  1 .6584155E+07   1488000E+01 -.1086E+06 -.1696E+06   .9989278 -.0415487 -.0204177
T 5844  1 .6168068E+07   1488000E+01 -.4850E+06 -.1454E+06   .9972143 -.0650678 -.0364671
T 5845  1 .6418389E+07   1488000E+01  .7793E+06  .3410E+05   .9935949  .1129462 -.0035196
T 5846  1 .6617852E+07   1488000E+01 -.1326E+06 -.2477E+06   .9970590 -.0737424 -.0208689
T 5847  1 .6786023E+07   1488000E+01 -.6329E+06 -.7895E+06   .9784855 -.1369599 -.1542986
T 5848  1 .6498538E+07   1488000E+01 -.4591E+05 -.7568E+06   .9918166 -.0212531 -.1258890
T 5849  1 .6542300E+07   1488000E+01  .1786E+05 -.1238E+05   .9999648 -.0051248 -.0066489
T 5850  1 .6644161E+07   1488000E+01 -.2468E+06  .9515E+05   .9989962 -.0415872  .0166470
T 5851  1 .5972157E+07   1488000E+01  .8149E+06  .8230E+05   .9954205  .0791072 -.0536658
T 5852  1 .6466452E+07   1488000E+01 -.2713E+06  .6775E+05   .9996581 -.0256959 -.0048469
T 5853  1 .6295592E+07   1488000E+01 -.1453E+06 -.1332E+06   .9978020  .0064066 -.0659556
T 5854  1 .6444788E+07   1488000E+01  .4645E+06 -.8535E+06   .9966431  .0018366 -.0818478
T 5855  1 .6336852E+07   1488000E+01 -.1221E+06 -.3404E+06   .9910390 -.1128260 -.0714989
T 5856  1 .6788721E+07   1488000E+01 -.1160E+06  .2395E+06   .9998883  .0038141  .0144541
T 5857  1 .6337734E+07   1488000E+01 -.1469E+06  .7292E+05   .9996406 -.0212744 -.0163101
T 5858  1 .6600555E+07   1488000E+01 -.4487E+05 -.9632E+05   .9999170  .0125197 -.0030407
T 5859  1 .5893753E+07   1488000E+01 -.5569E+06 -.3365E+06   .9853043 -.1295744 -.1112918
T 5860  1 .6265083E+07   1488000E+01 -.2035E+05  .1059E+07   .9886568  .0580528  .1385190
T 5861  1 .6941013E+07   1488000E+01  .2158E+06  .6240E+06   .9917211  .0103857  .1279896
T 5862  1 .6316203E+07   1488000E+01  .7668E+05 -.4498E+06   .9952668 -.0125754 -.0963634
T 5863  1 .6704119E+07   1488000E+01  .1681E+06 -.4121E+05   .9991633  .0374117 -.0165273
T 5864  1 .6092018E+07   1488000E+01  .8581E+06 -.6905E+06   .9820654  .1001456 -.1597449
T 5865  1 .6390589E+07   1488000E+01  .3803E+06 -.4296E+06   .9959208  .0354029 -.0829965
T 5866  1 .6930350E+07   1488000E+01 -.9856E+05 -.5944E+06   .9990407 -.0209678 -.0384442
T 5867  1 .6326343E+07   1488000E+01 -.1003E+06 -.4099E+06   .9984937 -.0269682 -.0477809
T 5868  1 .6840803E+07   1488000E+01 -.5165E+06 -.1688E+05   .9974870 -.0452493 -.0545180
T 5869  1 .6654952E+07   1488000E+01  .2707E+06  .1719E+06   .9990568  .0260873 -.0347115
T 5870  1 .6200723E+07   1488000E+01 -.6181E+05 -.4051E+06   .9998225  .0048448 -.0182070
T 5871  1 .6498161E+07   1488000E+01  .2685E+06 -.1721E+06   .9959315  .0703223 -.0563489
T 5872  1 .6322891E+07   1488000E+01  .6520E+06  .4523E+06   .9925872  .0924403  .0789016
T 5873  1 .6651359E+07   1488000E+01 -.2333E+06 -.2202E+06   .9948152 -.0655542 -.0777522
T 5874  1 .6629338E+07   1488000E+01 -.1725E+06 -.3962E+06   .9965360 -.0143563 -.0819139
T 5875  1 .6467286E+07   1488000E+01 -.1288E+06 -.1147E+05   .9985403 -.0401666  .0361092
T 5876  1 .6848340E+07   1488000E+01 -.8697E+04  .6728E+06   .9965334  .0259369  .0790475
T 5877  1 .6605889E+07   1488000E+01  .8622E+05 -.6945E+06   .9924178  .0887920 -.0849873
T 5878  1 .6481105E+07   1488000E+01 -.3626E+06 -.7832E+06   .9913475 -.0452373 -.1232222
T 5879  1 .6301935E+07   1488000E+01 -.4336E+06 -.3571E+06   .9963120 -.0848581 -.0127067
T 5880  1 .6246121E+07   1488000E+01 -.6487E+06 -.9926E+05   .9973669 -.0708210 -.0156089
T 5881  1 .6641367E+07   1488000E+01  .1209E+06  .7853E+05   .9991888 -.0124363  .0383015
T 5882  1 .6629880E+07   1488000E+01 -.3526E+06  .7984E+06   .9984794 -.0373528  .0405421
T 5883  1 .6278871E+07   1488000E+01 -.3321E+06  .4472E+06   .9962844 -.0147657  .0848495
T 5884  1 .6423932E+07   1488000E+01 -.3356E+06 -.2131E+06   .9984681 -.0546092 -.0088992
T 5885  1 .6154422E+07   1488000E+01 -.4777E+06 -.6691E+06   .9729963 -.1591129 -.1672163
T 5886  1 .6340451E+07   1488000E+01 -.3463E+06  .2104E+05   .9961873 -.0677833  .0549199
T 5887  1 .6347491E+07   1488000E+01  .1960E+06 -.4857E+06   .9961880  .0269770 -.0829559
T 5888  1 .6382659E+07   1488000E+01  .4385E+05 -.5581E+05   .9946497 -.0749585 -.0710855
T 5889  1 .6174035E+07   1488000E+01 -.1910E+06  .1198E+06   .9983938 -.0502420 -.0261818
T 5890  1 .6447343E+07   1488000E+01 -.6526E+06 -.1122E+06   .9980705 -.0565595 -.0256202
T 5891  1 .6343078E+07   1488000E+01 -.1214E+06  .8362E+05   .9996994 -.0215545  .0116862
T 5892  1 .6412834E+07   1488000E+01  .3681E+06  .4155E+06   .9986259  .0013613  .0523875
T 5893  1 .5824071E+07   1488000E+01 -.1724E+06  .3643E+06   .9983530 -.0050693  .0571449
T 5894  1 .6008182E+07   1488000E+01  .2764E+06 -.1122E+06   .9999344 -.0007548  .0114296
T 5895  1 .6557843E+07   1488000E+01  .1436E+06 -.4516E+06   .9994140 -.0334023  .0074847
T 5896  1 .6508417E+07   1488000E+01 -.2113E+06 -.3561E+06   .9975837 -.0556653 -.0415708
T 5897  1 .6590292E+07   1488000E+01  .3787E+05  .5215E+05   .9985968 -.0386131  .0362427
T 5898  1 .6600916E+07   1488000E+01  .7611E+05  .2324E+06   .9994389 -.0330022 -.0057194
T 5899  1 .6249221E+07   1488000E+01  .1969E+06  .3828E+05   .9999857 -.0011360  .0052208
T 5900  1 .5996613E+07   1488000E+01  .2082E+06  .2003E+06   .9988946  .0173602  .0436836
T 5901  1 .5758336E+07   1488000E+01 -.5799E+05 -.2222E+06   .9994818  .0197859 -.0253911
T 5902  1 .6682671E+07   1488000E+01 -.9176E+04 -.1077E+06   .9995047 -.0081235 -.0304021
T 5903  1 .6037614E+07   1488000E+01  .3349E+05 -.1765E+06   .9967798 -.0437268 -.0672167
T 5904  1 .7003596E+07   1488000E+01  .1737E+05 -.2336E+06   .9996045 -.0277844 -.0043441
T 5905  1 .6206985E+07   1488000E+01  .2824E+06  .3860E+06   .9991841  .0308807  .0260295
T 5906  1 .6416234E+07   1488000E+01 -.2019E+06 -.4378E+06   .9996020 -.0207558 -.0191059
T 5907  1 .6132241E+07   1488000E+01  .1387E+06 -.1493E+06   .9987188  .0061055  .0502346
T 5908  1 .6015692E+07   1488000E+01 -.2252E+06 -.2480E+06   .9994736 -.0268694 -.0181789
T 5909  1 .6327791E+07   1488000E+01  .3251E+06  .2464E+06   .9945142 -.0343498  .0988004
T 5910  1 .6288357E+07   1488000E+01  .3160E+06  .4361E+06   .9977982  .0528999  .0400046
T 5911  1 .6302529E+07   1488000E+01 -.2141E+06  .1213E+06   .9953993 -.0646412  .0707226
T 5912  1 .6585329E+07   1488000E+01  .2482E+05 -.3495E+06   .9985121  .0543463  .0044880
T 5913  1 .6273975E+07   1488000E+01 -.1779E+06  .3041E+06   .9988912 -.0046925  .0468448
T 5914  1 .6610046E+07   1488000E+01 -.8964E+06 -.6968E+06   .9525507 -.2417496 -.1849439
T 5915  1 .5846834E+07   1488000E+01  .7649E+05 -.3890E+06   .9962285 -.0264087 -.0826517
T 5916  1 .6278648E+07   1488000E+01  .3760E+06 -.3415E+06   .9992799  .0356266 -.0130530
T 5917  1 .6348700E+07   1488000E+01  .9762E+05  .2165E+06   .9997241 -.0194867  .0131147
T 5918  1 .6777270E+07   1488000E+01  .3708E+05 -.6457E+06   .9975782  .0339628 -.0606987
T 5919  1 .6618356E+07   1488000E+01  .1290E+06 -.2457E+05   .9990420  .0406464  .0162169
T 5920  1 .6814552E+07   1488000E+01 -.5254E+06 -.2048E+06   .9929428 -.1183113  .0081862
T 5921  1 .6222671E+07   1488000E+01  .2770E+05  .3866E+06   .9981440  .0370231  .0483504
T 5922  1 .6249713E+07   1488000E+01 -.1577E+06 -.3828E+06   .9977931 -.0427954 -.0507694
T 5923  1 .6974116E+07   1488000E+01  .4397E+06  .5170E+05   .9977414  .0558339  .0373452
T 5924  1 .6359399E+07   1488000E+01 -.4279E+06  .2307E+06   .9979232 -.0336016  .0549556
T 5925  1 .6221925E+07   1488000E+01  .9957E+06  .5222E+06   .9775183  .1772055  .1142636
T 5926  1 .5909614E+07   1488000E+01  .2788E+06  .3908E+06   .9863204  .0286428  .1623319
T 5927  1 .6450622E+07   1488000E+01 -.5828E+05 -.8760E+06   .9943198 -.0273190 -.1028683
T 5928  1 .6417252E+07   1488000E+01 -.5467E+06  .3964E+06   .9945632 -.0637345  .0823525
T 5929  1 .6213192E+07   1488000E+01  .1206E+06  .4117E+06   .9977212 -.0101234  .0667076
T 5930  1 .6610093E+07   1488000E+01  .1328E+06  .2341E+06   .9985763  .0219104  .0486334
T 5931  1 .5982803E+07   1488000E+01 -.9205E+04 -.2369E+06   .9979201 -.0467981 -.0443338
T 5932  1 .6636480E+07   1488000E+01  .5100E+06 -.6200E+06   .9990196  .0355167 -.0264281
T 5933  1 .6850006E+07   1488000E+01  .2013E+06  .1360E+06   .9969707 -.0669376  .0396088
T 5934  1 .6069636E+07   1488000E+01 -.7895E+05  .1438E+05   .9996643  .0252058  .0060018
T 5935  1 .6691014E+07   1488000E+01  .2854E+06 -.1753E+06   .9995417  .0301825 -.0023105
T 5936  1 .6427925E+07   1488000E+01  .6367E+06 -.3909E+06   .9974539  .0592932 -.0396247
T 5937  1 .6382758E+07   1488000E+01  .5499E+06  .2966E+06   .9959597  .0854495 -.0276168
T 5938  1 .6509780E+07   1488000E+01 -.5604E+05  .4185E+06   .9985367  .0537760 -.0057141
T 5939  1 .6363388E+07   1488000E+01 -.2780E+06  .7232E+05   .9971242 -.0744655 -.0140823
T 5940  1 .6198386E+07   1488000E+01 -.2712E+06  .5200E+06   .9991076  .0127437  .0402686
T 5941  1 .6408122E+07   1488000E+01  .3985E+05 -.8050E+06   .9940696  .0122983 -.1080479
T 5942  1 .6214783E+07   1488000E+01 -.1402E+06  .8163E+05   .9988510 -.0298991 -.0374521
T 5943  1 .5970163E+07   1488000E+01 -.1532E+05  .2571E+06   .9991227 -.0101940  .0406182
T 5944  1 .6693434E+07   1488000E+01 -.3712E+06  .4484E+05   .9987785 -.0323926 -.0373119
T 5945  1 .6274593E+07   1488000E+01 -.6889E+05  .1143E+06   .9527468  .2454875  .1789118
T 5946  1 .6620371E+07   1488000E+01 -.3577E+05 -.4173E+05   .9987144  .0356323 -.0360549
T 5947  1 .6353000E+07   1488000E+01 -.5186E+06 -.2416E+06   .9861830 -.1645591  .0190629
T 5948  1 .6516312E+07   1488000E+01 -.3302E+06  .1723E+06   .9971671 -.0738340  .0143644
T 5949  1 .6402832E+07   1488000E+01  .5530E+04  .1031E+06   .9950748  .0912918  .0386247
T 5950  1 .6891282E+07   1488000E+01  .3739E+06  .2856E+06   .9986485  .0295560  .0427508
T 5951  1 .6586917E+07   1488000E+01 -.5157E+05  .7573E+05   .9989351 -.0062204  .0457152
T 5952  1 .6755826E+07   1488000E+01 -.9361E+04  .1036E+06   .9997567 -.0220552 -.0003893
T 5953  1 .7256568E+07   1488000E+01  .3322E+06  .6268E+05   .9972979  .0713121  .0176471
T 5954  1 .6130506E+07   1488000E+01  .4358E+06  .1042E+06   .9973104  .0724780  .0109045
T 5955  1 .6539651E+07   1488000E+01  .1368E+06  .1672E+06   .9978288  .0609360  .0249886
T 5956  1 .6818190E+07   1488000E+01 -.7633E+05  .2629E+06   .9954971 -.0282870  .0904733
T 5957  1 .6191004E+07   1488000E+01  .3615E+06 -.3666E+06   .9945404  .0843172 -.0614825
T 5958  1 .6482285E+07   1488000E+01 -.1930E+05  .5384E+06   .9948903 -.0163126  .0996353
T 5959  1 .6157955E+07   1488000E+01 -.7580E+05 -.3719E+06   .9984210 -.0286105 -.0483416
T 5960  1 .6456207E+07   1488000E+01  .1445E+06 -.7618E+06   .9974773  .0134837 -.0696942
T 5961  1 .6485412E+07   1488000E+01  .6981E+05 -.4210E+06   .9952949  .0001485 -.0968916
T 5962  1 .5838521E+07   1488000E+01 -.4214E+06 -.3517E+06   .9951186 -.0580035 -.0798415
T 5963  1 .6123484E+07   1488000E+01 -.4072E+06  .1633E+06   .9990755 -.0390644  .0179459
T 5964  1 .6766570E+07   1488000E+01 -.2927E+06  .3532E+06   .9994923 -.0257930  .0187062
T 5965  1 .6157174E+07   1488000E+01  .2935E+06 -.1879E+06   .9968264 -.0562773  .0563027
T 5966  1 .6029736E+07   1488000E+01  .1316E+06 -.1463E+06   .9995149 -.0310021 -.0029827
T 5967  1 .6427839E+07   1488000E+01  .9500E+05  .6139E+05   .9984526  .0483649  .0274450
T 5968  1 .6300201E+07   1488000E+01  .1701E+06  .4612E+06   .9999584  .0061320  .0067513
T 5969  1 .6600414E+07   1488000E+01  .7145E+05  .1959E+06   .9984763 -.0365714  .0413227
T 5970  1 .6390684E+07   1488000E+01 -.2992E+06 -.1297E+06   .9974853 -.0493237 -.0508952
T 5971  1 .6092832E+07   1488000E+01  .5702E+05  .9435E+05   .9983718  .0567042 -.0061991
T 5972  1 .6300390E+07   1488000E+01 -.1437E+05  .1829E+05   .9992293 -.0309548  .0241359
T 5973  1 .6092216E+07   1488000E+01  .6144E+06 -.2214E+06   .9979265  .0138381 -.0628591
T 5974  1 .6029558E+07   1488000E+01 -.1789E+07  .2080E+06   .9770009 -.2122065  .0209207
T 5975  1 .6518988E+07   1488000E+01 -.4031E+05  .3260E+06   .9994486 -.0149482  .0296504
T 5976  1 .6194090E+07   1488000E+01  .2189E+06  .5998E+06   .9912986  .0636682  .1152106
T 5977  1 .6560733E+07   1488000E+01 -.6901E+05  .1525E+06   .9995525 -.0097067  .0282947
T 5978  1 .6454604E+07   1488000E+01  .2580E+06 -.1180E+07   .9746593  .0555204 -.2166948
T 5979  1 .6595126E+07   1488000E+01 -.2594E+06  .4856E+05   .9968281 -.0573155 -.0552155
T 5980  1 .6521987E+07   1488000E+01 -.4247E+05 -.8348E+05   .9995648  .0219512  .0197051
T 5981  1 .6314520E+07   1488000E+01 -.2056E+06  .1393E+06   .9963593 -.0777399  .0349940
T 5982  1 .6736470E+07   1488000E+01  .1928E+06  .6586E+04   .9996152  .0261528  .0092426
T 5983  1 .6309839E+07   1488000E+01  .3875E+06 -.2679E+06   .9953037  .0900092 -.0356221
T 5984  1 .6160354E+07   1488000E+01  .3701E+06  .4745E+06   .9990941  .0366501  .0216263
T 5985  1 .6540862E+07   1488000E+01 -.7474E+05 -.1155E+06   .9985724 -.0316297 -.0430430
T 5986  1 .6582299E+07   1488000E+01  .4152E+06  .1196E+05   .9970040  .0770200  .0071439
T 5987  1 .6591139E+07   1488000E+01 -.8934E+04 -.3633E+06   .9989308  .0301563 -.0350419
T 5988  1 .6439873E+07   1488000E+01  .3966E+06 -.2773E+06   .9983420  .0450031 -.0358886
T 5989  1 .6422872E+07   1488000E+01  .1248E+06  .1635E+06   .9950375  .0991357 -.0085142
T 5990  1 .6159439E+07   1488000E+01 -.3885E+06  .1166E+07   .9880583 -.0461017  .1470217
T 5991  1 .6617064E+07   1488000E+01  .5753E+06  .1939E+06   .9989700  .0390045  .0231862
T 5992  1 .6826834E+07   1488000E+01 -.2462E+05  .1862E+05   .9991318 -.0350413  .0225343
T 5993  1 .6524426E+07   1488000E+01 -.4496E+05  .2062E+05   .9999456 -.0004673 -.0104206
T 5994  1 .6520267E+07   1488000E+01 -.7948E+05 -.2076E+05   .9999825 -.0043703 -.0039913
T 5995  1 .6311560E+07   1488000E+01  .2365E+06  .1114E+06   .9979666  .0615957  .0163878
T 5996  1 .6801336E+07   1488000E+01 -.1091E+06 -.3056E+06   .9980398 -.0605895  .0156676
T 5997  1 .6974727E+07   1488000E+01  .3819E+05 -.8529E+05   .9996961 -.0230293 -.0087955
T 5998  1 .5941756E+07   1488000E+01  .9915E+05 -.6807E+05   .9998424  .0176730  .0016601
T 5999  1 .6434739E+07   1488000E+01  .4622E+05  .1057E+06   .9991927  .0399439 -.0042895
T 6000  1 .6920927E+07   1488000E+01  .2825E+06 -.2265E+06   .9991725  .0120558  .0388452
T 6001  1 .6473609E+07   1488000E+01  .6493E+06 -.2626E+06   .9961828  .0695252 -.0527830
T 6002  1 .6342052E+07   1488000E+01  .2427E+06  .2440E+06   .9985400  .0383434  .0380487
T 6003  1 .6433976E+07   1488000E+01  .3809E+05 -.2882E+06   .9989211 -.0055328 -.0461094
T 6004  1 .6889255E+07   1488000E+01  .2945E+06 -.3183E+06   .9981989  .0001154 -.0599909
T 6005  1 .7244789E+07   1488000E+01 -.4586E+06 -.1917E+06   .9983144 -.0219409 -.0537303
T 6006  1 .6149974E+07   1488000E+01  .5488E+06  .1163E+06   .9987889  .0227580  .0436202
T 6007  1 .5938246E+07   1488000E+01  .4522E+05  .3312E+06   .9997021 -.0063358  .0235697
T 6008  1 .6912491E+07   1488000E+01 -.1783E+06 -.4587E+06   .9995079 -.0181699 -.0255685
T 6009  1 .5368403E+07   1488000E+01 -.2802E+06 -.6287E+06   .9680782 -.0345989 -.2482489
T 6010  1 .6556841E+07   1488000E+01  .2570E+06  .1895E+06   .9994936  .0162796  .0273420
T 6011  1 .6233867E+07   1488000E+01 -.1033E+06  .1164E+06   .9989074  .0195026  .0424686
T 6012  1 .6850577E+07   1488000E+01 -.3032E+06 -.1552E+06   .9966392 -.0654017 -.0493256
T 6013  1 .6405848E+07   1488000E+01  .2703E+06 -.2876E+06   .9998278  .0117918 -.0143323
T 6014  1 .6886310E+07   1488000E+01 -.4270E+06 -.3120E+06   .9979249 -.0615148 -.0190231
T 6015  1 .7010107E+07   1488000E+01 -.3509E+06  .3614E+06   .9852483 -.1634664  .0506416
T 6016  1 .6608812E+07   1488000E+01  .5510E+06 -.1847E+06   .9939893  .1035808 -.0354428
T 6017  1 .6908603E+07   1488000E+01 -.1065E+06  .1031E+07   .9926751 -.0297901  .1170840
T 6018  1 .6258559E+07   1488000E+01  .2436E+06  .2404E+06   .9959568  .0799039  .0410548
T 6019  1 .6331752E+07   1488000E+01  .8225E+06 -.7708E+06   .9967954  .0756787 -.0259173
T 6020  1 .7047967E+07   1488000E+01 -.4203E+06  .2448E+06   .9950956 -.0903862  .0401873
T 6021  1 .6412508E+07   1488000E+01 -.6969E+05 -.6064E+05   .9992243 -.0158243 -.0360606
T 6022  1 .6722263E+07   1488000E+01 -.2823E+06  .1894E+06   .9972837 -.0729413  .0102364
T 6023  1 .6575742E+07   1488000E+01 -.1156E+06 -.9339E+05   .9994001  .0339580  .0068095
T 6024  1 .6632968E+07   1488000E+01  .1901E+05  .1794E+06   .9992857  .0240380 -.0291592
T 6025  1 .6679472E+07   1488000E+01 -.1270E+06  .1878E+06   .9996667 -.0146544 -.0212527
T 6026  1 .6706375E+07   1488000E+01  .2580E+06 -.4497E+04   .9961733  .0674368  .0555972
T 6027  1 .6739466E+07   1488000E+01 -.4506E+06  .1827E+06   .9986711 -.0423565  .0293585
T 6028  1 .6537574E+07   1488000E+01 -.4737E+06  .1464E+06   .9988133 -.0473237  .0115109
T 6029  1 .6309730E+07   1488000E+01 -.3483E+06  .3999E+06   .9975493 -.0645767  .0269310
T 6030  1 .6063579E+07   1488000E+01  .1755E+06  .4561E+06   .9911660  .1053476  .0805721
T 6031  1 .5951449E+07   1488000E+01  .1290E+05  .5037E+05   .9999455 -.0104358  .0000066
T 6032  1 .6719275E+07   1488000E+01 -.3673E+06  .2965E+06   .9980573 -.0562298  .0268286
T 6033  1 .6210593E+07   1488000E+01 -.3199E+06  .3910E+06   .9868451 -.0801299  .1404132
T 6034  1 .6558514E+07   1488000E+01 -.4123E+06 -.8789E+06   .9938922 -.0642186 -.0897460
T 6035  1 .6231911E+07   1488000E+01  .1742E+06 -.3324E+06   .9956724 -.0321624 -.0871895
T 6036  1 .6445641E+07   1488000E+01  .9241E+05 -.2678E+06   .9999818  .0004288 -.0060211
T 6037  1 .6585514E+07   1488000E+01  .4134E+06  .6094E+06   .9947750  .0472079  .0905215
T 6038  1 .6618578E+07   1488000E+01 -.1892E+06 -.6930E+06   .9978957  .0172297 -.0625083
T 6039  1 .6414517E+07   1488000E+01 -.4081E+06  .8691E+05   .9978674 -.0583569  .0292412
T 6040  1 .6537925E+07   1488000E+01  .5979E+05  .3066E+06   .9940444  .0511961  .0962018
T 6041  1 .6243541E+07   1488000E+01 -.5768E+06 -.3001E+06   .9991283 -.0356286 -.0217527
T 6042  1 .6003364E+07   1488000E+01 -.2993E+06  .6734E+06   .9965445 -.0075335  .0827183
T 6043  1 .6437110E+07   1488000E+01  .5007E+06  .1164E+06   .9953832  .0710827  .0644947
T 6044  1 .6523711E+07   1488000E+01  .2142E+06 -.5796E+06   .9996903  .0111591 -.0222448
T 6045  1 .6581405E+07   1488000E+01 -.1460E+06  .6521E+05   .9990092 -.0172120  .0410420
T 6046  1 .6706875E+07   1488000E+01  .2510E+05  .2802E+06   .9999981  .0014956  .0012714
T 6047  1 .6354095E+07   1488000E+01  .1628E+06 -.4737E+06   .9967355  .0326389  .0738445
T 6048  1 .5934962E+07   1488000E+01  .5539E+05  .7481E+06   .9965054  .0394737  .0736125
T 6049  1 .6184983E+07   1488000E+01  .6147E+05 -.8870E+06   .9948593  .0113119 -.1006329
T 6050  1 .6229530E+07   1488000E+01  .1790E+06 -.9988E+05   .9957496  .0899059 -.0199899
T 6051  1 .5643600E+07   1488000E+01  .1194E+06 -.8437E+06   .9942748 -.0219749 -.1045690
T 6052  1 .6093921E+07   1488000E+01 -.2295E+06  .5478E+06   .9910827  .0086860  .1329649
T 6053  1 .6605510E+07   1488000E+01 -.4760E+06 -.1942E+05   .9984137 -.0514550 -.0228554
T 6054  1 .6363572E+07   1488000E+01 -.2058E+06 -.1033E+06   .9978496 -.0586645 -.0292351
T 6055  1 .6527165E+07   1488000E+01  .2546E+05 -.4170E+06   .9891069  .1259298 -.0762185
T 6056  1 .6340569E+07   1488000E+01 -.3188E+06  .4426E+06   .9971456 -.0333970  .0677151
T 6057  1 .6325116E+07   1488000E+01 -.1190E+06  .4217E+06   .9963335 -.0489077  .0701966
T 6058  1 .5765424E+07   1488000E+01 -.2589E+06  .4880E+06   .9942305 -.0529520  .0932838
T 6059  1 .6862844E+07   1488000E+01  .5825E+05 -.2512E+06   .9951257 -.0511343 -.0843211
T 6060  1 .6726800E+07   1488000E+01  .4700E+06  .1749E+06   .9975323  .0507742  .0484897
T 6061  1 .6491372E+07   1488000E+01 -.1618E+06  .2597E+05   .9996729  .0023765 -.0254634
T 6062  1 .6654480E+07   1488000E+01 -.3512E+03 -.1168E+06   .9990569  .0433503  .0024745
T 6063  1 .6254135E+07   1488000E+01  .1030E+07 -.6320E+06   .9769821  .2118110 -.0253378
T 6064  1 .6359783E+07   1488000E+01  .4259E+06  .3287E+04   .9971665  .0749458  .0064948
T 6065  1 .5987579E+07   1488000E+01 -.1473E+07 -.5034E+06   .9914619 -.1258624 -.0340877
T 6066  1 .7192069E+07   1488000E+01  .2670E+06  .4811E+06   .9962367  .0121026  .0858256
T 6067  1 .6264557E+07   1488000E+01 -.5376E+06  .1840E+06   .9944048 -.1055930 -.0030214
T 6068  1 .6582415E+07   1488000E+01  .1824E+06 -.4873E+06   .9971785  .0030664 -.0750039
T 6069  1 .6483626E+07   1488000E+01  .1532E+06  .3149E+06   .9942364  .0218354  .1049627
T 6070  1 .6754761E+07   1488000E+01 -.6698E+06 -.4243E+06   .9911907 -.1154282 -.0649413
T 6071  1 .6635617E+07   1488000E+01 -.2399E+06 -.6151E+04   .9996215 -.0113185 -.0250740
T 6072  1 .6113362E+07   1488000E+01  .2139E+06 -.1774E+06   .9985068  .0304278 -.0453690
T 6073  1 .6337577E+07   1488000E+01 -.2370E+06  .6953E+06   .9921453 -.0138778  .1243184
T 6074  1 .6133024E+07   1488000E+01  .2049E+06 -.8911E+06   .9983736  .0177741 -.0541686
T 6075  1 .6125340E+07   1488000E+01 -.3710E+06 -.3694E+06   .9976292 -.0603564 -.0330632
T 6076  1 .6440753E+07   1488000E+01  .7655E+05 -.3852E+06   .9973167 -.0003306 -.0732067
T 6077  1 .6136610E+07   1488000E+01  .5666E+06 -.1662E+06   .9960167  .0890268 -.0050016
T 6078  1 .6947014E+07   1488000E+01  .5643E+06  .1339E+06   .9775960  .1769657  .1139701
T 6079  1 .6542666E+07   1488000E+01  .2658E+06  .3239E+06   .9958736  .0639443  .0643972
T 6080  1 .6307075E+07   1488000E+01 -.1792E+06 -.4469E+06   .9965808  .0189449 -.0804225
T 6081  1 .6498486E+07   1488000E+01 -.9513E+05  .2863E+06   .9990324 -.0396327  .0190674
T 6082  1 .6688462E+07   1488000E+01 -.2847E+06 -.3340E+06   .9995443 -.0290458  .0082203
T 6083  1 .6311579E+07   1488000E+01 -.7433E+05  .6187E+06   .9961577  .0124717  .0866852
T 6084  1 .6013742E+07   1488000E+01  .2958E+06  .1313E+06   .9995559  .0269355 -.0127506
T 6085  1 .6570360E+07   1488000E+01 -.5547E+05  .2813E+06   .9996678  .0053913  .0252037
T 6086  1 .6433546E+07   1488000E+01  .7425E+06  .2072E+05   .9995251  .0142370 -.0273273
T 6087  1 .6192416E+07   1488000E+01 -.4950E+05  .3825E+06   .9993381 -.0130181  .0339695
T 6088  1 .6607578E+07   1488000E+01 -.2054E+06  .8033E+05   .9970426 -.0610082 -.0467336
T 6089  1 .6271312E+07   1488000E+01 -.1266E+06  .6721E+06   .9957383 -.0892094  .0233854
T 6090  1 .6757805E+07   1488000E+01  .2980E+06  .1635E+06   .9968438  .0657537  .0444842
T 6091  1 .6560754E+07   1488000E+01  .5134E+06  .2924E+06   .9959004  .0820835  .0380097
T 6092  1 .6230644E+07   1488000E+01  .3861E+06  .2032E+06   .9970268  .0750718  .0173720
T 6093  1 .6651638E+07   1488000E+01  .7910E+06  .3117E+06   .9947440  .0684372  .0761627
T 6094  1 .6224628E+07   1488000E+01  .5387E+06 -.3314E+06   .9955670  .0832232 -.0438200
T 6095  1 .6165076E+07   1488000E+01 -.7547E+06 -.2417E+07   .9833580 -.1084561 -.1457545
T 6096  1 .5973321E+07   1488000E+01  .1193E+06  .1467E+06   .9975374  .0637740  .0291878
T 6097  1 .6121997E+07   1488000E+01 -.1325E+06  .3258E+06   .9912310 -.0339387  .1277079
T 6098  1 .6142315E+07   1488000E+01  .1514E+06  .7197E+05   .9992722  .0344174 -.0164443
T 6099  1 .6734824E+07   1488000E+01  .2700E+05 -.2878E+06   .9995075  .0076451 -.0304364
T 6100  1 .6644362E+07   1488000E+01  .2695E+06  .4490E+05   .9952018  .0679145  .0704340
T 6101  1 .5966548E+07   1488000E+01  .2376E+06  .3829E+05   .9990935 -.0368447  .0213231
T 6102  1 .5758773E+07   1488000E+01 -.1836E+06  .1391E+06   .9989500 -.0329246  .0318559
T 6103  1 .6798896E+07   1488000E+01  .7233E+06  .1818E+05   .9916307  .1267041  .0247903
T 6104  1 .6418051E+07   1488000E+01 -.3324E+06 -.7047E+04   .9992820 -.0324141 -.0196187
T 6105  1 .6119696E+07   1488000E+01  .5886E+05  .1221E+06   .9999845  .0042734 -.0035732
T 6106  1 .6349469E+07   1488000E+01  .1110E+05  .1113E+06   .9998032 -.0194926  .0036763
T 6107  1 .6410257E+07   1488000E+01  .9505E+05  .1247E+06   .9999509 -.0064423  .0075313
T 6108  1 .5744776E+07   1488000E+01  .1497E+06 -.3131E+06   .9978547 -.0029959 -.0653990
T 6109  1 .6372328E+07   1488000E+01  .2446E+06  .2236E+06   .9990200  .0250505  .0364896
T 6110  1 .6418503E+07   1488000E+01  .2709E+06 -.8076E+06   .9963470  .0253274 -.0815552
T 6111  1 .6764385E+07   1488000E+01  .1813E+06  .3136E+06   .9973052 -.0127941  .0722409
T 6112  1 .6546335E+07   1488000E+01  .8129E+05 -.1815E+06   .9998720 -.0133755 -.0087839
T 6113  1 .6292163E+07   1488000E+01  .5299E+05 -.4278E+06   .9959056 -.0264933 -.0864302
T 6114  1 .5945844E+07   1488000E+01  .3286E+06 -.4324E+05   .9992903 -.0341873 -.0158132
T 6115  1 .6242744E+07   1488000E+01 -.6358E+06 -.5917E+06   .9957622 -.0349865 -.0850500
T 6116  1 .6639302E+07   1488000E+01  .2813E+05 -.8547E+05   .9990559 -.0380124 -.0210347
T 6117  1 .6525862E+07   1488000E+01  .1782E+06 -.4163E+06   .9989977  .0423620  .0144577
T 6118  1 .6223989E+07   1488000E+01 -.1609E+06 -.5597E+06   .9988560 -.0172557 -.0445975
T 6119  1 .5930392E+07   1488000E+01 -.8826E+06  .7431E+03   .9970264 -.0677269  .0367631
T 6120  1 .6441628E+07   1488000E+01 -.1511E+06  .1104E+06   .9973655  .0570906  .0447516
T 6121  1 .6038620E+07   1488000E+01 -.1288E+06 -.7378E+05   .9998124 -.0029069  .0191521
T 6122  1 .6229089E+07   1488000E+01 -.4290E+06  .1218E+07   .9963437 -.0351069  .0778896
T 6123  1 .6274548E+07   1488000E+01  .3669E+06 -.3236E+06   .9970339  .0389102 -.0664039
T 6124  1 .6987593E+07   1488000E+01  .2853E+05  .2374E+06   .9996162  .0002692  .0277003
T 6125  1 .6827093E+07   1488000E+01 -.6560E+06 -.3943E+06   .9938750 -.1001628 -.0466885
T 6126  1 .6198176E+07   1488000E+01 -.3132E+06 -.1584E+06   .9976643  .0221710 -.0646103
T 6127  1 .6729531E+07   1488000E+01  .7430E+05 -.1595E+07   .9834673  .0317869 -.1782739
T 6128  1 .6660240E+07   1488000E+01 -.4563E+06 -.8791E+05   .9994999 -.0312131 -.0050739
T 6129  1 .6459666E+07   1488000E+01  .2596E+06 -.2631E+06   .9956853 -.0735287 -.0566067
T 6130  1 .6409825E+07   1488000E+01  .4503E+04  .4774E+05   .9999012  .0134444 -.0040938
T 6131  1 .6847861E+07   1488000E+01 -.3056E+06 -.8088E+04   .9965393 -.0824218 -.0107735
T 6132  1 .5796687E+07   1488000E+01  .2262E+06  .2651E+06   .9960689  .0880379 -.0098062
T 6133  1 .6923334E+07   1488000E+01 -.3104E+06  .1828E+06   .9951711 -.0680385  .0707484
T 6134  1 .5500360E+07   1488000E+01  .8705E+06  .8999E+06   .9494770  .2286790  .2149403
T 6135  1 .6074827E+07   1488000E+01  .1532E+06  .4032E+06   .9376551  .3416054  .0640985
T 6136  1 .6522733E+07   1488000E+01 -.1784E+06  .1948E+05   .9981774 -.0459055  .0391733
T 6137  1 .6501758E+07   1488000E+01 -.2294E+06 -.8912E+05   .9628401  .0052670  .2700208
T 6138  1 .6273779E+07   1488000E+01 -.1130E+05  .6744E+05   .9988565  .0361091 -.0313343
T 6139  1 .6626280E+07   1488000E+01  .8229E+05 -.8296E+04   .9998625 -.0139702 -.0089341
T 6140  1 .5286283E+07   1488000E+01 -.3095E+07  .4938E+06   .8641633 -.4952125  .0893665
T 6141  1 .6621943E+07   1488000E+01 -.3823E+05 -.4985E+05   .9998866 -.0082281 -.0126143
T 6142  1 .6570812E+07   1488000E+01  .1870E+06  .5771E+06   .9978544  .0404099  .0515132
T 6143  1 .6746816E+07   1488000E+01  .5530E+06  .5902E+06   .9861049  .1130463  .1217281
T 6144  1 .6831236E+07   1488000E+01 -.3129E+06  .2799E+05   .9993523 -.0305087  .0190815
T 6145  1 .6911852E+07   1488000E+01  .2912E+06 -.3241E+06   .9972575  .0588975 -.0448178
T 6146  1 .5974660E+07   1488000E+01 -.3183E+06 -.3604E+06   .9969741 -.0480785 -.0610828
T 6147  1 .6512053E+07   1488000E+01  .1969E+06  .3763E+06   .9989718  .0110942  .0439568
T 6148  1 .5890059E+07   1488000E+01 -.2445E+06  .6091E+06   .9894775 -.0565800  .1331654
T 6149  1 .6692881E+07   1488000E+01  .5753E+06  .1629E+06   .9977936  .0660797 -.0064315
T 6150  1 .6386013E+07   1488000E+01  .1028E+06  .2767E+06   .9995965  .0052470  .0279156
T 6151  1 .6572774E+07   1488000E+01 -.1973E+06 -.3118E+06   .9997897  .0036407 -.0201799
T 6152  1 .6787226E+07   1488000E+01  .1325E+06  .4679E+06   .9976334  .0331736  .0602258
T 6153  1 .6948098E+07   1488000E+01 -.3132E+06 -.1691E+05   .9987494 -.0471803 -.0165424
T 6154  1 .6465525E+07   1488000E+01  .3104E+06  .5156E+06   .9953670  .0733731  .0621369
T 6155  1 .6385518E+07   1488000E+01  .3731E+06 -.8975E+04   .9992459  .0375244  .0099740
T 6156  1 .6092265E+07   1488000E+01  .9155E+05 -.7866E+05   .9996835  .0223172  .0116088
T 6157  1 .6325300E+07   1488000E+01  .3645E+06  .1633E+06   .9968547  .0610696  .0505091
T 6158  1 .6904426E+07   1488000E+01 -.5683E+06  .1565E+06   .9977747 -.0660784  .0089036
T 6159  1 .6507406E+07   1488000E+01  .2529E+06 -.3959E+06   .9985123  .0339610 -.0426585
T 6160  1 .6152083E+07   1488000E+01 -.3254E+06  .6823E+06   .9920966 -.0622248  .1089603
T 6161  1 .6741437E+07   1488000E+01 -.2943E+05  .1536E+06   .9988887  .0452755  .0130992
T 6162  1 .6322634E+07   1488000E+01 -.1507E+06  .3308E+05   .9987778 -.0354701 -.0344204
T 6163  1 .6222342E+07   1488000E+01  .1432E+06  .1592E+06   .9993376 -.0121906  .0342902
T 6164  1 .6249848E+07   1488000E+01 -.1098E+07  .1481E+06   .9786266 -.2050834  .0151927
T 6165  1 .6163590E+07   1488000E+01 -.4915E+06  .2919E+06   .9956945 -.0897545  .0231625
T 6166  1 .6972662E+07   1488000E+01  .2082E+06 -.8720E+05   .9991205  .0105200 -.0405899
T 6167  1 .6425337E+07   1488000E+01  .4628E+05 -.6485E+06   .9959274  .0026955 -.0901184
T 6168  1 .6763421E+07   1488000E+01 -.2841E+06  .8839E+05   .9992794 -.0078423  .0371360
T 6169  1 .6846857E+07   1488000E+01 -.6029E+04  .3476E+06   .9992688 -.0018109  .0381922
T 6170  1 .6773738E+07   1488000E+01 -.4121E+06  .2983E+06   .9988848 -.0444561  .0159029
T 6171  1 .6189809E+07   1488000E+01 -.3876E+06 -.5888E+05   .9992714 -.0354083  .0142477
T 6172  1 .5968092E+07   1488000E+01  .2247E+06 -.1239E+06   .9975873  .0655920 -.0227425
T 6173  1 .6453300E+07   1488000E+01 -.4862E+06 -.1540E+06   .9908735 -.0658124  .1176370
T 6174  1 .5984308E+07   1488000E+01 -.1142E+06  .1482E+06   .9990479  .0118633  .0419837
T 6175  1 .6073459E+07   1488000E+01  .3198E+06 -.8032E+04   .9991507  .0235772  .0337937
T 6176  1 .6810086E+07   1488000E+01 -.1867E+06 -.2670E+06   .9996364  .0007185 -.0269549
T 6177  1 .6747184E+07   1488000E+01 -.2331E+06 -.3399E+06   .9930087  .0441258 -.1094837
T 6178  1 .6701095E+07   1488000E+01  .1971E+06  .3628E+06   .9996255  .0038911  .0270889
T 6179  1 .6220023E+07   1488000E+01 -.2141E+05  .9878E+05   .9998359  .0060149  .0170855
T 6180  1 .6341854E+07   1488000E+01  .6879E+06 -.6827E+06   .9907823  .0708182 -.1154785
T 6181  1 .6309931E+07   1488000E+01  .7628E+06 -.3927E+06   .9968392  .0590218 -.0531783
T 6182  1 .6301416E+07   1488000E+01 -.3664E+06 -.2761E+05   .9997498  .0045339  .0219051
T 6183  1 .6480825E+07   1488000E+01 -.5890E+06  .5482E+06   .9944982 -.0520077  .0909318
T 6184  1 .6403902E+07   1488000E+01  .3343E+05  .2089E+06   .9985050 -.0410001  .0361487
T 6185  1 .6511847E+07   1488000E+01  .6223E+05 -.1694E+06   .9988628  .0287500 -.0380333
T 6186  1 .6300178E+07   1488000E+01  .1027E+06 -.4044E+06   .9988555  .0314703 -.0360168
T 6187  1 .5899231E+07   1488000E+01 -.5585E+06 -.7466E+04   .9985274 -.0382993  .0384221
T 6188  1 .6717205E+07   1488000E+01  .7761E+05 -.2549E+06   .9937391  .0821091 -.0757668
T 6189  1 .6395553E+07   1488000E+01  .2557E+05  .2617E+06   .9987890 -.0176850  .0459100
T 6190  1 .6602862E+07   1488000E+01  .1364E+06  .3725E+06   .9974040  .0648986  .0311999
T 6191  1 .6524776E+07   1488000E+01 -.3493E+06  .1914E+06   .9994578 -.0327108 -.0037491
T 6192  1 .6928928E+07   1488000E+01  .1241E+04  .4332E+06   .9976730  .0233277  .0640660
T 6193  1 .6297885E+07   1488000E+01  .3166E+06 -.5178E+06   .9981895  .0548072 -.0247774
T 6194  1 .6066134E+07   1488000E+01 -.2968E+06 -.5143E+06   .9974137 -.0330487 -.0638258
T 6195  1 .6904068E+07   1488000E+01  .2486E+06 -.1283E+06   .9949677  .0347156 -.0939903
T 6196  1 .6730600E+07   1488000E+01  .7169E+06 -.1135E+06   .9944349  .1036244 -.0190057
T 6197  1 .7144749E+07   1488000E+01 -.3296E+06  .9143E+05   .9988449 -.0278875  .0391306
T 6198  1 .6428108E+07   1488000E+01 -.3522E+06 -.1742E+06   .9973502 -.0721207 -.0095454
T 6199  1 .6580286E+07   1488000E+01 -.1518E+06  .2603E+06   .9997340  .0021767  .0229602
T 6200  1 .6623163E+07   1488000E+01  .2526E+06  .5459E+05   .9993017  .0194200 -.0319200
T 6201  1 .6358721E+07   1488000E+01  .5173E+05 -.5703E+06   .9969062  .0140499 -.0773349
T 6202  1 .6981703E+07   1488000E+01 -.3255E+06  .3965E+06   .9920834 -.0839433  .0934024
T 6203  1 .6280110E+07   1488000E+01 -.5109E+06  .5740E+06   .9976449 -.0231812  .0645545
T 6204  1 .4746148E+07   1488000E+01 -.5004E+06 -.3518E+06   .1589749 -.9569219 -.2429557
T 6205  1 .6676449E+07   1488000E+01 -.1658E+06  .2620E+06   .9978474 -.0002870  .0655779
T 6206  1 .6898900E+07   1488000E+01 -.2551E+06 -.2016E+06   .9995943 -.0254083  .0128674
T 6207  1 .6318891E+07   1488000E+01  .5913E+05 -.1509E+06   .9925797 -.0371943  .1157679
T 6208  1 .6331409E+07   1488000E+01 -.1894E+06 -.1070E+06   .9981688  .0338298 -.0501464
T 6209  1 .7096751E+07   1488000E+01  .1702E+06 -.4130E+05   .9991665  .0401978  .0071008
T 6210  1 .6224528E+07   1488000E+01  .1159E+07  .2105E+07   .9681246  .1310693  .2134375
T 6211  1 .6042857E+07   1488000E+01 -.2123E+06  .4412E+06   .9970358 -.0504439  .0580957
T 6212  1 .3406423E+07   1488000E+01 -.5337E+07 -.3317E+07   .8839652 -.3933485 -.2527498
T 6213  1 .6836442E+07   1488000E+01  .4386E+06 -.2008E+06   .9960426  .0882165  .0108146
T 6214  1 .6350840E+07   1488000E+01 -.9785E+05 -.1655E+06   .9998237 -.0176846  .0063077
T 6215  1 .5937167E+07   1488000E+01  .2345E+06 -.3443E+06   .9946056  .0570030 -.0866629
T 6216  1 .6530789E+07   1488000E+01 -.3478E+06  .1217E+06   .9962491 -.0832458 -.0236174
T 6217  1 .6876385E+07   1488000E+01  .7084E+05  .5598E+06   .9947548 -.0291363  .0980509
T 6218  1 .6370665E+07   1488000E+01  .1104E+06 -.2640E+06   .9998415 -.0144427 -.0104093
T 6219  1 .6396885E+07   1488000E+01  .2061E+06 -.3102E+06   .9965491 -.0559829 -.0612847
T 6220  1 .6033805E+07   1488000E+01 -.6384E+06  .3330E+07   .9589439 -.0446946  .2800518
T 6221  1 .6835720E+07   1488000E+01  .9878E+05  .4904E+06   .9987736 -.0326550  .0372138
T 6222  1 .6758349E+07   1488000E+01 -.3172E+06  .1683E+06   .9981777 -.0350866  .0490942
T 6223  1 .6185021E+07   1488000E+01  .4819E+06  .6862E+05   .9978439  .0610106  .0241931
T 6224  1 .6655580E+07   1488000E+01  .6281E+06  .5036E+06   .9961034  .0589038  .0656382
T 6225  1 .6470714E+07   1488000E+01 -.5933E+05  .2897E+06   .9885591 -.1037808  .1094555
T 6226  1 .6391589E+07   1488000E+01  .2533E+06  .1100E+06   .9978276  .0406804 -.0518189
T 6227  1 .6428280E+07   1488000E+01  .4257E+06  .3160E+06   .9976517  .0642722  .0236682
T 6228  1 .6511502E+07   1488000E+01 -.6167E+06  .4287E+06   .9938991 -.1025272  .0406531
T 6229  1 .6152188E+07   1488000E+01  .4003E+06 -.2772E+05   .9999249 -.0104291 -.0064428
T 6230  1 .6013027E+07   1488000E+01 -.6780E+05 -.9977E+05   .9974919  .0577789 -.0408840
T 6231  1 .6830434E+07   1488000E+01 -.1591E+05 -.1610E+06   .9989897 -.0258452 -.0367628
T 6232  1 .6632858E+07   1488000E+01 -.1063E+06  .1149E+06   .9943128  .0909423  .0554220
T 6233  1 .6573930E+07   1488000E+01  .1854E+06  .3057E+06   .9977083  .0300158  .0606393
T 6234  1 .5840191E+07   1488000E+01 -.7916E+05  .2835E+06   .9997942 -.0092916  .0180352
T 6235  1 .6466950E+07   1488000E+01  .1112E+06  .4480E+06   .9964328 -.0018550  .0843694
T 6236  1 .5919603E+07   1488000E+01  .9746E+05 -.2746E+06   .9985011 -.0082549 -.0541063
T 6237  1 .6424414E+07   1488000E+01  .1003E+05  .1524E+06   .9995701  .0235374  .0174829
T 6238  1 .6941580E+07   1488000E+01 -.1183E+06  .3694E+04   .9975029 -.0513761  .0484615
T 6239  1 .6873474E+07   1488000E+01 -.2960E+06 -.1506E+06   .9990905 -.0121005  .0408869
T 6240  1 .6782388E+07   1488000E+01 -.6619E+05  .3465E+06   .9907516 -.0278301  .1328036
T 6241  1 .6748461E+07   1488000E+01  .1452E+06  .2957E+06   .9998613  .0165259  .0020693
T 6242  1 .6690686E+07   1488000E+01 -.5856E+05  .5400E+06   .9968425 -.0441976  .0659673
T 6243  1 .6542598E+07   1488000E+01  .3515E+06  .4132E+06   .9918485  .0898094  .0903930
T 6244  1 .6081578E+07   1488000E+01 -.3479E+06  .8987E+05   .9999999  .0002450  .0001900
T 6245  1 .6619184E+07   1488000E+01 -.1009E+06  .1668E+06   .9988174 -.0486036  .0012441
T 6246  1 .6116141E+07   1488000E+01 -.8104E+06  .4117E+06   .9898421 -.1363262  .0403449
T 6247  1 .6304022E+07   1488000E+01 -.1587E+06 -.4770E+05   .9980434  .0591961 -.0201280
T 6248  1 .6665632E+07   1488000E+01 -.3137E+06 -.7511E+05   .9985295 -.0528253  .0121761
T 6249  1 .6235145E+07   1488000E+01 -.2992E+06 -.4676E+06   .9956235 -.0816603 -.0454472
T 6250  1 .6253669E+07   1488000E+01  .3252E+06 -.5204E+06   .9957728  .0458919 -.0795646
T 6251  1 .7034472E+07   1488000E+01 -.4615E+05 -.6769E+06   .9909231  .0293403 -.1311887
T 6252  1 .6534557E+07   1488000E+01  .5324E+06  .5831E+05   .9963230  .0389637  .0763036
T 6253  1 .6598773E+07   1488000E+01 -.1578E+06  .6159E+06   .9955667  .0077359  .0937391
T 6254  1 .6477501E+07   1488000E+01 -.1041E+06 -.5515E+06   .9996216 -.0031013 -.0273311
T 6255  1 .6640364E+07   1488000E+01 -.6135E+05 -.4748E+06   .9983905  .0086063 -.0560573
T 6256  1 .6822028E+07   1488000E+01 -.4891E+06 -.6996E+06   .9953092 -.0154198 -.0955085
T 6257  1 .6313826E+07   1488000E+01  .1311E+06  .2351E+06   .9944809  .0481838  .0931992
T 6258  1 .6498128E+07   1488000E+01  .1117E+06 -.4416E+05   .9998281  .0114281  .0146018
T 6259  1 .6034872E+07   1488000E+01 -.2112E+06 -.3841E+06   .9964976 -.0621909 -.0558995
T 6260  1 .6376157E+07   1488000E+01 -.2332E+06  .3085E+06   .9994245 -.0238927  .0240802
T 6261  1 .6056945E+07   1488000E+01 -.1969E+06  .6318E+06   .9973405 -.0427672  .0590153
T 6262  1 .6413896E+07   1488000E+01  .9687E+06  .9107E+06   .9855889  .0864859  .1453780
T 6263  1 .7081999E+07   1488000E+01 -.6130E+05  .2928E+06   .9974122 -.0675518  .0246121
T 6264  1 .5969586E+07   1488000E+01 -.1050E+06  .4877E+06   .9963993 -.0735102  .0422455
T 6265  1 .5980090E+07   1488000E+01  .1942E+06 -.1457E+06   .9987645  .0302824 -.0394009
T 6266  1 .6676636E+07   1488000E+01  .2023E+06  .2428E+06   .9990472  .0041725  .0434424
T 6267  1 .6203613E+07   1488000E+01  .3663E+06  .1721E+06   .9967328  .0111901  .0799903
T 6268  1 .6224785E+07   1488000E+01 -.2700E+06  .8452E+05   .9926967 -.1108155  .0476773
T 6269  1 .6072692E+07   1488000E+01 -.1446E+06  .7359E+06   .9898200 -.0252477  .1400674
T 6270  1 .5920910E+07   1488000E+01 -.2149E+06  .3636E+06   .9986683 -.0467765  .0217630
T 6271  1 .6277034E+07   1488000E+01  .5507E+06 -.3011E+06   .9981906  .0419365 -.0430924
T 6272  1 .7130093E+07   1488000E+01 -.1585E+06  .1319E+06   .9987179 -.0099529  .0496327
T 6273  1 .6586624E+07   1488000E+01 -.1049E+06 -.6168E+06   .9979159  .0108196 -.0636145
T 6274  1 .6710951E+07   1488000E+01 -.5709E+06  .1637E+05   .9990480 -.0436014 -.0014234
T 6275  1 .6298832E+07   1488000E+01 -.2592E+06 -.1769E+06   .9993452  .0005498  .0361773
T 6276  1 .6213671E+07   1488000E+01  .1413E+06 -.2417E+06   .9993515 -.0313813 -.0176598
T 6277  1 .6050752E+07   1488000E+01 -.3501E+06 -.3706E+06   .9963353 -.0342953 -.0783573
T 6278  1 .6797729E+07   1488000E+01  .7509E+06  .1159E+06   .9963570  .0766448 -.0373942
T 6279  1 .6213400E+07   1488000E+01 -.2709E+06 -.3156E+06   .9950887 -.0707110 -.0692711
T 6280  1 .6142231E+07   1488000E+01 -.6762E+05  .2244E+06   .9718988  .1909127 -.1377138
T 6281  1 .6671769E+07   1488000E+01  .7431E+06  .2394E+06   .9961272  .0864275 -.0161519
T 6282  1 .6597257E+07   1488000E+01  .1301E+06 -.3245E+06   .9966847  .0540819 -.0607849
T 6283  1 .6771501E+07   1488000E+01 -.2431E+06  .4456E+05   .9979767 -.0596771  .0219338
T 6284  1 .6514755E+07   1488000E+01 -.2127E+06 -.4364E+06   .9973759 -.0155420 -.0707090
T 6285  1 .6272341E+07   1488000E+01 -.4586E+06  .4143E+05   .9992692 -.0380021  .0041230
T 6286  1 .6364203E+07   1488000E+01  .2334E+06 -.5125E+06   .9887391  .0641135 -.1352199
T 6287  1 .6270161E+07   1488000E+01 -.2598E+06 -.7503E+05   .9994542 -.0042068 -.0327668
T 6288  1 .6709242E+07   1488000E+01 -.6635E+05 -.5566E+06   .9996022 -.0230988 -.0161859
T 6289  1 .6533220E+07   1488000E+01  .1151E+06 -.6419E+05   .9983044  .0366774  .0452001
T 6290  1 .6281487E+07   1488000E+01  .9357E+05 -.3965E+05   .9990848  .0174369 -.0390574
T 6291  1 .6462045E+07   1488000E+01  .3040E+06 -.2100E+06   .9996807  .0210337 -.0139999
T 6292  1 .6867963E+07   1488000E+01  .1128E+06  .2437E+05   .9990354  .0065241 -.0434250
T 6293  1 .6769153E+07   1488000E+01  .3808E+06  .2176E+06   .9976329  .0475843  .0496419
T 6294  1 .6155704E+07   1488000E+01  .8478E+05  .6039E+05   .9997479 -.0043847 -.0220229
T 6295  1 .6403013E+07   1488000E+01  .6875E+05  .2831E+06   .9990297 -.0227673  .0376998
T 6296  1 .6340161E+07   1488000E+01 -.1297E+06 -.1072E+06   .9991711 -.0239816 -.0328927
T 6297  1 .6047290E+07   1488000E+01 -.4155E+06 -.4753E+06   .9969722 -.0219679 -.0745916
T 6298  1 .6215602E+07   1488000E+01 -.6134E+05  .1300E+06   .9999501  .0038580  .0092189
T 6299  1 .5920741E+07   1488000E+01  .7250E+06  .1073E+07   .9253038  .2922615  .2416531
T 6300  1 .6736097E+07   1488000E+01  .2026E+06  .2518E+06   .9997032  .0222034  .0100249
T 6301  1 .6831339E+07   1488000E+01 -.3032E+06 -.2373E+06   .9998366 -.0174853 -.0045773
T 6302  1 .6641970E+07   1488000E+01  .4432E+05  .6189E+06   .9985862  .0424947  .0319338
T 6303  1 .6113382E+07   1488000E+01 -.6507E+06  .2571E+06   .9965885 -.0651999  .0505994
T 6304  1 .6563082E+07   1488000E+01  .9491E+06 -.1918E+06   .9788361  .1985569  .0495485
T 6305  1 .6979760E+07   1488000E+01  .2145E+06 -.1692E+06   .9974579 -.0707613  .0083951
T 6306  1 .7167467E+07   1488000E+01 -.3684E+06 -.2656E+06   .9990258  .0062622 -.0436842
T 6307  1 .5559653E+07   1488000E+01  .1116E+07 -.4058E+06   .9918169  .1034075 -.0748744
T 6308  1 .6088939E+07   1488000E+01  .1512E+06  .5481E+06   .9967611 -.0359915  .0719154
T 6309  1 .5928266E+07   1488000E+01 -.3936E+06 -.1878E+06   .9990870 -.0392302 -.0169154
T 6310  1 .6430886E+07   1488000E+01 -.5029E+06 -.1284E+07   .9993467 -.0116397 -.0342142
T 6311  1 .6952756E+07   1488000E+01 -.1051E+06  .4929E+06   .9978120 -.0466756  .0468254
T 6312  1 .6316921E+07   1488000E+01  .2161E+07 -.4388E+06   .9828574  .1728267 -.0642043
T 6313  1 .6005438E+07   1488000E+01  .4557E+06  .7449E+05   .9993218  .0348100 -.0120110
T 6314  1 .6113365E+07   1488000E+01  .2429E+06  .3809E+06   .9985344  .0236594  .0486752
T 6315  1 .6527726E+07   1488000E+01  .1421E+06  .6056E+04   .9994068 -.0292792  .0181314
T 6316  1 .6675947E+07   1488000E+01  .5078E+06 -.5509E+05   .9964108  .0846397 -.0012529
T 6317  1 .6716232E+07   1488000E+01 -.1168E+06 -.5841E+06   .9968794 -.0520425 -.0593552
T 6318  1 .7012340E+07   1488000E+01 -.5435E+06  .1229E+06   .9971616 -.0724297  .0205608
T 6319  1 .7024687E+07   1488000E+01 -.3720E+06 -.2387E+06   .9993848 -.0316563 -.0150963
T 6320  1 .6123502E+07   1488000E+01  .8701E+06  .6012E+06   .9906206  .1031539  .0896112
T 6321  1 .6927156E+07   1488000E+01 -.2600E+06 -.1374E+07   .9866533 -.0679894 -.1479621
T 6322  1 .6834793E+07   1488000E+01  .1905E+05  .3669E+06   .9991355  .0286870  .0300869
T 6323  1 .6265448E+07   1488000E+01 -.3156E+06  .1859E+06   .9986977 -.0508525 -.0041257
T 6324  1 .6646351E+07   1488000E+01  .5651E+05  .1923E+05   .9994984  .0213945  .0233493
T 6325  1 .6830268E+07   1488000E+01 -.9655E+05 -.2304E+04   .9997404  .0053928 -.0221373
T 6326  1 .6724851E+07   1488000E+01  .1719E+06 -.4790E+05   .9998837  .0047160 -.0145032
T 6327  1 .6002145E+07   1488000E+01 -.3128E+06  .5148E+06   .9847151 -.0160100  .1734352
T 6328  1 .6608091E+07   1488000E+01 -.2280E+05 -.2586E+06   .9990897 -.0169970 -.0391259
T 6329  1 .6671536E+07   1488000E+01  .3143E+06 -.3477E+06   .9846157  .1161515 -.1305399
T 6330  1 .5860866E+07   1488000E+01  .1795E+06  .7527E+06   .9979971  .0048201  .0630760
T 6331  1 .6787892E+07   1488000E+01  .4222E+06 -.4617E+06   .9969273  .0431316 -.0653885
T 6332  1 .6453259E+07   1488000E+01 -.2342E+06 -.2247E+06   .9975924  .0573894 -.0389345
T 6333  1 .6584319E+07   1488000E+01  .1696E+06 -.1909E+06   .9998146  .0192523 -.0002974
T 6334  1 .6302898E+07   1488000E+01  .3461E+06 -.4320E+06   .9980883  .0400597 -.0470632
T 6335  1 .6443296E+07   1488000E+01  .1932E+06  .5119E+06   .9993226  .0114966  .0349595
T 6336  1 .6496799E+07   1488000E+01  .2201E+05 -.6435E+06   .9961866 -.0168336 -.0856086
T 6337  1 .6775928E+07   1488000E+01  .1176E+06  .3145E+06   .9987200  .0496919  .0094386
T 6338  1 .6092127E+07   1488000E+01 -.2455E+06  .7553E+05   .9961309 -.0876170 -.0068190
T 6339  1 .6224704E+07   1488000E+01  .4638E+06 -.7242E+06   .9929071  .0048576 -.1187938
T 6340  1 .6642866E+07   1488000E+01  .4112E+06 -.1217E+06   .9997126 -.0077979 -.0226684
T 6341  1 .6180389E+07   1488000E+01  .6325E+06 -.1499E+06   .9993546  .0270392  .0236490
T 6342  1 .6647080E+07   1488000E+01  .2955E+06  .1470E+07   .9936978  .0456493  .1023755
T 6343  1 .6337882E+07   1488000E+01  .3437E+05 -.2348E+06   .9982576 -.0329725 -.0489345
T 6344  1 .6218836E+07   1488000E+01 -.3122E+06 -.2133E+06   .9964596 -.0622666 -.0564904
T 6345  1 .6525548E+07   1488000E+01  .3395E+06 -.5054E+05   .9960766  .0863110 -.0195395
T 6346  1 .6264269E+07   1488000E+01  .6354E+05  .9419E+05   .9997282 -.0047947  .0228156
T 6347  1 .7030201E+07   1488000E+01  .1254E+06 -.1972E+06   .9975327  .0061292 -.0699356
T 6348  1 .6487245E+07   1488000E+01  .2611E+06 -.7669E+05   .9994716 -.0131821  .0297097
T 6349  1 .6268851E+07   1488000E+01  .2746E+05 -.4165E+06   .9977441  .0303388 -.0598847
T 6350  1 .6693572E+07   1488000E+01 -.1545E+06  .3109E+06   .9994157 -.0282096  .0193000
T 6351  1 .6255524E+07   1488000E+01  .6637E+06  .7627E+06   .9926374  .0924940  .0782041
T 6352  1 .6231360E+07   1488000E+01  .4837E+06 -.2184E+06   .9871075  .0661359 -.1457557
T 6353  1 .6283469E+07   1488000E+01 -.6070E+06 -.1075E+06   .9928040 -.1152334  .0325818
T 6354  1 .6603235E+07   1488000E+01  .7062E+06 -.4797E+06   .9868374  .1400871 -.0807936
T 6355  1 .6223868E+07   1488000E+01 -.7332E+05 -.6956E+05   .9993991 -.0058255  .0341698
T 6356  1 .6674702E+07   1488000E+01  .2635E+06  .4189E+06   .9926257  .0324224  .1168034
T 6357  1 .6578208E+07   1488000E+01 -.5136E+05 -.4536E+06   .9948249  .0461890 -.0904985
T 6358  1 .6550135E+07   1488000E+01  .3207E+06 -.1397E+06   .9988856  .0312237 -.0353914
T 6359  1 .6874650E+07   1488000E+01 -.1190E+06  .5353E+06   .9969852 -.0215674  .0745349
T 6360  1 .6207826E+07   1488000E+01 -.1426E+06 -.9252E+06   .9940752 -.0077026 -.1084210
T 6361  1 .5208397E+07   1488000E+01 -.1081E+07 -.3882E+07   .9588576 -.0163499 -.2834164
T 6362  1 .6746068E+07   1488000E+01 -.8735E+05  .1353E+06   .9999807  .0005855  .0061815
T 6363  1 .6655352E+07   1488000E+01  .6775E+05  .5358E+06   .9972898  .0080652  .0731307
T 6364  1 .6730751E+07   1488000E+01 -.1315E+06  .1323E+06   .9987405 -.0146927  .0479738
T 6365  1 .6959429E+07   1488000E+01  .2314E+05  .3002E+06   .9992310 -.0358429  .0158938
T 6366  1 .6014480E+07   1488000E+01  .1616E+06 -.2412E+06   .9982130  .0559182 -.0210700
T 6367  1 .6724137E+07   1488000E+01 -.5581E+06 -.1134E+06   .9961146 -.0600842 -.0643856
T 6368  1 .6691193E+07   1488000E+01 -.1895E+06 -.1124E+05   .9991662 -.0383978  .0138728
T 6369  1 .6442071E+07   1488000E+01  .3627E+06 -.2449E+06   .9980132  .0601167 -.0188566
T 6370  1 .6106551E+07   1488000E+01  .2934E+06  .3905E+05   .9967942  .0786977  .0144229
T 6371  1 .6485366E+07   1488000E+01 -.2584E+06 -.2265E+06   .9972977 -.0659679 -.0323349
T 6372  1 .6420947E+07   1488000E+01  .1082E+06 -.3597E+06   .9992124  .0243476 -.0313346
T 6373  1 .6390218E+07   1488000E+01 -.5295E+06 -.4157E+06   .9940123 -.0990195 -.0462025
T 6374  1 .6423395E+07   1488000E+01 -.7366E+06 -.3853E+06   .9962974 -.0828113  .0231029
T 6375  1 .6406670E+07   1488000E+01  .1955E+06  .1881E+07   .9950059  .0606993  .0792394
T 6376  1 .6348959E+07   1488000E+01 -.3260E+06  .2483E+06   .9954528 -.0922387  .0237843
T 6377  1 .6648517E+07   1488000E+01 -.2360E+06  .3132E+06   .9980600 -.0063967  .0619302
T 6378  1 .6303918E+07   1488000E+01 -.6176E+05 -.1090E+06   .9972725  .0117976 -.0728580
T 6379  1 .6023212E+07   1488000E+01  .3530E+06 -.2945E+05   .9950957  .0911469 -.0384303
T 6380  1 .6328045E+07   1488000E+01  .4333E+06  .1957E+05   .9994414 -.0057400 -.0329233
T 6381  1 .6829532E+07   1488000E+01  .2657E+06 -.4513E+06   .9913779  .0413859 -.1243262
T 6382  1 .6670187E+07   1488000E+01 -.2671E+06  .3681E+06   .9994450  .0023354 -.0332300
T 6383  1 .6216697E+07   1488000E+01  .2096E+06 -.3463E+06   .9995382  .0288922  .0094174
T 6384  1 .6450624E+07   1488000E+01  .9853E+05 -.5513E+06   .9985513 -.0132323 -.0521562
T 6385  1 .6619084E+07   1488000E+01 -.2406E+06 -.1860E+06   .9906393 -.1352792 -.0182588
T 6386  1 .6452404E+07   1488000E+01  .1831E+06 -.1428E+05   .9989399  .0451413  .0090238
T 6387  1 .5889352E+07   1488000E+01 -.8008E+05  .6164E+06   .9959343  .0137683  .0890247
T 6388  1 .6712406E+07   1488000E+01 -.4037E+06  .1226E+06   .9959953 -.0885009 -.0126833
T 6389  1 .6354477E+07   1488000E+01  .3388E+06  .7843E+05   .9979309  .0622118  .0162388
T 6390  1 .6593003E+07   1488000E+01  .9944E+05 -.7957E+05   .9983287  .0223820 -.0532812
T 6391  1 .6373831E+07   1488000E+01 -.3715E+06 -.4583E+06   .9975958 -.0530769 -.0445592
T 6392  1 .6794361E+07   1488000E+01 -.1637E+06 -.1096E+06   .9995106 -.0309889 -.0042805
T 6393  1 .6166234E+07   1488000E+01  .4972E+06  .4540E+06   .9911562  .0871692  .1000549
T 6394  1 .6327768E+07   1488000E+01  .3202E+06  .5351E+06   .9977405  .0346194  .0575799
T 6395  1 .6648774E+07   1488000E+01  .9101E+05  .7108E+06   .9967878  .0105494  .0793898
T 6396  1 .6689280E+07   1488000E+01 -.4574E+06 -.3337E+06   .9921457 -.1169350 -.0444189
T 6397  1 .6218843E+07   1488000E+01  .4106E+06 -.3091E+06   .9986197  .0504541 -.0145970
T 6398  1 .6656749E+07   1488000E+01 -.3649E+06 -.4209E+06   .9989421 -.0446048 -.0111802
T 6399  1 .6526428E+07   1488000E+01  .4952E+06  .1454E+06   .9932885  .1153871  .0079802
T 6400  1 .6460833E+07   1488000E+01  .2034E+06 -.3075E+06   .9973005  .0595730 -.0429283
T 6401  1 .6680601E+07   1488000E+01  .1719E+06  .2840E+06   .9995728  .0149071  .0251403
T 6402  1 .6346839E+07   1488000E+01  .4655E+06  .3828E+06   .9963003  .0856698 -.0068162
T 6403  1 .6485451E+07   1488000E+01 -.2430E+06  .2973E+06   .9988943 -.0255674  .0394522
T 6404  1 .6750669E+07   1488000E+01  .1257E+07 -.4789E+06   .9825552  .1669573 -.0819180
T 6405  1 .6524116E+07   1488000E+01  .2868E+06 -.2356E+06   .9992657  .0353302 -.0148294
T 6406  1 .6725104E+07   1488000E+01 -.1859E+06 -.3310E+06   .9996480  .0008720 -.0265163
T 6407  1 .6637819E+07   1488000E+01 -.3915E+03 -.4723E+05   .9998710 -.0150184 -.0057007
T 6408  1 .6520916E+07   1488000E+01 -.4755E+06  .1589E+06   .9944819 -.0782137  .0699164
T 6409  1 .6110898E+07   1488000E+01 -.1532E+06  .4999E+06   .9945297 -.0545745  .0890639
T 6410  1 .6475033E+07   1488000E+01  .2400E+06  .1403E+07   .9408264  .0369501  .3368684
T 6411  1 .4162949E+07   1488000E+01  .3408E+07 -.3678E+07   .8528705  .3774134 -.3607923
T 6412  1 .6710560E+07   1488000E+01 -.4090E+06  .3221E+06   .9974085 -.0636396  .0335589
T 6413  1 .6516560E+07   1488000E+01  .3308E+06  .5082E+05   .9935905  .0740178  .0854362
T 6414  1 .6467771E+07   1488000E+01  .2752E+06  .5415E+05   .9968029  .0518487  .0607924
T 6415  1 .6176613E+07   1488000E+01  .5225E+06  .3216E+06   .9985890  .0418719  .0326609
T 6416  1 .6011906E+07   1488000E+01 -.2126E+05 -.9772E+05   .9999051 -.0060990 -.0123526
T 6417  1 .6264477E+07   1488000E+01 -.4821E+06 -.3848E+04   .9973603 -.0679529 -.0255908
T 6418  1 .6124275E+07   1488000E+01 -.4511E+06  .2105E+06   .9893071 -.1457431 -.0055126
T 6419  1 .6513624E+07   1488000E+01 -.1776E+06  .1412E+06   .9976147 -.0509823 -.0465381
T 6420  1 .6137767E+07   1488000E+01  .2163E+05  .1153E+06   .9999970  .0024215 -.0004828
T 6421  1 .6173855E+07   1488000E+01  .4455E+06  .2205E+06   .9928444  .1146572 -.0333721
T 6422  1 .6349147E+07   1488000E+01 -.7780E+05  .1884E+05   .9995183 -.0271506 -.0150351
T 6423  1 .6592592E+07   1488000E+01  .3301E+05  .4487E+06   .9947881 -.0783828  .0652128
T 6424  1 .6374176E+07   1488000E+01 -.2508E+06 -.9730E+05   .9980224 -.0603500  .0175816
T 6425  1 .6122455E+07   1488000E+01 -.4589E+06 -.1467E+06   .9999387 -.0105881 -.0032268
T 6426  1 .6635980E+07   1488000E+01 -.7124E+05 -.5036E+06   .9975807  .0500794 -.0482159
T 6427  1 .6074968E+07   1488000E+01  .2759E+06 -.1537E+06   .9995253  .0018156 -.0307557
T 6428  1 .6613322E+07   1488000E+01  .2886E+06  .1563E+06   .9993472  .0068777  .0354658
T 6429  1 .6180210E+07   1488000E+01  .2247E+06 -.5718E+05   .9997548 -.0174690 -.0136076
T 6430  1 .6769479E+07   1488000E+01  .2021E+06  .5190E+06   .9974898  .0062241  .0705359
T 6431  1 .6405829E+07   1488000E+01 -.1502E+06  .1738E+05   .9951037 -.0812943 -.0562133
T 6432  1 .5810117E+07   1488000E+01  .2777E+06  .2858E+06   .9982892  .0110387  .0574185
T 6433  1 .6234727E+07   1488000E+01  .4869E+06 -.4153E+06   .9957427  .0638667 -.0664637
T 6434  1 .6502727E+07   1488000E+01  .1383E+06  .4739E+06   .9996259  .0252672 -.0104739
T 6435  1 .6758524E+07   1488000E+01  .1727E+05  .4043E+06   .9987777 -.0191176  .0455805
T 6436  1 .6482874E+07   1488000E+01 -.7069E+06 -.2322E+06   .9997145 -.0230641 -.0062357
T 6437  1 .6168142E+07   1488000E+01  .5936E+04  .1902E+06   .9999166 -.0089928  .0092747
T 6438  1 .6445237E+07   1488000E+01 -.8680E+06 -.6828E+06   .9980046 -.0425028 -.0466934
T 6439  1 .6227808E+07   1488000E+01  .2536E+06 -.2354E+06   .9970506  .0376886 -.0668556
T 6440  1 .6689901E+07   1488000E+01  .1314E+07  .4204E+06   .9913595  .1309269  .0080258
T 6441  1 .6284861E+07   1488000E+01  .1783E+06  .3195E+05   .9972827  .0373225  .0635160
T 6442  1 .6304409E+07   1488000E+01 -.1439E+06 -.5073E+05   .9987045  .0101402  .0498657
T 6443  1 .6786409E+07   1488000E+01  .2630E+05 -.4559E+05   .9998057 -.0023602 -.0195721
T 6444  1 .6467353E+07   1488000E+01 -.4506E+05 -.2040E+05   .9977400  .0643945  .0191874
T 6445  1 .6377009E+07   1488000E+01  .2790E+06 -.7160E+06   .9725953  .1603488 -.1683648
T 6446  1 .6654501E+07   1488000E+01  .1459E+06 -.2186E+06   .9972014  .0746260 -.0045090
T 6447  1 .6148424E+07   1488000E+01  .3124E+06 -.2962E+06   .9985553  .0240857 -.0480339
T 6448  1 .6671613E+07   1488000E+01 -.4342E+05 -.9072E+05   .9999762 -.0010021 -.0068193
T 6449  1 .6539264E+07   1488000E+01  .1763E+06 -.6668E+06   .9963938  .0629850 -.0568527
T 6450  1 .6154460E+07   1488000E+01 -.1862E+06 -.5272E+06   .9805196 -.0858723 -.1766559
T 6451  1 .6661299E+07   1488000E+01  .2301E+05  .5396E+05   .9996557 -.0222307  .0139385
T 6452  1 .6327619E+07   1488000E+01  .3920E+06 -.7284E+06   .9941152  .0836418 -.0688412
T 6453  1 .6343084E+07   1488000E+01  .4933E+05  .1212E+06   .9999413 -.0039542  .0100905
T 6454  1 .6275200E+07   1488000E+01 -.5255E+06  .4738E+06   .9827464 -.0668288  .1724626
T 6455  1 .6812009E+07   1488000E+01  .3246E+06 -.3672E+06   .9982227  .0009384 -.0595860
T 6456  1 .6374039E+07   1488000E+01 -.7144E+06  .7721E+06   .9908550 -.0815950  .1074643
T 6457  1 .5159838E+07   1488000E+01  .5552E+05 -.3978E+06   .9936557  .0654330 -.0914701
T 6458  1 .5945503E+07   1488000E+01 -.3494E+06  .1292E+06   .9992123 -.0384914  .0096564
T 6459  1 .6705602E+07   1488000E+01 -.2461E+06 -.3054E+06   .9991807 -.0379772 -.0139913
T 6460  1 .6163516E+07   1488000E+01 -.5950E+04  .2891E+06   .9994491 -.0211172  .0256051
T 6461  1 .6622684E+07   1488000E+01  .9918E+06 -.1061E+06   .9956979  .0864329  .0333910
T 6462  1 .6849033E+07   1488000E+01 -.3031E+06 -.2406E+06   .9968175 -.0747142 -.0277972
T 6463  1 .5947596E+07   1488000E+01 -.1539E+06 -.1050E+06   .9934196 -.1143603 -.0062673
T 6464  1 .6415933E+07   1488000E+01 -.1630E+06 -.1006E+06   .9971896 -.0660067 -.0354412
T 6465  1 .6580155E+07   1488000E+01 -.2662E+06 -.3080E+06   .9976954 -.0580953 -.0350558
T 6466  1 .6147752E+07   1488000E+01  .1011E+06  .2965E+06   .9998007 -.0143513 -.0138771
T 6467  1 .6317828E+07   1488000E+01  .1600E+06  .2156E+06   .9970850  .0325628  .0690006
T 6468  1 .6530407E+07   1488000E+01  .1657E+07 -.1538E+07   .9748421  .1331576 -.1787510
T 6469  1 .6053785E+07   1488000E+01 -.1862E+06  .2332E+06   .9980840 -.0546667  .0289793
T 6470  1 .6376009E+07   1488000E+01  .7244E+04  .5664E+06   .9970926  .0594810  .0476282
T 6471  1 .6639468E+07   1488000E+01 -.3865E+06  .7252E+05   .9991172 -.0419900  .0012745
T 6472  1 .7141488E+07   1488000E+01  .3454E+06 -.1015E+06   .9985787  .0206762 -.0491237
T 6473  1 .6217474E+07   1488000E+01 -.5008E+06 -.2039E+06   .9982876 -.0448153  .0375955
T 6474  1 .6426481E+07   1488000E+01 -.1990E+06 -.1343E+06   .9996290 -.0210052 -.0173391
T 6475  1 .5898831E+07   1488000E+01 -.8543E+05 -.2258E+06   .9985370 -.0347130 -.0414584
T 6476  1 .6423996E+07   1488000E+01  .1915E+06 -.3673E+06   .9977960  .0662657 -.0034553
T 6477  1 .6497125E+07   1488000E+01 -.5444E+05  .1142E+06   .9990415 -.0341671  .0273631
T 6478  1 .6254889E+07   1488000E+01 -.8333E+04 -.1888E+06   .9981395 -.0475359  .0381813
T 6479  1 .6648555E+07   1488000E+01 -.5301E+05  .1966E+05   .9987226 -.0501062 -.0065268
T 6480  1 .6815896E+07   1488000E+01  .7946E+05  .3371E+06   .9977570 -.0611194  .0273028
T 6481  1 .5944446E+07   1488000E+01 -.6402E+06 -.3298E+06   .9988659 -.0378536  .0288795
T 6482  1 .6698568E+07   1488000E+01  .1665E+06  .3425E+06   .9978454  .0164648  .0635092
T 6483  1 .6376676E+07   1488000E+01  .3677E+05  .5493E+06   .9939494  .0331434  .1047194
T 6484  1 .6152968E+07   1488000E+01 -.9398E+06 -.4309E+05   .9984825 -.0517973 -.0187012
T 6485  1 .6344968E+07   1488000E+01  .8059E+05 -.2682E+05   .9988985  .0433412 -.0179837
T 6486  1 .6325475E+07   1488000E+01  .1711E+06 -.2805E+06   .9970456  .0564253 -.0521181
T 6487  1 .5825173E+07   1488000E+01 -.2284E+06  .4636E+05   .9993228 -.0154118 -.0334128
T 6488  1 .5918545E+07   1488000E+01 -.2802E+06 -.1748E+06   .9988265 -.0196828 -.0442519
T 6489  1 .6397481E+07   1488000E+01 -.9568E+05  .2158E+06   .9998147  .0160079  .0106900
T 6490  1 .6448353E+07   1488000E+01  .1109E+06  .1163E+06   .9976113  .0094325  .0684310
T 6491  1 .5970385E+07   1488000E+01 -.1061E+06 -.3624E+06   .9970914 -.0252390 -.0719147
T 6492  1 .6179682E+07   1488000E+01 -.1257E+06 -.2984E+06   .9998586 -.0076366 -.0149803
T 6493  1 .6267838E+07   1488000E+01  .6122E+06 -.1827E+05   .9915087  .1273635  .0262497
T 6494  1 .6644455E+07   1488000E+01 -.1897E+06  .4681E+05   .9995649 -.0238146  .0174029
T 6495  1 .6630138E+07   1488000E+01  .1192E+06  .5369E+06   .9963925  .0100081  .0842719
T 6496  1 .6202341E+07   1488000E+01 -.1689E+06  .3403E+05   .9991722 -.0397609  .0086052
T 6497  1 .6316502E+07   1488000E+01  .8271E+06  .1819E+06   .9987288  .0502414  .0040623
T 6498  1 .6084932E+07   1488000E+01 -.9110E+06 -.4585E+06   .9790667 -.1078434 -.1726214
T 6499  1 .6695015E+07   1488000E+01 -.2012E+06  .2519E+06   .9968667 -.0667697  .0424097
T 6500  1 .6512366E+07   1488000E+01  .7724E+05  .2323E+06   .9993025  .0119355  .0353847
T 6501  1 .6865614E+07   1488000E+01 -.7584E+06  .2601E+06   .9961565 -.0784425 -.0389754
T 6502  1 .6303821E+07   1488000E+01 -.3320E+06 -.1760E+06   .9965792 -.0754141 -.0338018
T 6503  1 .7010104E+07   1488000E+01  .1385E+06 -.8354E+05   .9991538  .0400489  .0093649
T 6504  1 .6541844E+07   1488000E+01 -.3406E+06 -.2462E+06   .9983728 -.0429183 -.0375471
T 6505  1 .6538345E+07   1488000E+01 -.1973E+06  .1223E+05   .9985587 -.0153926 -.0514167
T 6506  1 .6772980E+07   1488000E+01 -.1771E+06 -.1610E+06   .9987457 -.0392112 -.0311371
T 6507  1 .6213392E+07   1488000E+01  .1567E+06  .4096E+06   .9966366  .0557075 -.0601020
T 6508  1 .6455919E+07   1488000E+01  .1159E+05 -.2481E+06   .9995433  .0137321 -.0269203
T 6509  1 .6682358E+07   1488000E+01  .9754E+05 -.1398E+06   .9976989  .0310633 -.0602655
T 6510  1 .6301894E+07   1488000E+01  .4057E+06 -.2237E+05   .9987887  .0446550  .0206658
T 6511  1 .6755644E+07   1488000E+01  .3457E+06 -.5304E+06   .9961324  .0603193 -.0638890
T 6512  1 .6467071E+07   1488000E+01  .6138E+06  .1472E+06   .9971677  .0481722  .0577578
T 6513  1 .6228904E+07   1488000E+01  .2604E+06 -.2605E+06   .9966521  .0468940 -.0669741
T 6514  1 .6827805E+07   1488000E+01 -.2041E+06 -.3099E+05   .9997288 -.0150344  .0177868
T 6515  1 .6533068E+07   1488000E+01  .3409E+06 -.2566E+06   .9979199  .0630751 -.0133217
T 6516  1 .6488220E+07   1488000E+01 -.9729E+05 -.3119E+06   .9988487 -.0341126 -.0337276
T 6517  1 .6873550E+07   1488000E+01 -.2332E+06 -.6457E+05   .9966833 -.0476239 -.0659871
T 6518  1 .6397100E+07   1488000E+01  .1186E+04 -.1366E+06   .9990121  .0034217 -.0443079
T 6519  1 .6740008E+07   1488000E+01  .1431E+06 -.2787E+06   .9990788 -.0184739 -.0387325
T 6520  1 .5922814E+07   1488000E+01 -.2899E+06 -.1755E+06   .9956675 -.0643601 -.0671112
T 6521  1 .6161905E+07   1488000E+01  .1672E+06  .4012E+05   .9994927  .0159164  .0275881
T 6522  1 .6309091E+07   1488000E+01  .3524E+05 -.2194E+06   .9983818 -.0046326 -.0566779
T 6523  1 .6389594E+07   1488000E+01 -.3038E+04 -.1416E+05   .9983116  .0118586  .0568619
T 6524  1 .6673223E+07   1488000E+01 -.1879E+06  .1942E+06   .9981701 -.0573896  .0190515
T 6525  1 .5685899E+07   1488000E+01 -.3607E+06 -.6394E+06   .9970861 -.0228961 -.0727676
T 6526  1 .6785923E+07   1488000E+01  .4335E+05 -.1474E+06   .9985565  .0460380  .0276671
T 6527  1 .6186777E+07   1488000E+01  .2966E+04 -.2708E+06   .9993082  .0142625 -.0343472
T 6528  1 .6761229E+07   1488000E+01 -.4391E+06  .4952E+06   .9976280 -.0568652  .0387906
T 6529  1 .6648211E+07   1488000E+01  .4548E+06  .9336E+05   .9979008  .0607265  .0225026
T 6530  1 .6019215E+07   1488000E+01  .6714E+06 -.1035E+07   .9821017  .0899868 -.1654651
T 6531  1 .6797181E+07   1488000E+01  .3495E+06  .4934E+06   .9973601  .0716453  .0118219
T 6532  1 .6427652E+07   1488000E+01 -.1851E+06  .4654E+06   .9968023 -.0321697  .0731463
T 6533  1 .6157204E+07   1488000E+01 -.3379E+06  .5230E+06   .9944810 -.0518368  .0912172
T 6534  1 .6768643E+07   1488000E+01 -.5548E+04 -.2885E+06   .9834226 -.0162930 -.1805950
T 6535  1 .6711204E+07   1488000E+01  .3581E+06  .1933E+06   .9981847  .0195764  .0569565
T 6536  1 .5803551E+07   1488000E+01 -.4480E+06  .5346E+06   .9953373 -.0438474  .0859129
T 6537  1 .6653548E+07   1488000E+01 -.4084E+06  .4060E+06   .9770472  .0093728  .2128166
T 6538  1 .6240053E+07   1488000E+01 -.4292E+06  .2403E+06   .9992525  .0133308  .0362870
T 6539  1 .6429653E+07   1488000E+01 -.1354E+06  .8160E+05   .9983294  .0502670  .0284907
T 6540  1 .5742369E+07   1488000E+01  .6925E+06  .4682E+06   .9843188  .1661591  .0592251
T 6541  1 .6304795E+07   1488000E+01 -.1278E+07 -.2803E+06   .9691253 -.2400472 -.0563345
T 6542  1 .6365645E+07   1488000E+01  .9063E+05  .2728E+06   .9986102  .0241791  .0468297
T 6543  1 .5662955E+07   1488000E+01 -.4785E+06 -.2657E+06   .9974003 -.0641760 -.0327738
T 6544  1 .6528622E+07   1488000E+01  .6497E+06  .7886E+06   .9830994  .1561030  .0956418
T 6545  1 .6334991E+07   1488000E+01 -.1816E+06 -.2646E+06   .9980215 -.0582424 -.0236846
T 6546  1 .5613863E+07   1488000E+01  .3243E+05  .1434E+06   .9987066  .0161064  .0482262
T 6547  1 .6297135E+07   1488000E+01  .3078E+06 -.9256E+05   .9990874  .0349755 -.0245182
T 6548  1 .5785739E+07   1488000E+01  .3160E+06  .6878E+05   .9995343  .0297784 -.0066701
T 6549  1 .6727084E+07   1488000E+01 -.2104E+06  .3545E+06   .9987705  .0067776  .0491080
T 6550  1 .5929922E+07   1488000E+01 -.2770E+05  .2561E+06   .9892787  .0616726  .1323784
T 6551  1 .6044538E+07   1488000E+01  .4723E+06  .4527E+06   .9976026  .0530845  .0443970
T 6552  1 .6375700E+07   1488000E+01  .4255E+05  .3243E+06   .9999780 -.0065120  .0012636
T 6553  1 .6175187E+07   1488000E+01  .6191E+06 -.1131E+06   .9954625  .0901987  .0303092
T 6554  1 .6459841E+07   1488000E+01 -.4464E+06  .8743E+05   .9992178 -.0381588  .0103804
T 6555  1 .6464627E+07   1488000E+01  .6845E+06 -.4231E+06   .9943197  .1061790 -.0073772
T 6556  1 .6397925E+07   1488000E+01  .4016E+05  .3110E+06   .9990291 -.0167618  .0407415
T 6557  1 .6103537E+07   1488000E+01 -.1183E+06 -.1438E+06   .9991053  .0410092  .0103385
T 6558  1 .6416389E+07   1488000E+01  .5026E+05  .6597E+05   .9991317 -.0165404  .0382396
T 6559  1 .6219325E+07   1488000E+01  .1094E+06 -.1693E+06   .9998819 -.0036300  .0149329
T 6560  1 .6427665E+07   1488000E+01  .1332E+06 -.1829E+06   .9986975 -.0259533 -.0439278
T 6561  1 .6149557E+07   1488000E+01 -.1619E+06 -.4713E+06   .9916901  .0518604 -.1177336
T 6562  1 .6000390E+07   1488000E+01  .3987E+06 -.3458E+06   .9959094  .0643732 -.0634071
T 6563  1 .6665520E+07   1488000E+01  .2566E+06 -.4608E+06   .9960307  .0651784 -.0606191
T 6564  1 .6184128E+07   1488000E+01 -.4249E+05  .3611E+05   .9991005 -.0103409 -.0411246
T 6565  1 .5985330E+07   1488000E+01  .3694E+06 -.6989E+05   .9965932  .0824552  .0017954
T 6566  1 .6910841E+07   1488000E+01 -.2751E+06  .1254E+06   .9987506 -.0076872  .0493772
T 6567  1 .5933265E+07   1488000E+01  .8981E+05 -.4273E+06   .9998211 -.0144006 -.0122618
T 6568  1 .6272085E+07   1488000E+01 -.1548E+06 -.4008E+04   .9984299 -.0513763 -.0223212
T 6569  1 .6348425E+07   1488000E+01 -.7748E+06 -.2622E+06   .9954648 -.0686089 -.0658995
T 6570  1 .6873445E+07   1488000E+01 -.4808E+06 -.2101E+06   .9992651 -.0226502 -.0309227
T 6571  1 .6645931E+07   1488000E+01  .5847E+06 -.6872E+06   .9851083  .0486449 -.1649100
T 6572  1 .6274202E+07   1488000E+01  .3474E+06 -.3804E+06   .9991563 -.0243151 -.0330981
T 6573  1 .7069501E+07   1488000E+01 -.8211E+05 -.4789E+05   .9996680 -.0142196  .0214888
T 6574  1 .6422893E+07   1488000E+01  .3236E+06  .7638E+06   .9940228  .0226931  .1067879
T 6575  1 .6756375E+07   1488000E+01 -.1255E+06 -.1504E+06   .9993855 -.0348475 -.0037816
T 6576  1 .6650493E+07   1488000E+01 -.2360E+06  .5355E+06   .9968307 -.0065101  .0792854
T 6577  1 .6481836E+07   1488000E+01  .1480E+05  .2662E+06   .9962229  .0633314  .0594064
T 6578  1 .6515724E+07   1488000E+01  .2886E+06  .6425E+06   .9957424  .0377607  .0840907
T 6579  1 .5863287E+07   1488000E+01 -.1834E+06  .2309E+05   .9996206 -.0275016 -.0015049
T 6580  1 .5926336E+07   1488000E+01  .3293E+06 -.5864E+06   .9925200  .0768958 -.0948215
T 6581  1 .6438838E+07   1488000E+01 -.4955E+06 -.2502E+06   .9983692 -.0557894  .0121012
T 6582  1 .6582213E+07   1488000E+01  .1343E+06 -.1432E+05   .9999010  .0111918  .0085247
T 6583  1 .6192638E+07   1488000E+01  .3276E+06 -.2520E+06   .9984708  .0153866 -.0530969
T 6584  1 .6319106E+07   1488000E+01 -.7053E+05  .1007E+07   .9907451 -.0014177  .1357281
T 6585  1 .6249932E+07   1488000E+01 -.5948E+06  .4228E+05   .9974549 -.0575383 -.0421077
T 6586  1 .6662671E+07   1488000E+01  .8727E+06  .3278E+07   .9836903  .0205578  .1786916
T 6587  1 .5976645E+07   1488000E+01  .6911E+05 -.1402E+06   .9998006 -.0127683 -.0153539
T 6588  1 .6732561E+07   1488000E+01  .1672E+06 -.5606E+06   .9992593 -.0117938 -.0366301
T 6589  1 .6850550E+07   1488000E+01  .8110E+05 -.3845E+06   .9989259  .0246535 -.0392330
T 6590  1 .6080651E+07   1488000E+01 -.3583E+06 -.1299E+06   .9962273 -.0833088  .0243058
T 6591  1 .6208557E+07   1488000E+01 -.2529E+05 -.5277E+05   .9995438 -.0273578 -.0127959
T 6592  1 .6122056E+07   1488000E+01  .1046E+06  .4292E+06   .9997549  .0035308  .0218541
T 6593  1 .6733881E+07   1488000E+01 -.5741E+06  .2507E+06   .9977983 -.0587277  .0308170
T 6594  1 .6157781E+07   1488000E+01 -.2165E+06  .2214E+06   .9978504 -.0440368  .0485311
T 6595  1 .6642674E+07   1488000E+01 -.3500E+06 -.6406E+06   .9963871 -.0567838 -.0631539
T 6596  1 .6798951E+07   1488000E+01  .4619E+06 -.4275E+06   .9979103  .0516222 -.0388612
T 6597  1 .5948406E+07   1488000E+01 -.2146E+06  .2320E+06   .9986410 -.0485346 -.0189897
T 6598  1 .6167946E+07   1488000E+01  .1806E+06 -.2395E+05   .9962855  .0861071  .0009262
T 6599  1 .6091138E+07   1488000E+01  .3903E+06 -.6223E+04   .9999713  .0067618  .0034260
T 6600  1 .6064354E+07   1488000E+01 -.2609E+06  .1876E+06   .9986723 -.0503060  .0110863
T 6601  1 .6541676E+07   1488000E+01  .3172E+06  .2971E+06   .9991069  .0197784  .0373399
T 6602  1 .6674635E+07   1488000E+01  .2172E+06 -.4582E+06   .9990124 -.0017024 -.0443994
T 6603  1 .6863585E+07   1488000E+01  .1814E+06  .1902E+06   .9998802  .0137872 -.0070407
T 6604  1 .6931345E+07   1488000E+01  .4970E+06 -.9372E+05   .9985406  .0466153  .0272688
T 6605  1 .6850349E+07   1488000E+01 -.2630E+06  .4886E+06   .9998670 -.0162759 -.0010698
T 6606  1 .6446311E+07   1488000E+01 -.8202E+05 -.2703E+06   .9985056  .0140889 -.0528031
T 6607  1 .6867312E+07   1488000E+01 -.4730E+06  .1229E+06   .9973726 -.0698847  .0190817
T 6608  1 .6789118E+07   1488000E+01 -.6208E+05  .6093E+06   .9918229  .0102788  .1272073
T 6609  1 .7024580E+07   1488000E+01 -.7847E+05  .2547E+06   .9993228  .0119193  .0348108
T 6610  1 .6146496E+07   1488000E+01  .1275E+06  .3063E+06   .9961019  .0514432  .0716559
T 6611  1 .6770298E+07   1488000E+01 -.4157E+06 -.7908E+04   .9991824 -.0274090  .0297202
T 6612  1 .6563166E+07   1488000E+01 -.6019E+06 -.7311E+05   .9927290 -.1195420 -.0141038
T 6613  1 .6598039E+07   1488000E+01  .2804E+06  .1084E+07   .9903299  .0881854  .1070983
T 6614  1 .6464509E+07   1488000E+01 -.1384E+06  .4518E+06   .9971612 -.0104907  .0745620
T 6615  1 .6479308E+07   1488000E+01 -.2089E+06 -.1882E+06   .9960984 -.0801327 -.0369679
T 6616  1 .6114080E+07   1488000E+01 -.1658E+07  .1170E+07   .9917458 -.1266362  .0200867
T 6617  1 .6119549E+07   1488000E+01  .1381E+06  .2624E+06   .9991288 -.0248619  .0335202
T 6618  1 .6635414E+07   1488000E+01  .9448E+05 -.4385E+06   .9985832  .0310028 -.0432472
T 6619  1 .5854134E+07   1488000E+01  .4793E+06  .4174E+06   .9950166  .0695992  .0713999
T 6620  1 .5634528E+07   1488000E+01 -.6995E+06 -.7008E+06   .9957371 -.0803199 -.0453475
T 6621  1 .7197945E+07   1488000E+01  .1740E+06 -.2699E+06   .9992796  .0287517 -.0247721
T 6622  1 .6576798E+07   1488000E+01 -.4828E+06  .1680E+06   .9981174 -.0523567  .0319444
T 6623  1 .6390988E+07   1488000E+01 -.5272E+06 -.2785E+06   .9982028 -.0570522 -.0183349
T 6624  1 .5923957E+07   1488000E+01 -.1755E+06  .5484E+06   .9982431 -.0259612  .0532604
T 6625  1 .6452561E+07   1488000E+01 -.1554E+06  .6585E+05   .9986037 -.0388502  .0357941
T 6626  1 .6478677E+07   1488000E+01  .4237E+06 -.4596E+06   .9984659  .0380925 -.0401854
T 6627  1 .6218472E+07   1488000E+01 -.1722E+06  .6130E+06   .9983276  .0249202  .0521622
T 6628  1 .6618810E+07   1488000E+01  .3391E+06  .1410E+06   .9965070  .0747889  .0371543
T 6629  1 .6676063E+07   1488000E+01  .3023E+06  .1088E+06   .9997249  .0118613 -.0202366
T 6630  1 .6672334E+07   1488000E+01 -.1511E+06  .7768E+06   .9928664  .0018002  .1192182
T 6631  1 .6384018E+07   1488000E+01 -.2325E+06  .4492E+06   .9984682 -.0336692  .0439050
T 6632  1 .5695431E+07   1488000E+01  .1457E+06 -.6551E+06   .9956254 -.0117109 -.0926980
T 6633  1 .6092535E+07   1488000E+01  .2650E+06 -.2824E+06   .9983779  .0317515  .0472585
T 6634  1 .6258558E+07   1488000E+01  .4217E+05  .5538E+04   .9993910 -.0219838  .0270997
T 6635  1 .6231023E+07   1488000E+01  .6639E+04  .3335E+06   .9980547 -.0443331  .0438343
T 6636  1 .6554654E+07   1488000E+01 -.9228E+05  .3639E+06   .9974645  .0221114  .0676435
T 6637  1 .6351223E+07   1488000E+01 -.4277E+06  .2446E+06   .9969514 -.0706348  .0331455
T 6638  1 .6485117E+07   1488000E+01 -.1150E+07  .2385E+06   .9818830 -.1892014  .0104230
T 6639  1 .6339141E+07   1488000E+01  .5089E+06  .6040E+06   .9927891  .0661084  .0999979
T 6640  1 .6256044E+07   1488000E+01  .7355E+05  .2356E+06   .9999142 -.0033145 -.0126703
T 6641  1 .6312046E+07   1488000E+01 -.3049E+06 -.4095E+06   .9952514 -.0642783 -.0730956
T 6642  1 .6539737E+07   1488000E+01  .5664E+06 -.4139E+06   .9986978  .0395248  .0322555
T 6643  1 .6350005E+07   1488000E+01  .4621E+05  .2873E+06   .9988470  .0087497  .0472035
T 6644  1 .6405086E+07   1488000E+01 -.1092E+07  .7588E+05   .9900132 -.1407892 -.0072329
T 6645  1 .6610776E+07   1488000E+01 -.3722E+06 -.4280E+06   .9925169 -.1031431 -.0653588
T 6646  1 .6479772E+07   1488000E+01  .1166E+06  .2922E+05   .9983887  .0567234  .0015584
T 6647  1 .6268875E+07   1488000E+01  .1703E+06  .1987E+06   .9997674 -.0042997  .0211346
T 6648  1 .6658248E+07   1488000E+01  .2165E+06  .3265E+06   .9996915  .0248384  .0000317
T 6649  1 .6461438E+07   1488000E+01  .6000E+06  .8128E+06   .9938665  .0970748  .0529706
T 6650  1 .6715219E+07   1488000E+01 -.3240E+06 -.1010E+07   .9932142 -.0072113 -.1160756
T 6651  1 .6649805E+07   1488000E+01  .2351E+06 -.7622E+05   .9950046  .0223482 -.0972958
T 6652  1 .6870316E+07   1488000E+01  .3476E+06  .2770E+06   .9990654  .0371151  .0221546
T 6653  1 .6112637E+07   1488000E+01  .6842E+05  .3627E+06   .9979091  .0105896  .0637602
T 6654  1 .6556862E+07   1488000E+01  .3669E+06 -.3577E+06   .9935333  .0958551 -.0608559
T 6655  1 .6295720E+07   1488000E+01 -.2796E+06  .6761E+06   .9988218 -.0276669  .0398691
T 6656  1 .6210614E+07   1488000E+01 -.1514E+06  .5200E+06   .9953965 -.0330055  .0899803
T 6657  1 .7057708E+07   1488000E+01  .8201E+05  .4303E+06   .9966499  .0136849  .0806331
T 6658  1 .6430995E+07   1488000E+01 -.1363E+06  .1456E+06   .9992932 -.0342852 -.0154169
T 6659  1 .7004000E+07   1488000E+01 -.7911E+05  .3113E+06   .9984319 -.0306135  .0468671
T 6660  1 .6639362E+07   1488000E+01 -.1105E+06 -.5755E+05   .9943436 -.0915868 -.0537829
T 6661  1 .6945851E+07   1488000E+01  .2528E+06  .2722E+06   .9980388  .0542194  .0312845
T 6662  1 .6307420E+07   1488000E+01 -.3463E+06 -.1549E+06   .9988172 -.0467551 -.0133507
T 6663  1 .6751706E+07   1488000E+01 -.2576E+06  .5964E+06   .9923959 -.0146702  .1222096
T 6664  1 .6425271E+07   1488000E+01 -.5216E+06 -.1093E+06   .9983897  .0508602  .0251230
T 6665  1 .6740697E+07   1488000E+01  .1482E+06 -.1341E+06   .9996066  .0253566  .0119894
T 6666  1 .6091502E+07   1488000E+01  .2574E+06 -.8227E+06   .9830523  .0421654 -.1784104
T 6667  1 .5931258E+07   1488000E+01  .1465E+04  .3118E+06   .9965987  .0615387  .0548097
T 6668  1 .6913432E+07   1488000E+01 -.5526E+06  .3644E+06   .9991558  .0014141  .0410562
T 6669  1 .6625895E+07   1488000E+01  .2477E+06  .4084E+05   .9999649 -.0055561  .0062639
T 6670  1 .6834657E+07   1488000E+01  .1915E+06 -.5101E+06   .9931093  .0400755 -.1101265
T 6671  1 .6481607E+07   1488000E+01 -.6984E+06 -.2794E+06   .9968071 -.0695707  .0391857
T 6672  1 .5792124E+07   1488000E+01 -.2873E+06  .4444E+06   .9969250  .0222959  .0751225
T 6673  1 .6319326E+07   1488000E+01 -.1755E+04  .3590E+06   .9980753 -.0079697  .0614990
T 6674  1 .5987773E+07   1488000E+01 -.5398E+06 -.4981E+06   .9969626 -.0626409 -.0462780
T 6675  1 .6487553E+07   1488000E+01 -.1595E+06  .4326E+06   .9968566  .0103063  .0785534
T 6676  1 .6199154E+07   1488000E+01 -.4261E+06  .2672E+06   .9974137 -.0288752  .0658183
T 6677  1 .6506597E+07   1488000E+01  .3448E+06  .6713E+05   .9988126  .0234697 -.0426915
T 6678  1 .7035435E+07   1488000E+01  .7440E+05  .7930E+05   .9992895  .0347570  .0145760
T 6679  1 .6929644E+07   1488000E+01  .1009E+06 -.2296E+06   .9998563 -.0039467 -.0164878
T 6680  1 .6292358E+07   1488000E+01 -.1280E+05 -.3918E+06   .9993150 -.0282801 -.0238709
T 6681  1 .6280204E+07   1488000E+01  .3481E+06 -.2066E+06   .9980474  .0533872 -.0324209
T 6682  1 .6332616E+07   1488000E+01 -.9634E+05  .6159E+06   .9924332  .0504233  .1119549
T 6683  1 .5878251E+07   1488000E+01 -.3253E+06 -.5002E+06   .9971939 -.0736715  .0132952
T 6684  1 .6388677E+07   1488000E+01  .2186E+06  .1879E+06   .9963533  .0598959  .0607669
T 6685  1 .6452570E+07   1488000E+01 -.1679E+06  .2218E+06   .9992413 -.0301213  .0246886
T 6686  1 .6096036E+07   1488000E+01  .3145E+05 -.1927E+06   .9998805 -.0122861 -.0093874
T 6687  1 .6410545E+07   1488000E+01  .6066E+06  .3508E+05   .9902092  .1343230 -.0379877
T 6688  1 .6115985E+07   1488000E+01 -.1348E+06  .3111E+06   .9995848  .0048846  .0283980
T 6689  1 .5660654E+07   1488000E+01 -.7507E+04 -.1412E+06   .9995875 -.0287148 -.0006199
T 6690  1 .6321198E+07   1488000E+01 -.3467E+06 -.9826E+05   .9979951  .0017394 -.0632669
T 6691  1 .5578580E+07   1488000E+01 -.5694E+06 -.2046E+06   .9957542 -.0620590 -.0679870
T 6692  1 .6649983E+07   1488000E+01 -.2477E+06 -.3847E+06   .9926066 -.0795895 -.0916386
T 6693  1 .5914985E+07   1488000E+01 -.4259E+06 -.3830E+06   .9852215 -.1338925 -.1068244
T 6694  1 .6384614E+07   1488000E+01  .3601E+05  .9177E+05   .9997743 -.0039107 -.0208809
T 6695  1 .6291881E+07   1488000E+01 -.1418E+06  .4989E+06   .9976435 -.0310486  .0611836
T 6696  1 .6785813E+07   1488000E+01  .1845E+06  .5231E+05   .9992923  .0178954  .0330842
T 6697  1 .6690581E+07   1488000E+01 -.2539E+06  .3770E+06   .9993577 -.0274765 -.0230059
T 6698  1 .6856341E+07   1488000E+01  .5755E+06  .4500E+06   .9998053  .0184083  .0071061
T 6699  1 .6241831E+07   1488000E+01 -.2345E+06  .2822E+06   .9994521 -.0308153  .0120813
T 6700  1 .6076796E+07   1488000E+01  .2265E+06  .6351E+05   .9978891  .0621820 -.0187274
T 6701  1 .6454596E+07   1488000E+01 -.2346E+06 -.4038E+05   .9989996 -.0370596  .0250263
T 6702  1 .7000825E+07   1488000E+01  .3561E+06  .5250E+06   .9984332  .0257621  .0496744
T 6703  1 .6632403E+07   1488000E+01 -.2481E+06 -.6171E+06   .9956075  .0435881 -.0828599
T 6704  1 .6589542E+07   1488000E+01  .1903E+06 -.1705E+06   .9996897  .0178495  .0173779
T 6705  1 .6918813E+07   1488000E+01 -.3949E+06  .2586E+06   .9994694 -.0301075 -.0124270
T 6706  1 .6262448E+07   1488000E+01 -.3155E+06  .7999E+06   .9965189 -.0180325  .0813936
T 6707  1 .6637933E+07   1488000E+01 -.2538E+06 -.8757E+06   .9958971 -.0002198 -.0904922
T 6708  1 .6457830E+07   1488000E+01 -.4669E+06  .7178E+06   .9915995 -.0784469  .1028423
T 6709  1 .6808302E+07   1488000E+01 -.1008E+05  .1366E+06   .9992137 -.0227450 -.0324767
T 6710  1 .6637923E+07   1488000E+01 -.4759E+05 -.2247E+06   .9999524 -.0053221  .0081753
T 6711  1 .6439682E+07   1488000E+01 -.1194E+06  .3249E+06   .9996688 -.0117661  .0228859
T 6712  1 .6533225E+07   1488000E+01  .1104E+05  .2906E+06   .9993908  .0348767  .0012518
T 6713  1 .6565502E+07   1488000E+01  .1685E+06 -.6913E+06   .9952594  .0249001 -.0940141
T 6714  1 .6216702E+07   1488000E+01 -.4221E+06 -.6179E+05   .9997684 -.0105691 -.0187472
T 6715  1 .6718503E+07   1488000E+01  .3018E+06 -.9050E+05   .9986961  .0330947 -.0388695
T 6716  1 .6641191E+07   1488000E+01 -.1991E+06  .3649E+06   .9991039 -.0215594  .0364212
T 6717  1 .6238562E+07   1488000E+01 -.1612E+06  .2033E+06   .9994314 -.0099441  .0322181
T 6718  1 .6669678E+07   1488000E+01  .1697E+06 -.8703E+06   .9991613  .0347137 -.0217191
T 6719  1 .6526330E+07   1488000E+01 -.7475E+04 -.1641E+06   .9994936  .0313683 -.0053378
T 6720  1 .6544978E+07   1488000E+01  .3413E+05 -.6822E+05   .9988155  .0437325 -.0213317
T 6721  1 .6477308E+07   1488000E+01  .1351E+06 -.1040E+06   .9998750  .0114178 -.0109330
T 6722  1 .6073744E+07   1488000E+01 -.4794E+06  .2647E+06   .9976959 -.0446643  .0510684
T 6723  1 .6058046E+07   1488000E+01 -.2648E+06 -.3893E+06   .9950245  .0175153 -.0980785
T 6724  1 .6695094E+07   1488000E+01  .9875E+05  .1190E+06   .9989577 -.0168794  .0424098
T 6725  1 .6630819E+07   1488000E+01 -.4790E+06 -.4456E+06   .9946136  .0187195 -.1019480
T 6726  1 .6234192E+07   1488000E+01 -.4090E+06 -.1961E+06   .9944953 -.0791301 -.0686844
T 6727  1 .6218453E+07   1488000E+01 -.1022E+06  .3849E+05   .9977969 -.0568654  .0341713
T 6728  1 .5829722E+07   1488000E+01 -.8170E+05 -.6449E+06   .9969529 -.0419376 -.0657729
T 6729  1 .6219569E+07   1488000E+01  .4960E+06  .3927E+06   .9941293  .0733199  .0795686
T 6730  1 .6176290E+07   1488000E+01  .6012E+06  .1418E+06   .9946008  .0767149  .0698856
T 6731  1 .6392897E+07   1488000E+01 -.2646E+06 -.3271E+06   .9997752 -.0177715  .0115628
T 6732  1 .6321963E+07   1488000E+01  .4222E+06  .1776E+05   .9991502  .0306637 -.0275425
T 6733  1 .6186344E+07   1488000E+01 -.1967E+06 -.8480E+04   .9988171 -.0238924  .0423501
T 6734  1 .6093403E+07   1488000E+01  .4640E+05  .5375E+04   .9996474  .0102463  .0244966
T 6735  1 .6401694E+07   1488000E+01 -.6358E+06  .1704E+06   .8886763 -.4400898  .1287455
T 6736  1 .5780912E+07   1488000E+01 -.1278E+06  .1513E+06   .9982583 -.0335904  .0484990
T 6737  1 .6380167E+07   1488000E+01  .2511E+06 -.1842E+06   .9998040  .0197481  .0013965
T 6738  1 .6891310E+07   1488000E+01  .1709E+06  .5774E+06   .9935744  .0485968  .1022169
T 6739  1 .6145697E+07   1488000E+01  .3849E+06  .4252E+06   .9897439  .0677612  .1257598
T 6740  1 .5856709E+07   1488000E+01 -.4650E+06 -.3232E+06   .9961466 -.0202913 -.0853245
T 6741  1 .6558391E+07   1488000E+01 -.2440E+06 -.2469E+06   .9944120 -.1023893 -.0257143
T 6742  1 .6082454E+07   1488000E+01  .4502E+05  .1193E+06   .9994044 -.0074067 -.0337042
T 6743  1 .6395162E+07   1488000E+01  .3865E+06  .6387E+06   .9981554  .0333877  .0507054
T 6744  1 .6411684E+07   1488000E+01  .4926E+06 -.1273E+06   .9975806  .0623374  .0307721
T 6745  1 .6480431E+07   1488000E+01  .3728E+05 -.1269E+05   .9986999 -.0453558  .0232684
T 6746  1 .6847872E+07   1488000E+01  .3073E+06  .4622E+05   .9985565  .0525749 -.0109936
T 6747  1 .6137024E+07   1488000E+01  .3417E+06 -.1767E+06   .9993104  .0368173 -.0048273
T 6748  1 .6766565E+07   1488000E+01  .9054E+06  .1394E+07   .9959316  .0539556  .0721736
T 6749  1 .6961610E+07   1488000E+01 -.5106E+04 -.1702E+06   .9990415 -.0425493  .0102816
T 6750  1 .6388064E+07   1488000E+01  .2374E+05  .3776E+06   .9983646 -.0001707  .0571667
T 6751  1 .6226356E+07   1488000E+01  .1690E+06 -.7307E+05   .9982089  .0520580 -.0294766
T 6752  1 .6377681E+07   1488000E+01 -.1297E+06 -.1092E+06   .9997002 -.0233799  .0072783
T 6753  1 .6015837E+07   1488000E+01 -.1831E+05 -.2263E+06   .9888260  .0121780 -.1485762
T 6754  1 .6314684E+07   1488000E+01  .2000E+06  .5213E+06   .9991794  .0201378  .0351418
T 6755  1 .6173716E+07   1488000E+01  .3277E+06 -.3678E+06   .9949492  .0765615 -.0649183
T 6756  1 .6212052E+07   1488000E+01  .9310E+05  .6076E+06   .9934977  .0766558  .0841793
T 6757  1 .6226336E+07   1488000E+01  .2328E+06  .1352E+06   .9952910  .0829195  .0502015
T 6758  1 .5640584E+07   1488000E+01  .2878E+06 -.4427E+06   .9962330  .0836727 -.0227746
T 6759  1 .6624873E+07   1488000E+01 -.5346E+06 -.4216E+06   .9994159 -.0048636 -.0338263
T 6760  1 .5833273E+07   1488000E+01 -.1335E+06  .9082E+05   .9966278  .0254692  .0780025
T 6761  1 .5645082E+07   1488000E+01  .1363E+05 -.3491E+06   .9992765 -.0097238 -.0367676
T 6762  1 .6427434E+07   1488000E+01  .3215E+06 -.3942E+04   .9979320  .0437278 -.0471131
T 6763  1 .6533732E+07   1488000E+01  .5387E+06  .8632E+05   .9926421  .0901556  .0808310
T 6764  1 .6310240E+07   1488000E+01  .3579E+06 -.2385E+06   .9964999  .0795462 -.0256980
T 6765  1 .6267536E+07   1488000E+01  .4934E+06 -.7024E+06   .9914883  .0570211 -.1170450
T 6766  1 .6697062E+07   1488000E+01 -.1330E+06 -.3124E+06   .9991427 -.0351020 -.0219497
T 6767  1 .6575727E+07   1488000E+01 -.5574E+06  .9554E+06   .9882337 -.1080409  .1082647
T 6768  1 .6116120E+07   1488000E+01 -.3961E+06  .1345E+06   .9995311 -.0306178 -.0003856
T 6769  1 .6363133E+07   1488000E+01 -.9688E+05 -.1722E+06   .9989936  .0122304  .0431536
T 6770  1 .6843604E+07   1488000E+01 -.6709E+06 -.3404E+06   .9972015 -.0686219 -.0296691
T 6771  1 .6323375E+07   1488000E+01  .1591E+06  .2093E+06   .9997936  .0186868 -.0079777
T 6772  1 .6025483E+07   1488000E+01 -.4123E+05 -.2877E+05   .9998201 -.0090876  .0166495
T 6773  1 .5645335E+07   1488000E+01  .1169E+06 -.9322E+06   .7628161 -.2072186 -.6125129
T 6774  1 .6133431E+07   1488000E+01  .1051E+07 -.1505E+06   .9940532  .1068676 -.0209162
T 6775  1 .6201023E+07   1488000E+01  .8161E+05 -.1433E+06   .9980693  .0604792 -.0141404
T 6776  1 .6587162E+07   1488000E+01 -.7555E+05 -.3635E+06   .9987353 -.0343304 -.0367321
T 6777  1 .6533394E+07   1488000E+01  .2299E+06  .3766E+04   .9997667  .0085027 -.0198570
T 6778  1 .6755160E+07   1488000E+01  .4255E+06  .1339E+06   .9976080  .0643928  .0251383
T 6779  1 .6104295E+07   1488000E+01 -.7361E+06  .2888E+06   .9893905 -.1447408 -.0125118
T 6780  1 .6460580E+07   1488000E+01  .3720E+06  .3131E+05   .9980581  .0116290  .0611940
T 6781  1 .6391176E+07   1488000E+01 -.1361E+06 -.5911E+06   .9975911 -.0125068 -.0682318
T 6782  1 .7104657E+07   1488000E+01 -.1116E+06 -.2823E+06   .9987113  .0485402 -.0148177
T 6783  1 .6579884E+07   1488000E+01 -.5539E+06  .2389E+06   .9976853 -.0433622  .0523800
T 6784  1 .6366456E+07   1488000E+01  .3458E+06  .8530E+06   .9921175  .0291461  .1218746
T 6785  1 .6689798E+07   1488000E+01 -.2785E+05  .1214E+06   .9996855  .0227302  .0105904
T 6786  1 .6918977E+07   1488000E+01  .1693E+06 -.3326E+05   .9961064  .0484951 -.0736219
T 6787  1 .6438299E+07   1488000E+01 -.2854E+06  .1877E+06   .9999026  .0028312 -.0136668
T 6788  1 .6312827E+07   1488000E+01  .1479E+06 -.5293E+05   .9985389  .0540369 -.0000996
T 6789  1 .6288885E+07   1488000E+01 -.1019E+06  .6705E+05   .9999832  .0019146  .0054735
T 6790  1 .6435456E+07   1488000E+01  .1463E+06 -.1916E+06   .9833492  .1618838  .0825716
T 6791  1 .5864836E+07   1488000E+01 -.1283E+06  .4236E+05   .9932801  .1134694  .0227873
T 6792  1 .6689780E+07   1488000E+01  .2568E+05  .7626E+06   .9989398  .0034146  .0459082
T 6793  1 .6794428E+07   1488000E+01 -.3179E+06 -.1360E+06   .9987385 -.0498959  .0056349
T 6794  1 .6033199E+07   1488000E+01 -.1293E+06  .4536E+06   .9968635 -.0182208  .0770143
T 6795  1 .7072762E+07   1488000E+01  .4481E+06  .1670E+06   .9972676  .0564627  .0476362
T 6796  1 .6255327E+07   1488000E+01  .2988E+06 -.9709E+05   .9977966  .0270924 -.0605629
T 6797  1 .5886112E+07   1488000E+01  .3897E+06 -.2151E+06   .9994559  .0042628  .0327063
T 6798  1 .6949586E+07   1488000E+01  .1729E+06  .9825E+05   .9995270  .0291585  .0097755
T 6799  1 .6572637E+07   1488000E+01 -.4344E+06  .2665E+06   .9888378 -.1488309 -.0070142
T 6800  1 .6703239E+07   1488000E+01 -.1860E+06 -.1633E+06   .9975697 -.0696701 -.0008586
T 6801  1 .6208410E+07   1488000E+01 -.5557E+05 -.1116E+06   .9991449  .0391672  .0132401
T 6802  1 .6014127E+07   1488000E+01 -.1201E+06  .2829E+05   .9947821  .1002998 -.0186663
T 6803  1 .6704653E+07   1488000E+01  .9191E+04 -.6879E+05   .9986819 -.0331361 -.0391974
T 6804  1 .6269920E+07   1488000E+01 -.6125E+06  .2669E+06   .9967622 -.0669270  .0445643
T 6805  1 .6444462E+07   1488000E+01  .5786E+06  .1126E+06   .9923976  .1179566  .0351163
T 6806  1 .6471734E+07   1488000E+01 -.2025E+07  .4478E+06   .9451310 -.3248617  .0345299
T 6807  1 .6625383E+07   1488000E+01 -.6333E+06  .2051E+06   .9988051 -.0438608  .0215524
T 6808  1 .6119519E+07   1488000E+01  .7033E+05 -.4427E+05   .9999208  .0123392  .0024790
T 6809  1 .6434725E+07   1488000E+01 -.2463E+06 -.6657E+04   .9991166  .0108478 -.0405990
T 6810  1 .6272423E+07   1488000E+01 -.1991E+05 -.5880E+06   .9948130 -.0059245 -.1015485
T 6811  1 .6097735E+07   1488000E+01 -.4602E+06 -.7258E+06   .9995154 -.0306508 -.0054248
T 6812  1 .6661062E+07   1488000E+01  .1983E+06  .2840E+06   .9984751  .0380770  .0399710
T 6813  1 .6515123E+07   1488000E+01  .4609E+05  .2753E+06   .9993454 -.0191207  .0307100
T 6814  1 .6002323E+07   1488000E+01 -.5804E+06  .5004E+06   .9907715 -.0272667  .1327718
T 6815  1 .6610051E+07   1488000E+01  .1562E+05 -.3483E+06   .9990749  .0085903 -.0421384
T 6816  1 .6287191E+07   1488000E+01 -.2779E+06 -.5287E+05   .9985099 -.0488432  .0243381
T 6817  1 .6542493E+07   1488000E+01  .2550E+06 -.4845E+05   .9989738  .0429007 -.0145245
T 6818  1 .6669219E+07   1488000E+01 -.7170E+05 -.8001E+05   .9975242 -.0654970  .0256046
T 6819  1 .5862441E+07   1488000E+01  .7353E+06 -.2513E+07   .9924955 -.0142719 -.1214458
T 6820  1 .7012879E+07   1488000E+01  .3496E+06  .4397E+06   .9666157  .2528172  .0416833
T 6821  1 .5867861E+07   1488000E+01  .1072E+05  .4236E+05   .9992066 -.0004629 -.0398229
T 6822  1 .6389765E+07   1488000E+01  .1031E+06  .4376E+06   .9985090 -.0053438  .0543250
T 6823  1 .6539046E+07   1488000E+01  .6991E+06 -.5147E+06   .9869662  .1552033 -.0425395
T 6824  1 .6468945E+07   1488000E+01 -.1297E+06  .4021E+05   .9957750 -.0816050 -.0421041
T 6825  1 .6769197E+07   1488000E+01 -.8290E+06 -.1931E+05   .9974423 -.0657266  .0280877
T 6826  1 .6304281E+07   1488000E+01 -.4234E+06 -.1188E+06   .9912856 -.1206465  .0528893
T 6827  1 .6988419E+07   1488000E+01 -.8240E+06 -.2120E+06   .9967104 -.0638435 -.0499240
T 6828  1 .6784318E+07   1488000E+01 -.3479E+06 -.3852E+06   .9977944 -.0401850 -.0528349
T 6829  1 .6349230E+07   1488000E+01 -.3397E+06  .2696E+06   .9999575 -.0041458  .0082368
T 6830  1 .6826138E+07   1488000E+01  .1366E+06 -.1391E+06   .9995604  .0236083 -.0179369
T 6831  1 .6599375E+07   1488000E+01  .1196E+07 -.1148E+06   .9931211  .1119667 -.0342642
T 6832  1 .6769070E+07   1488000E+01 -.8651E+05 -.2793E+06   .9997607 -.0200325 -.0087929
T 6833  1 .6036634E+07   1488000E+01 -.1477E+06 -.9244E+05   .9992349  .0199306  .0336520
T 6834  1 .6697266E+07   1488000E+01 -.3080E+06  .6427E+05   .9954234 -.0217817 -.0930473
T 6835  1 .6733640E+07   1488000E+01 -.2492E+06  .4159E+06   .9998364 -.0131413 -.0124325
T 6836  1 .6417119E+07   1488000E+01  .5124E+06  .1927E+06   .9992129  .0119972  .0378109
T 6837  1 .5633326E+07   1488000E+01  .1523E+07  .2707E+06   .9801189  .1969274  .0242199
T 6838  1 .6739277E+07   1488000E+01  .2938E+05  .2129E+06   .9990621  .0008241  .0432927
T 6839  1 .6476284E+07   1488000E+01 -.4142E+06  .1840E+06   .9931587 -.0852144  .0798390
T 6840  1 .6587724E+07   1488000E+01 -.1444E+06  .2029E+06   .9990344  .0314740  .0306552
T 6841  1 .6400813E+07   1488000E+01 -.6573E+06  .7925E+05   .9953521 -.0483591 -.0832803
T 6842  1 .6901687E+07   1488000E+01  .2010E+05 -.3679E+06   .9975991  .0438284 -.0536209
T 6843  1 .6252849E+07   1488000E+01  .3564E+05  .3833E+06   .9991141 -.0095477  .0409865
T 6844  1 .6998666E+07   1488000E+01 -.6849E+05 -.9056E+05   .9998326 -.0103629 -.0150795
T 6845  1 .6122372E+07   1488000E+01 -.3172E+06  .4387E+06   .9979699 -.0607277  .0191893
T 6846  1 .6103497E+07   1488000E+01  .1647E+06 -.6276E+06   .9966979  .0369209 -.0723203
T 6847  1 .6378739E+07   1488000E+01 -.2721E+06  .1883E+06   .9995710 -.0254936 -.0144164
T 6848  1 .6404021E+07   1488000E+01 -.3460E+06  .6781E+06   .9993598  .0115767  .0338510
T 6849  1 .6085046E+07   1488000E+01  .4246E+06  .2090E+06   .9982317  .0560724  .0197340
T 6850  1 .7089087E+07   1488000E+01 -.1890E+04  .3128E+06   .9993158 -.0137753  .0343241
T 6851  1 .6582185E+07   1488000E+01 -.3430E+05 -.7968E+05   .9992242 -.0369497  .0136292
T 6852  1 .6217766E+07   1488000E+01  .3952E+06  .6689E+05   .9953704  .0809503  .0518146
T 6853  1 .6858553E+07   1488000E+01  .3508E+06 -.9187E+05   .9984060  .0530927 -.0191473
T 6854  1 .6777698E+07   1488000E+01 -.2769E+06 -.5805E+05   .9949988 -.0998705  .0017808
T 6855  1 .6068026E+07   1488000E+01  .5134E+06  .1186E+06   .9991333  .0368127 -.0194311
T 6856  1 .6588151E+07   1488000E+01  .1144E+06 -.1228E+05   .9938531  .0354118  .1048909
T 6857  1 .6729213E+07   1488000E+01 -.3486E+06  .1194E+06   .9993735 -.0347602  .0066538
T 6858  1 .6515952E+07   1488000E+01 -.9747E+05 -.2034E+06   .9999313  .0023309  .0114877
T 6859  1 .6367683E+07   1488000E+01 -.2759E+06  .3176E+06   .9994756 -.0297216  .0128495
T 6860  1 .5906129E+07   1488000E+01  .3268E+06  .1092E+06   .9988494  .0432785 -.0206626
T 6861  1 .6524640E+07   1488000E+01  .4923E+05 -.1045E+06   .9987595  .0036098 -.0496638
T 6862  1 .6597531E+07   1488000E+01 -.1328E+06 -.3435E+06   .9989959  .0231910 -.0383327
T 6863  1 .5925387E+07   1488000E+01 -.4473E+04 -.1357E+06   .9996151  .0251981 -.0116076
T 6864  1 .5907530E+07   1488000E+01  .2414E+06 -.8450E+05   .9996572 -.0232380 -.0120611
T 6865  1 .6234216E+07   1488000E+01  .1684E+06  .5132E+05   .9986741  .0508163 -.0082298
T 6866  1 .6046741E+07   1488000E+01  .8535E+05  .2412E+06   .9999995  .0007108 -.0007403
T 6867  1 .6639259E+07   1488000E+01 -.1782E+05  .7488E+05   .9998535 -.0063708 -.0158864
T 6868  1 .6076523E+07   1488000E+01  .3056E+06 -.8426E+05   .9989349  .0257970 -.0382579
T 6869  1 .6461754E+07   1488000E+01  .2790E+06  .2640E+06   .9990744  .0345153  .0256737
T 6870  1 .6365723E+07   1488000E+01 -.1624E+07 -.1796E+06   .9903054 -.1331744 -.0394954
T 6871  1 .6187669E+07   1488000E+01  .9956E+05 -.1023E+06   .9953848 -.0270764 -.0920650
T 6872  1 .6370732E+07   1488000E+01 -.6811E+06  .1284E+06   .9951580 -.0887363  .0422661
T 6873  1 .5992250E+07   1488000E+01  .3148E+06  .5407E+05   .9987244  .0347475 -.0366354
T 6874  1 .6864801E+07   1488000E+01 -.9302E+05 -.4043E+06   .9994794 -.0057383 -.0317493
T 6875  1 .6669949E+07   1488000E+01  .9524E+05 -.7249E+05   .9967961  .0647075 -.0470164
T 6876  1 .5865868E+07   1488000E+01 -.7257E+05 -.5804E+06   .9966169 -.0250958 -.0782622
T 6877  1 .6095111E+07   1488000E+01 -.1020E+07  .3044E+05   .9853257 -.1641050 -.0469350
T 6878  1 .6304468E+07   1488000E+01 -.5730E+05  .6341E+06   .9954738 -.0719410  .0620999
T 6879  1 .5429225E+07   1488000E+01 -.3872E+06  .4476E+06   .9985105 -.0171429  .0517973
T 6880  1 .6290957E+07   1488000E+01  .8215E+05  .1379E+06   .9998102 -.0189275 -.0046206
T 6881  1 .6984350E+07   1488000E+01  .1970E+05 -.2014E+06   .9996958  .0242377 -.0045720
T 6882  1 .6529119E+07   1488000E+01  .6136E+06 -.9993E+06   .9963657  .0034508 -.0851092
T 6883  1 .6230133E+07   1488000E+01  .2125E+06  .3077E+06   .9998021  .0178693  .0087451
T 6884  1 .6615044E+07   1488000E+01  .4157E+06 -.3164E+06   .9975664  .0528850 -.0454362
T 6885  1 .6888623E+07   1488000E+01  .5236E+06  .5225E+06   .9870222  .0976406  .1274896
T 6886  1 .6250538E+07   1488000E+01  .3959E+06 -.1354E+07   .9916741  .0774780 -.1028578
T 6887  1 .6768964E+07   1488000E+01 -.7199E+06 -.1511E+06   .9956989 -.0813874 -.0442693
T 6888  1 .6478833E+07   1488000E+01 -.2155E+06  .2090E+06   .9984078 -.0248022  .0506635
T 6889  1 .6397234E+07   1488000E+01 -.2803E+06 -.3004E+05   .9998468  .0027540 -.0172837
T 6890  1 .6738827E+07   1488000E+01 -.1572E+05  .1633E+05   .9981098 -.0227174  .0571031
T 6891  1 .5746012E+07   1488000E+01 -.2247E+07 -.3059E+07   .9541162 -.1952553 -.2270189
T 6892  1 .6256693E+07   1488000E+01 -.1512E+06  .1176E+06   .9997825  .0129470  .0163500
T 6893  1 .6068167E+07   1488000E+01 -.3041E+06 -.1137E+06   .9998919 -.0140980  .0041827
T 6894  1 .6719863E+07   1488000E+01 -.3350E+06  .3906E+06   .9968697 -.0557616  .0560492
T 6895  1 .6272170E+07   1488000E+01  .1631E+07  .8774E+06   .9904957  .1010278  .0933366
T 6896  1 .7020794E+07   1488000E+01 -.5616E+06 -.1169E+06   .9935161 -.1125789 -.0158659
T 6897  1 .6264925E+07   1488000E+01  .9434E+05  .1106E+06   .9991476  .0062132  .0408090
T 6898  1 .6190976E+07   1488000E+01  .9240E+05  .4409E+06   .9989246 -.0043504  .0461602
T 6899  1 .6303843E+07   1488000E+01  .4005E+06  .4388E+06   .9864702  .1221670  .1093242
T 6900  1 .6291131E+07   1488000E+01 -.1050E+06  .1600E+06   .9975331 -.0498428  .0494308
T 6901  1 .6185744E+07   1488000E+01  .6498E+06 -.4936E+05   .9928549  .0911910  .0769627
T 6902  1 .6022182E+07   1488000E+01  .1047E+06 -.7465E+06   .9978796  .0028836 -.0650229
T 6903  1 .6343750E+07   1488000E+01 -.6378E+06 -.4792E+06   .9969196 -.0461382 -.0634241
T 6904  1 .6090267E+07   1488000E+01  .1039E+07  .1466E+06   .9949361  .1004481 -.0035040
T 6905  1 .6388385E+07   1488000E+01  .1322E+05  .5382E+05   .9998108  .0023637 -.0193096
T 6906  1 .6333024E+07   1488000E+01  .3291E+06  .3159E+06   .9996491 -.0049187  .0260285
T 6907  1 .5911650E+07   1488000E+01 -.1703E+06 -.3472E+06   .9935654 -.0014391 -.1132507
T 6908  1 .6442540E+07   1488000E+01  .7017E+06 -.5492E+06   .9973821  .0597581 -.0407173
T 6909  1 .6634086E+07   1488000E+01  .7721E+06 -.1293E+06   .9982528  .0002481 -.0590875
T 6910  1 .6261902E+07   1488000E+01 -.8257E+06  .4604E+06   .9980291 -.0245069  .0577704
T 6911  1 .6019116E+07   1488000E+01  .3115E+06 -.2896E+06   .9995301 -.0053044 -.0301912
T 6912  1 .6420725E+07   1488000E+01  .9253E+05 -.1086E+06   .9977314  .0602127 -.0301062
T 6913  1 .6461207E+07   1488000E+01  .6609E+05 -.3237E+06   .9913192 -.0621369  .1158677
T 6914  1 .6515596E+07   1488000E+01  .1833E+06  .3671E+06   .9981163  .0319021  .0524025
T 6915  1 .6584893E+07   1488000E+01  .2483E+06 -.3951E+06   .9994490  .0053043 -.0327657
T 6916  1 .6258109E+07   1488000E+01  .1802E+06 -.1237E+06   .9996928  .0204724 -.0139725
T 6917  1 .5579739E+07   1488000E+01  .3216E+07  .1680E+07   .9288098  .3192485  .1881295
T 6918  1 .6370358E+07   1488000E+01 -.1451E+06 -.3045E+06   .9993172 -.0342518  .0138568
T 6919  1 .6007862E+07   1488000E+01  .2399E+06 -.8708E+06   .9916316  .0779757 -.1028911
T 6920  1 .6497002E+07   1488000E+01  .4090E+06 -.2808E+06   .9989508  .0457819 -.0011098
T 6921  1 .5991312E+07   1488000E+01 -.2809E+06  .4992E+05   .9924827 -.1222690  .0053336
T 6922  1 .6154515E+07   1488000E+01  .1395E+06  .5330E+05   .9912652  .0950121  .0914660
T 6923  1 .6104873E+07   1488000E+01  .4681E+06  .2484E+06   .9996613  .0099510  .0240475
T 6924  1 .6407078E+07   1488000E+01  .1342E+06  .2138E+06   .9993627  .0334895  .0123582
T 6925  1 .6577546E+07   1488000E+01 -.3489E+06 -.4510E+06   .9991688  .0048963 -.0404697
T 6926  1 .6271771E+07   1488000E+01 -.4585E+05 -.5327E+06   .9956777 -.0294067 -.0880978
T 6927  1 .6594281E+07   1488000E+01  .7089E+06  .4771E+06   .9933610  .0518460  .1026929
T 6928  1 .6029218E+07   1488000E+01 -.3528E+06  .1332E+06   .9987104 -.0419985  .0285246
T 6929  1 .6178329E+07   1488000E+01 -.2372E+06  .4154E+06   .9940022 -.0263327  .1061423
T 6930  1 .6410106E+07   1488000E+01 -.1389E+06 -.7151E+05   .9997615  .0060032 -.0209967
T 6931  1 .6705920E+07   1488000E+01 -.4593E+06  .3454E+06   .9956328 -.0626566  .0692057
T 6932  1 .6190118E+07   1488000E+01 -.3716E+05  .6913E+06   .9899393  .0711897  .1222794
T 6933  1 .6433266E+07   1488000E+01  .6617E+05  .3074E+06   .9970863  .0162792  .0745238
T 6934  1 .6185994E+07   1488000E+01  .1376E+05 -.1138E+06   .9987441  .0423971 -.0266955
T 6935  1 .6501532E+07   1488000E+01  .2743E+06 -.7617E+06   .9918256  .0578494 -.1137338
T 6936  1 .6703872E+07   1488000E+01 -.3346E+06  .1428E+06   .9949405 -.0982210 -.0211212
T 6937  1 .6290798E+07   1488000E+01 -.2760E+06  .2041E+06   .9992383 -.0286578  .0264861
T 6938  1 .6395951E+07   1488000E+01  .3486E+06 -.1136E+06   .9960135  .0871444  .0190523
T 6939  1 .6753886E+07   1488000E+01  .5015E+05 -.1354E+05   .9994487  .0017326  .0331562
T 6940  1 .6175704E+07   1488000E+01 -.4867E+06  .3078E+06   .9990743 -.0430140 -.0005376
T 6941  1 .6254118E+07   1488000E+01 -.5838E+06 -.9830E+06   .9804698 -.1142751 -.1600632
T 6942  1 .6511698E+07   1488000E+01 -.4972E+06  .3822E+05   .9986970 -.0508996 -.0036845
T 6943  1 .6021594E+07   1488000E+01 -.2529E+06 -.4110E+06   .9966035 -.0622298 -.0539351
T 6944  1 .6206654E+07   1488000E+01 -.6420E+06 -.5591E+06   .9990570 -.0215683 -.0376810
T 6945  1 .6070416E+07   1488000E+01 -.6145E+05  .5362E+06   .9948943 -.0122172  .1001801
T 6946  1 .5980994E+07   1488000E+01 -.2393E+06 -.2542E+06   .9970173 -.0729536 -.0251853
T 6947  1 .6731901E+07   1488000E+01 -.1540E+05 -.2259E+06   .9993679  .0304840 -.0182919
T 6948  1 .6353346E+07   1488000E+01 -.5863E+06  .1901E+06   .9903696 -.1156928  .0760481
T 6949  1 .6681158E+07   1488000E+01 -.2906E+06 -.1826E+06   .9992451 -.0246344 -.0300382
T 6950  1 .6283998E+07   1488000E+01  .3653E+06 -.1588E+06   .9831098  .1828725  .0072700
T 6951  1 .6628361E+07   1488000E+01  .5890E+06  .5727E+06   .9987031  .0330543  .0387247
T 6952  1 .6289468E+07   1488000E+01  .1030E+06  .6544E+05   .9992087  .0266220  .0295507
T 6953  1 .6729288E+07   1488000E+01  .7900E+05 -.2423E+06   .9987466  .0128645 -.0483712
T 6954  1 .6775955E+07   1488000E+01 -.2981E+05 -.3652E+06   .9995117  .0180755 -.0254866
T 6955  1 .6691393E+07   1488000E+01  .3232E+06  .2290E+06   .9988587  .0437636  .0191298
T 6956  1 .5816606E+07   1488000E+01  .6879E+06  .7390E+06   .9782741  .0987169  .1823042
T 6957  1 .6468230E+07   1488000E+01 -.8017E+06 -.2969E+06   .9910096 -.1292179 -.0346792
T 6958  1 .6375983E+07   1488000E+01 -.2859E+06 -.3991E+06   .9975144 -.0699561 -.0084372
T 6959  1 .6258023E+07   1488000E+01  .3780E+05 -.2447E+05   .9967257  .0808102  .0027547
T 6960  1 .6138327E+07   1488000E+01 -.3147E+06 -.7312E+06   .9976713 -.0603701 -.0317388
T 6961  1 .6550019E+07   1488000E+01  .7553E+06  .1645E+06   .9954480  .0900604  .0311821
T 6962  1 .6328904E+07   1488000E+01  .7206E+05 -.7305E+05   .9991000  .0281190  .0317583
T 6963  1 .6129222E+07   1488000E+01  .1043E+07  .4473E+05   .9839696  .1550994  .0880222
T 6964  1 .6099902E+07   1488000E+01  .2101E+06 -.1620E+06   .9944772 -.0733142 -.0751012
T 6965  1 .6582274E+07   1488000E+01  .2438E+06 -.1661E+05   .9975861  .0552835  .0420211
T 6966  1 .6786839E+07   1488000E+01  .1365E+06 -.4925E+05   .9996795  .0231417  .0102601
T 6967  1 .6860517E+07   1488000E+01 -.5070E+05  .3289E+06   .9966795 -.0166754  .0796991
T 6968  1 .6257553E+07   1488000E+01  .1168E+07  .2481E+06   .9873833  .1421873  .0696924
T 6969  1 .6249212E+07   1488000E+01 -.2582E+06  .1516E+06   .9992893 -.0373013  .0054302
T 6970  1 .6166917E+07   1488000E+01 -.2178E+06  .9991E+05   .9972571 -.0499226  .0546435
T 6971  1 .6148992E+07   1488000E+01  .2785E+06  .6310E+05   .9980229  .0622956  .0083354
T 6972  1 .5918849E+07   1488000E+01 -.3150E+06  .3922E+05   .9994155 -.0287151  .0185515
T 6973  1 .6550518E+07   1488000E+01  .5679E+06  .1725E+06   .9973510  .0536639  .0491035
T 6974  1 .5966324E+07   1488000E+01  .1852E+06 -.5890E+06   .9956682  .0908188 -.0199173
T 6975  1 .6272545E+07   1488000E+01 -.4306E+06 -.6012E+05   .9989553 -.0330439  .0315676
T 6976  1 .6078071E+07   1488000E+01  .2617E+06 -.3572E+05   .9889287  .1297940 -.0719278
T 6977  1 .6223422E+07   1488000E+01  .3750E+06 -.1972E+06   .9963025  .0833340  .0208994
T 6978  1 .6216385E+07   1488000E+01  .4779E+06  .1163E+06   .9981653  .0560285  .0229544
T 6979  1 .5998980E+07   1488000E+01  .3654E+06 -.3920E+06   .9917622  .0907381 -.0904120
T 6980  1 .6670224E+07   1488000E+01  .2844E+06  .2114E+06   .9963093 -.0005617  .0858341
T 6981  1 .6035614E+07   1488000E+01  .3038E+06 -.3976E+06   .9999365  .0102403 -.0047045
T 6982  1 .6602560E+07   1488000E+01 -.3837E+06  .5022E+06   .9935885 -.0994741  .0537289
T 6983  1 .6760785E+07   1488000E+01 -.2965E+06  .8416E+04   .9988112 -.0484582 -.0052878
T 6984  1 .6191682E+07   1488000E+01 -.1786E+06  .4005E+05   .9999782  .0049339  .0043839
T 6985  1 .5810719E+07   1488000E+01  .4600E+06 -.5667E+06   .9998714  .0130169 -.0093700
T 6986  1 .6344385E+07   1488000E+01  .1823E+06 -.2349E+06   .9983184  .0339106 -.0470151
T 6987  1 .6557832E+07   1488000E+01 -.7492E+06 -.9467E+06   .9924111 -.0693907 -.1015142
T 6988  1 .6856534E+07   1488000E+01 -.2021E+06 -.1457E+06   .9991473 -.0142774 -.0387401
T 6989  1 .6417931E+07   1488000E+01 -.3788E+06  .3581E+06   .9936421 -.0777687  .0814088
T 6990  1 .6788063E+07   1488000E+01 -.4048E+05  .6702E+06   .9998724 -.0023790 -.0157946
T 6991  1 .6368190E+07   1488000E+01 -.1008E+06  .1469E+06   .9961485 -.0382048  .0789213
T 6992  1 .6388619E+07   1488000E+01 -.3045E+06  .1396E+06   .9987019 -.0469885  .0196640
T 6993  1 .6804864E+07   1488000E+01  .9014E+06  .8765E+06   .9891293  .0855686  .1195874
T 6994  1 .6488094E+07   1488000E+01  .1600E+04  .7036E+05   .9998662 -.0137430 -.0088681
T 6995  1 .6308025E+07   1488000E+01 -.1408E+06  .4127E+06   .9986438 -.0293499  .0430016
T 6996  1 .5628746E+07   1488000E+01 -.9024E+05 -.6381E+06   .9979667  .0090871 -.0630862
T 6997  1 .6782618E+07   1488000E+01 -.7914E+06 -.4111E+06   .9939622 -.1093825 -.0086428
T 6998  1 .6334450E+07   1488000E+01  .1631E+06 -.4027E+06   .9984345  .0519585  .0207089
T 6999  1 .6764904E+07   1488000E+01 -.5843E+06 -.3212E+06   .9955000 -.0708996 -.0628727
T 7000  1 .6222801E+07   1488000E+01 -.1469E+06 -.7839E+05   .9993125  .0060743 -.0365736
T 7001  1 .6719617E+07   1488000E+01  .2446E+06  .3522E+05   .9986429  .0067864 -.0516357
T 7002  1 .6300362E+07   1488000E+01  .1530E+06 -.1083E+07   .9959266 -.0058133 -.0899802
T 7003  1 .6393675E+07   1488000E+01 -.5334E+06 -.1672E+06   .9970361 -.0641727 -.0424368
T 7004  1 .6838000E+07   1488000E+01 -.6117E+05 -.4677E+06   .9997775  .0061716  .0201718
T 7005  1 .6320485E+07   1488000E+01 -.1696E+06 -.7223E+05   .9983502 -.0377904 -.0432299
T 7006  1 .6080327E+07   1488000E+01 -.1223E+04 -.2408E+06   .9995783  .0047682  .0286430
T 7007  1 .6875825E+07   1488000E+01  .1463E+06 -.1001E+06   .9972125  .0551972 -.0502052
T 7008  1 .5731560E+07   1488000E+01  .9316E+05  .2000E+06   .9991533  .0394480  .0116834
T 7009  1 .6542787E+07   1488000E+01  .2890E+06 -.6448E+05   .9996646  .0189149  .0176914
T 7010  1 .6214689E+07   1488000E+01 -.1095E+06 -.1908E+06   .9991710  .0235159 -.0332325
T 7011  1 .6071288E+07   1488000E+01 -.7146E+04 -.3191E+06   .9997761  .0171643 -.0123754
T 7012  1 .6888359E+07   1488000E+01 -.2146E+06 -.6204E+05   .9903222  .0913772  .1044615
T 7013  1 .5919594E+07   1488000E+01  .1154E+06  .4382E+06   .9991216  .0030698  .0417922
T 7014  1 .5825275E+07   1488000E+01 -.5744E+06  .2837E+06   .9894987 -.1413601  .0301602
T 7015  1 .6354412E+07   1488000E+01  .3322E+06 -.3135E+06   .9946034  .0471204 -.0924326
T 7016  1 .6561138E+07   1488000E+01 -.3565E+06 -.2463E+05   .9963735 -.0817199  .0236992
T 7017  1 .6240292E+07   1488000E+01 -.4496E+06 -.1041E+06   .9984724 -.0114877 -.0540448
T 7018  1 .6168863E+07   1488000E+01 -.5146E+06  .4798E+06   .9990430 -.0427596  .0092042
T 7019  1 .5776745E+07   1488000E+01  .5160E+06  .4619E+06   .9982721 -.0044426  .0585920
T 7020  1 .5713581E+07   1488000E+01  .7060E+06 -.1018E+06   .9995184  .0276923 -.0140049
T 7021  1 .6645687E+07   1488000E+01 -.9082E+05 -.3225E+06   .9992024 -.0248118 -.0312886
T 7022  1 .6223752E+07   1488000E+01  .4546E+06 -.5843E+06   .9914310  .0778888 -.1048706
T 7023  1 .6037722E+07   1488000E+01 -.4161E+06 -.3954E+06   .9691294 -.2445395 -.0314418
T 7024  1 .6403072E+07   1488000E+01  .9484E+06  .2907E+06   .9926490  .0969402  .0724607
T 7025  1 .7010574E+07   1488000E+01  .1965E+06 -.3711E+06   .9837685  .1533128  .0932459
T 7026  1 .6626461E+07   1488000E+01 -.2861E+06  .3040E+06   .9997350 -.0209187  .0096096
T 7027  1 .6645024E+07   1488000E+01 -.2572E+06  .5375E+05   .9979724 -.0261960  .0580067
T 7028  1 .6532499E+07   1488000E+01 -.1452E+06  .4717E+06   .9968096 -.0631125  .0488615
T 7029  1 .6054086E+07   1488000E+01 -.3835E+06 -.2342E+06   .9792485 -.1171349 -.1653839
T 7030  1 .6554650E+07   1488000E+01  .1717E+06  .1608E+06   .9998435  .0175266  .0024091
T 7031  1 .6579617E+07   1488000E+01 -.3283E+06  .1743E+05   .9943455 -.0887759  .0582739
T 7032  1 .6251416E+07   1488000E+01  .5830E+06 -.3002E+06   .9969358  .0435085 -.0650079
T 7033  1 .6919009E+07   1488000E+01 -.5540E+06  .1052E+06   .9989729 -.0411757  .0189121
T 7034  1 .6730562E+07   1488000E+01  .8312E+05  .5281E+06   .9955397 -.0159489  .0929853
T 7035  1 .6347518E+07   1488000E+01 -.9860E+05  .1057E+06   .9965059 -.0760909  .0344394
T 7036  1 .6855574E+07   1488000E+01  .4879E+06 -.3577E+06   .9996009 -.0058217 -.0276417
T 7037  1 .6039982E+07   1488000E+01 -.2893E+06 -.1421E+06   .9930316 -.1175141 -.0088696
T 7038  1 .6240277E+07   1488000E+01  .4554E+06  .5640E+06   .9989384  .0438938  .0139759
T 7039  1 .6577596E+07   1488000E+01 -.1755E+04 -.6765E+05   .9992300  .0026037  .0391498
T 7040  1 .6455444E+07   1488000E+01 -.1674E+06  .1778E+06   .9994000  .0322589  .0126057
T 7041  1 .6233504E+07   1488000E+01 -.4772E+06  .3563E+06   .9961395 -.0799411  .0362701
T 7042  1 .6025492E+07   1488000E+01  .6161E+05 -.8371E+04   .9990258  .0282984  .0338618
T 7043  1 .6287158E+07   1488000E+01 -.8919E+06 -.8248E+06   .9888278 -.1488746 -.0074829
T 7044  1 .5979426E+07   1488000E+01  .3278E+06  .2324E+05   .9995747  .0169459  .0237313
T 7045  1 .6543810E+07   1488000E+01 -.7554E+06  .7017E+06   .9834360 -.1565313  .0913869
T 7046  1 .6159388E+07   1488000E+01  .1262E+06  .6863E+05   .9963495  .0701765  .0486109
T 7047  1 .6695936E+07   1488000E+01 -.6968E+06 -.6117E+06   .9916880 -.1110527 -.0649777
T 7048  1 .6250497E+07   1488000E+01 -.1969E+06  .3670E+06   .9942645 -.0932956  .0522883
T 7049  1 .6577263E+07   1488000E+01  .5425E+05 -.8505E+04   .9993363  .0340540 -.0129324
T 7050  1 .5949655E+07   1488000E+01  .2956E+06  .4351E+06   .9949911  .0463273  .0885808
T 7051  1 .6869294E+07   1488000E+01  .3371E+06 -.3619E+06   .9976640 -.0082121 -.0678170
T 7052  1 .6180223E+07   1488000E+01 -.7648E+06 -.1962E+06   .9972687 -.0626098 -.0391820
T 7053  1 .6810743E+07   1488000E+01  .2041E+06 -.7690E+05   .9793714  .1589539 -.1247607
T 7054  1 .6718178E+07   1488000E+01  .2181E+05  .9899E+05   .9993318 -.0261885  .0254982
T 7055  1 .5750307E+07   1488000E+01  .1123E+06  .2025E+06   .9999219  .0015923  .0123980
T 7056  1 .5768772E+07   1488000E+01  .4063E+06 -.7660E+06   .9923696  .0284428 -.1199733
T 7057  1 .6195440E+07   1488000E+01  .2774E+06 -.2290E+06   .9985950  .0254516 -.0464783
T 7058  1 .6186954E+07   1488000E+01 -.8876E+06 -.8055E+06   .9745675 -.1015032 -.1997883
T 7059  1 .6645837E+07   1488000E+01  .3275E+06  .1088E+06   .9988551  .0478383  .0002576
T 7060  1 .6521914E+07   1488000E+01 -.1279E+06 -.5682E+06   .9963328  .0256462 -.0816285
T 7061  1 .6319509E+07   1488000E+01 -.4896E+05 -.3343E+06   .9992919  .0345347 -.0149375
T 7062  1 .6492891E+07   1488000E+01 -.1043E+06  .1205E+06   .9999088  .0113994 -.0072389
T 7063  1 .6397031E+07   1488000E+01  .3850E+06 -.7361E+05   .9989225  .0440671 -.0145572
T 7064  1 .6509304E+07   1488000E+01  .1536E+06 -.1399E+06   .9985423  .0158651 -.0515898
T 7065  1 .6163932E+07   1488000E+01 -.3295E+06 -.1530E+06   .9985589 -.0022527  .0536203
T 7066  1 .6505958E+07   1488000E+01 -.4421E+06 -.6892E+06   .9906410 -.0487518 -.1274895
T 7067  1 .6296399E+07   1488000E+01 -.2213E+06  .4245E+06   .9832449 -.0108563  .1819660
T 7068  1 .6140535E+07   1488000E+01 -.3742E+05  .1616E+06   .9992762 -.0189603  .0329779
T 7069  1 .6500004E+07   1488000E+01  .5454E+06 -.1144E+07   .9933390  .0030087 -.1151895
T 7070  1 .7024341E+07   1488000E+01  .3919E+05 -.1923E+06   .9989888 -.0174360 -.0414418
T 7071  1 .6811846E+07   1488000E+01 -.2891E+06 -.3069E+05   .9992572 -.0175241 -.0343221
T 7072  1 .6307180E+07   1488000E+01  .4386E+06  .3099E+06   .9988136  .0440964  .0206625
T 7073  1 .6289691E+07   1488000E+01 -.9943E+05  .3656E+06   .9994795  .0305131  .0104721
T 7074  1 .6429285E+07   1488000E+01 -.4180E+06 -.1439E+07   .9755252 -.1163085 -.1866092
T 7075  1 .6523813E+07   1488000E+01  .3136E+05  .4010E+06   .9964042 -.0427046  .0731772
T 7076  1 .6259672E+07   1488000E+01  .8779E+05  .2743E+06   .9989494  .0039013  .0456598
T 7077  1 .6540684E+07   1488000E+01 -.3458E+06  .6082E+06   .9936775 -.0393356  .1051561
T 7078  1 .6559787E+07   1488000E+01  .3724E+06 -.4457E+05   .9984416  .0518994 -.0205164
T 7079  1 .5973939E+07   1488000E+01 -.6026E+06 -.3434E+06   .9841256 -.1428613 -.1052972
T 7080  1 .6812806E+07   1488000E+01  .1310E+06  .5575E+06   .9980610  .0481603  .0394312
T 7081  1 .6933133E+07   1488000E+01 -.3186E+06  .3038E+06   .9998904 -.0004378  .0147961
T 7082  1 .6887766E+07   1488000E+01  .7374E+06 -.3592E+06   .9921599  .1026841 -.0712373
T 7083  1 .6079986E+07   1488000E+01  .5984E+06 -.1556E+06   .9992965  .0324757 -.0187579
T 7084  1 .6249210E+07   1488000E+01  .7398E+05  .2737E+06   .9969119 -.0211748  .0756190
T 7085  1 .6504799E+07   1488000E+01  .3717E+06  .2817E+05   .9992321  .0116187 -.0374191
T 7086  1 .6216706E+07   1488000E+01 -.1304E+06 -.9099E+05   .9998493 -.0163809 -.0057505
T 7087  1 .6615231E+07   1488000E+01 -.4888E+06 -.7615E+05   .9956164 -.0894346 -.0273748
T 7088  1 .5810966E+07   1488000E+01  .3396E+06  .2011E+06   .9927592  .1119742  .0434849
T 7089  1 .6297850E+07   1488000E+01  .6409E+05 -.1735E+06   .9994656  .0310603 -.0101910
T 7090  1 .6871703E+07   1488000E+01 -.6714E+05 -.1283E+05   .9999317  .0066035  .0096450
T 7091  1 .6570238E+07   1488000E+01  .2439E+05 -.4902E+05   .9997599 -.0105431 -.0192102
T 7092  1 .6557838E+07   1488000E+01 -.2407E+06  .8667E+05   .9975938 -.0630745 -.0287784
T 7093  1 .6742434E+07   1488000E+01  .4807E+06 -.4373E+06   .9980819 -.0397306 -.0474771
T 7094  1 .6390220E+07   1488000E+01  .3077E+06  .2187E+06   .9986803  .0279196  .0431058
T 7095  1 .5937672E+07   1488000E+01  .7778E+06  .2160E+06   .9947131  .0977384  .0315118
T 7096  1 .6240327E+07   1488000E+01  .6324E+06  .2086E+06   .9974215  .0524727  .0489589
T 7097  1 .6096078E+07   1488000E+01 -.3107E+06 -.3538E+06   .9993514 -.0315490 -.0173609
T 7098  1 .6114657E+07   1488000E+01 -.4103E+06 -.9089E+04   .9938429 -.1078015 -.0255950
T 7099  1 .6710827E+07   1488000E+01  .7109E+06 -.2820E+05   .9981200  .0609067  .0068412
T 7100  1 .6210645E+07   1488000E+01  .1930E+06  .2754E+06   .9984159 -.0328145  .0457038
T 7101  1 .7010091E+07   1488000E+01  .1002E+06  .1439E+06   .9994221  .0275904  .0198538
T 7102  1 .6182252E+07   1488000E+01 -.1236E+05 -.4537E+06   .9952157 -.0514739 -.0830428
T 7103  1 .6094307E+07   1488000E+01  .6451E+05 -.2476E+06   .9962492  .0095384 -.0860028
T 7104  1 .6817368E+07   1488000E+01  .1493E+05  .1005E+06   .9963494  .0799687  .0298828
T 7105  1 .6132553E+07   1488000E+01 -.2435E+06  .1685E+06   .9996589 -.0081515 -.0248104
T 7106  1 .6769132E+07   1488000E+01 -.1450E+06 -.2269E+06   .9970294  .0095144 -.0764319
T 7107  1 .6027893E+07   1488000E+01 -.6862E+05  .2040E+06   .9983822 -.0174317  .0541222
T 7108  1 .6821018E+07   1488000E+01  .6167E+06  .4688E+05   .9946622  .0905544  .0494674
T 7109  1 .6252676E+07   1488000E+01  .2148E+06  .4856E+05   .9980044  .0485291 -.0403988
T 7110  1 .6236519E+07   1488000E+01 -.1897E+06 -.1735E+06   .9997795 -.0168742 -.0124955
T 7111  1 .6287484E+07   1488000E+01 -.2829E+06  .2174E+06   .9983228 -.0290227  .0500924
T 7112  1 .6000192E+07   1488000E+01 -.1212E+06 -.1314E+06   .9977934  .0625715 -.0222045
T 7113  1 .6371887E+07   1488000E+01 -.6022E+06  .2498E+06   .9978379 -.0637138  .0161287
T 7114  1 .6757381E+07   1488000E+01  .3550E+06 -.3304E+06   .9893577  .0264836 -.1430731
T 7115  1 .6911912E+07   1488000E+01  .6098E+06  .6643E+06   .9944023  .0877789  .0588125
T 7116  1 .7174614E+07   1488000E+01 -.4787E+06  .6066E+06   .9949038 -.0647980  .0772505
T 7117  1 .6299717E+07   1488000E+01  .6365E+05  .6172E+06   .9901412  .0691520  .1218134
T 7118  1 .6407139E+07   1488000E+01 -.7892E+05  .1381E+06   .9990113  .0397328  .0199417
T 7119  1 .6679697E+07   1488000E+01 -.3675E+06  .2849E+06   .9957290 -.0921949 -.0048834
T 7120  1 .5897026E+07   1488000E+01 -.7510E+05  .1887E+06   .9971836 -.0050687  .0748279
T 7121  1 .6705826E+07   1488000E+01 -.2538E+06 -.1015E+06   .9991778 -.0396865 -.0082927
T 7122  1 .6500974E+07   1488000E+01  .2102E+06 -.4504E+06   .9945202  .0964610 -.0403103
T 7123  1 .6657773E+07   1488000E+01  .3230E+06  .6061E+05   .9998632  .0163479  .0025253
T 7124  1 .6138498E+07   1488000E+01  .1909E+05 -.5957E+06   .9931645 -.0240425 -.1142197
T 7125  1 .6849320E+07   1488000E+01  .3978E+06 -.1502E+06   .9987976  .0178791 -.0456486
T 7126  1 .6256171E+07   1488000E+01  .3303E+06  .3690E+06   .9978762  .0046593  .0649719
T 7127  1 .6528274E+07   1488000E+01  .1844E+06 -.1485E+06   .9953199  .0777848 -.0573389
T 7128  1 .6626778E+07   1488000E+01  .4662E+06 -.8589E+05   .9998194  .0113039 -.0152761
T 7129  1 .6225506E+07   1488000E+01  .2369E+06  .5622E+06   .9986363  .0105437  .0511316
T 7130  1 .6454054E+07   1488000E+01  .6758E+05  .3374E+05   .9995550  .0292502  .0058515
T 7131  1 .6725671E+07   1488000E+01  .2284E+06  .3914E+06   .9980649  .0343500  .0518327
T 7132  1 .6423747E+07   1488000E+01 -.4985E+06  .3964E+06   .9946145 -.0979521  .0338730
T 7133  1 .6351424E+07   1488000E+01  .5056E+06  .7443E+06   .9974409  .0706008  .0112789
T 7134  1 .6254478E+07   1488000E+01 -.2601E+06  .2211E+06   .9992818 -.0304345  .0225727
T 7135  1 .6365862E+07   1488000E+01  .3553E+04 -.3917E+06   .9989828 -.0450321 -.0023552
T 7136  1 .6547062E+07   1488000E+01  .3524E+06  .7213E+05   .9974463  .0712753  .0045528
T 7137  1 .6839729E+07   1488000E+01 -.2282E+05  .4309E+06   .9982888 -.0203246  .0548296
T 7138  1 .6551508E+07   1488000E+01  .2848E+06 -.2711E+06   .9974226  .0577105 -.0426351
T 7139  1 .6871806E+07   1488000E+01 -.6073E+06 -.3702E+06   .9945018 -.0710281 -.0769490
T 7140  1 .6551419E+07   1488000E+01 -.6906E+06  .3966E+04   .9961070 -.0835282 -.0281749
T 7141  1 .5797058E+07   1488000E+01 -.1533E+07 -.1053E+07   .9698534 -.1907907 -.1516026
T 7142  1 .6423958E+07   1488000E+01  .8831E+06  .1153E+07   .9891282  .0762581  .1257380
T 7143  1 .6038727E+07   1488000E+01  .4122E+06  .2899E+06   .9952046  .0975350  .0073996
T 7144  1 .6092105E+07   1488000E+01 -.8877E+04  .2303E+06   .9992447 -.0212615  .0325276
T 7145  1 .6006381E+07   1488000E+01 -.2908E+06 -.2375E+06   .9984484 -.0240907 -.0502040
T 7146  1 .6522037E+07   1488000E+01  .6805E+06  .2315E+05   .9975035  .0702265 -.0074106
T 7147  1 .6478380E+07   1488000E+01 -.1647E+06 -.1812E+05   .9977621  .0349039 -.0570309
T 7148  1 .6635357E+07   1488000E+01  .1049E+06 -.3001E+05   .9986968  .0507583  .0053272
T 7149  1 .6516586E+07   1488000E+01  .7252E+06  .3516E+06   .9968670  .0750983  .0248276
T 7150  1 .5937172E+07   1488000E+01  .4128E+06  .5917E+06   .9592172 -.1082898  .2611046
T 7151  1 .6450019E+07   1488000E+01 -.1716E+05 -.5288E+05   .9929086  .1002621  .0638749
T 7152  1 .6745963E+07   1488000E+01 -.5912E+05  .1015E+07   .9889294 -.0535467  .1383886
T 7153  1 .6342928E+07   1488000E+01 -.5637E+06 -.5791E+05   .9981122 -.0614056  .0011373
T 7154  1 .6904724E+07   1488000E+01 -.1586E+05 -.1136E+05   .9994192  .0267862  .0210644
T 7155  1 .6402377E+07   1488000E+01  .3695E+06  .1774E+06   .9989610  .0141072  .0433346
T 7156  1 .6089155E+07   1488000E+01 -.2814E+06  .7630E+06   .9926494 -.0447111  .1124641
T 7157  1 .6002655E+07   1488000E+01 -.8013E+06  .1379E+07   .9943590  .0036836  .1060029
T 7158  1 .6898833E+07   1488000E+01 -.3132E+06 -.2949E+06   .9980607 -.0591095 -.0195147
T 7159  1 .6320963E+07   1488000E+01  .3859E+06 -.4043E+06   .9924744  .0642173 -.1042628
T 7160  1 .6435385E+07   1488000E+01  .2518E+06 -.8510E+06   .9982426  .0560024 -.0193778
T 7161  1 .5942897E+07   1488000E+01 -.1524E+06 -.2941E+06   .9975622  .0294576 -.0632608
T 7162  1 .6127127E+07   1488000E+01 -.2308E+05 -.1909E+06   .9990018 -.0237679 -.0378225
T 7163  1 .6150347E+07   1488000E+01 -.1688E+06 -.3357E+06   .9981675 -.0114685 -.0594140
T 7164  1 .6678883E+07   1488000E+01 -.1974E+06 -.5226E+05   .9999023 -.0029920  .0136514
T 7165  1 .6551064E+07   1488000E+01  .5262E+06 -.1286E+06   .9985857  .0496479 -.0190198
T 7166  1 .6428187E+07   1488000E+01  .6969E+06 -.3865E+06   .9936365  .1035932 -.0442145
T 7167  1 .6282515E+07   1488000E+01 -.1689E+06  .2396E+06   .9985294  .0284240  .0461643
T 7168  1 .6788505E+07   1488000E+01  .8156E+05 -.1144E+06   .9986806  .0354705 -.0371338
T 7169  1 .6400713E+07   1488000E+01 -.2595E+06  .2763E+06   .9994064 -.0280162  .0200482
T 7170  1 .6343276E+07   1488000E+01  .3156E+06  .4163E+06   .9993430  .0344973  .0111132
T 7171  1 .6131062E+07   1488000E+01 -.1282E+06  .3294E+06   .9997956 -.0044978  .0197092
T 7172  1 .6803337E+07   1488000E+01  .1487E+06 -.2319E+06   .9993019  .0325404 -.0183540
T 7173  1 .6620796E+07   1488000E+01  .2154E+06  .2691E+06   .9995058 -.0037304  .0312142
T 7174  1 .6505769E+07   1488000E+01 -.3294E+06 -.4225E+06   .9975164 -.0344135 -.0614545
T 7175  1 .5730438E+07   1488000E+01  .2133E+06 -.6888E+06   .9924992  .0082464 -.1219723
T 7176  1 .6598021E+07   1488000E+01 -.2027E+06 -.2594E+05   .9968775 -.0460051 -.0641769
T 7177  1 .6365763E+07   1488000E+01 -.1034E+06 -.6108E+06   .9884691  .0254718 -.1492650
T 7178  1 .6101146E+07   1488000E+01 -.3697E+06 -.2590E+06   .9924324 -.1164970 -.0388118
T 7179  1 .6056019E+07   1488000E+01 -.8558E+05  .3279E+05   .9985455  .0003360  .0539143
T 7180  1 .6128168E+07   1488000E+01 -.1456E+05 -.2963E+06   .9963733  .0420534 -.0739710
T 7181  1 .6135355E+07   1488000E+01 -.3935E+06 -.2631E+05   .9944651 -.1048698 -.0064361
T 7182  1 .6620569E+07   1488000E+01 -.6551E+04 -.1086E+06   .9994804  .0228236  .0227616
T 7183  1 .6215053E+07   1488000E+01 -.5987E+06  .8027E+05   .9958830 -.0807149  .0412574
T 7184  1 .6440729E+07   1488000E+01 -.4598E+06  .1062E+07   .9927783 -.0657543  .1003376
T 7185  1 .5900183E+07   1488000E+01 -.2346E+06 -.4603E+05   .9987539 -.0154485 -.0474557
T 7186  1 .6497337E+07   1488000E+01 -.1519E+06 -.1166E+05   .9992146  .0045087 -.0393693
T 7187  1 .6148014E+07   1488000E+01 -.6702E+05  .7293E+06   .9957410  .0074810  .0918907
T 7188  1 .6857627E+07   1488000E+01  .2626E+06  .8964E+04   .9977170  .0667875 -.0100139
T 7189  1 .5819272E+07   1488000E+01  .8827E+05  .2173E+06   .9986069  .0487924 -.0200913
T 7190  1 .6395876E+07   1488000E+01 -.2660E+06 -.2791E+06   .9997722 -.0102445 -.0187226
T 7191  1 .6438773E+07   1488000E+01 -.5417E+06 -.9446E+05   .9913432 -.1310339  .0082997
T 7192  1 .6498438E+07   1488000E+01  .7806E+05 -.1476E+06   .9967873  .0800659  .0021341
T 7193  1 .6562997E+07   1488000E+01 -.2789E+06 -.6364E+06   .9973738 -.0394787 -.0607197
T 7194  1 .6544325E+07   1488000E+01 -.6693E+06  .3252E+06   .9908890 -.0646650  .1181412
T 7195  1 .6585263E+07   1488000E+01  .3229E+06  .1697E+06   .9949973 -.0041593 -.0998157
T 7196  1 .6234255E+07   1488000E+01 -.2199E+05  .1999E+06   .9999618  .0040568  .0077451
T 7197  1 .6816010E+07   1488000E+01  .4061E+06  .3996E+06   .9910319  .1089288  .0773968
T 7198  1 .6240307E+07   1488000E+01  .2674E+05  .1191E+06   .9981373  .0361238  .0491637
T 7199  1 .5974363E+07   1488000E+01 -.3698E+06  .2991E+06   .9959234 -.0798009  .0420517
T 7200  1 .5917333E+07   1488000E+01  .5206E+05 -.5170E+06   .9935980  .0222855 -.1107535
T 7201  1 .6650825E+07   1488000E+01 -.4741E+06 -.5721E+05   .9952368 -.0549800 -.0805036
T 7202  1 .6822691E+07   1488000E+01 -.2348E+06  .1440E+06   .9990442 -.0087494  .0428261
T 7203  1 .6188137E+07   1488000E+01  .4515E+06 -.3855E+06   .9956383  .0738122 -.0570627
T 7204  1 .6436582E+07   1488000E+01 -.3488E+06 -.4031E+05   .9972837 -.0658739 -.0329523
T 7205  1 .6473647E+07   1488000E+01 -.5986E+06 -.2322E+06   .9950533 -.0861235 -.0495144
T 7206  1 .5710155E+07   1488000E+01  .4277E+05  .3109E+06   .9995349 -.0277362 -.0126772
T 7207  1 .5933549E+07   1488000E+01  .3967E+06 -.2553E+06   .9960043  .0870835 -.0197967
T 7208  1 .6811514E+07   1488000E+01 -.4755E+05  .1901E+06   .9982322 -.0211030 -.0555625
T 7209  1 .5719480E+07   1488000E+01 -.3116E+06  .6473E+06   .9969992 -.0345293  .0692846
T 7210  1 .6666944E+07   1488000E+01 -.2511E+06  .8019E+05   .9986921 -.0476467  .0185457
T 7211  1 .6244062E+07   1488000E+01 -.1940E+06 -.3951E+06   .9995703 -.0233284 -.0177458
T 7212  1 .6727845E+07   1488000E+01  .3159E+06 -.8339E+06   .9950098  .0421340 -.0904450
T 7213  1 .6166561E+07   1488000E+01 -.3272E+06 -.3275E+06   .9999036 -.0022209 -.0137098
T 7214  1 .6201096E+07   1488000E+01 -.6185E+06 -.4990E+06   .9844571 -.0629662 -.1639494
T 7215  1 .6062692E+07   1488000E+01  .5435E+06  .1190E+07   .9942387  .0411575  .0989721
T 7216  1 .6234340E+07   1488000E+01 -.7105E+05  .5074E+06   .9962668  .0014449  .0863153
T 7217  1 .6654088E+07   1488000E+01  .1190E+06  .2175E+06   .9996850  .0092530  .0233283
T 7218  1 .6201824E+07   1488000E+01 -.1423E+06  .2707E+06   .9983052 -.0546826  .0199128
T 7219  1 .6249961E+07   1488000E+01  .5704E+06 -.1653E+05   .9989611  .0045356 -.0453444
T 7220  1 .6637415E+07   1488000E+01  .2475E+06 -.5731E+06   .9982756  .0252343 -.0529998
T 7221  1 .6184850E+07   1488000E+01 -.8941E+05 -.8273E+05   .9992032  .0014618 -.0398862
T 7222  1 .6423173E+07   1488000E+01 -.4351E+06  .4216E+06   .9995040 -.0277973  .0148001
T 7223  1 .7180897E+07   1488000E+01 -.4376E+06 -.2583E+06   .9971724 -.0718409 -.0220464
T 7224  1 .6137348E+07   1488000E+01  .5906E+06  .3612E+06   .9952482  .0960732 -.0158402
T 7225  1 .6102356E+07   1488000E+01 -.3398E+06 -.1316E+06   .9976534 -.0001953 -.0684671
T 7226  1 .6389238E+07   1488000E+01 -.6202E+06 -.7352E+06   .9934120  .0516840 -.1022807
T 7227  1 .6869233E+07   1488000E+01  .1001E+06  .5275E+06   .9987290 -.0157432  .0478814
T 7228  1 .6464660E+07   1488000E+01  .3240E+06 -.2905E+06   .9986273  .0234162 -.0468529
T 7229  1 .6431507E+07   1488000E+01 -.3011E+06 -.2844E+05   .9994255 -.0322332 -.0104777
T 7230  1 .6514679E+07   1488000E+01 -.4763E+06  .8545E+05   .9978560 -.0542827 -.0365615
T 7231  1 .6123200E+07   1488000E+01 -.3148E+06 -.3051E+06   .9994354 -.0199168 -.0270604
T 7232  1 .6397453E+07   1488000E+01  .5795E+06 -.4204E+06   .9948546  .0876774 -.0507650
T 7233  1 .6926090E+07   1488000E+01 -.5497E+06 -.2209E+06   .9967259 -.0591967 -.0550740
T 7234  1 .6266686E+07   1488000E+01 -.1064E+06  .5165E+05   .9997174 -.0215974 -.0099288
T 7235  1 .6004900E+07   1488000E+01  .3340E+06 -.2866E+06   .9952755  .0878507 -.0413398
T 7236  1 .6002746E+07   1488000E+01  .1785E+06 -.3375E+06   .9812469  .1886009  .0398029
T 7237  1 .5801032E+07   1488000E+01  .5078E+06 -.3608E+06   .9996024  .0088990 -.0267558
T 7238  1 .6164102E+07   1488000E+01 -.6164E+06 -.3862E+06   .9985542 -.0196987 -.0500145
T 7239  1 .6678430E+07   1488000E+01  .1584E+06 -.2495E+06   .9999773  .0002918  .0067278
T 7240  1 .6268769E+07   1488000E+01 -.2041E+06  .3504E+06   .9990557 -.0262419  .0346283
T 7241  1 .6194507E+07   1488000E+01 -.5415E+06 -.5485E+05   .9989549 -.0358773 -.0283168
T 7242  1 .6528775E+07   1488000E+01 -.2185E+06 -.5057E+06   .9952515 -.0663567 -.0712130
T 7243  1 .6735644E+07   1488000E+01 -.2642E+06  .7339E+05   .9983762 -.0522620 -.0226647
T 7244  1 .6887305E+07   1488000E+01 -.1364E+06 -.3397E+06   .9979159  .0132370 -.0631556
T 7245  1 .6548562E+07   1488000E+01 -.2123E+06 -.1008E+06   .9999206 -.0012970  .0125365
T 7246  1 .5974436E+07   1488000E+01  .9767E+05 -.4128E+06   .9998431  .0074339 -.0160763
T 7247  1 .5802355E+07   1488000E+01  .3071E+06  .3260E+06   .9987173  .0504017  .0048323
T 7248  1 .5998632E+07   1488000E+01  .5323E+06 -.3709E+06   .9944298  .0510458 -.0922158
T 7249  1 .6179319E+07   1488000E+01 -.1209E+06 -.1766E+06   .9992441 -.0374908 -.0102756
T 7250  1 .6815633E+07   1488000E+01 -.2844E+06  .1217E+06   .9975550 -.0446402 -.0537714
T 7251  1 .6281871E+07   1488000E+01 -.2571E+06 -.1337E+06   .9982150 -.0575983 -.0157897
T 7252  1 .6157297E+07   1488000E+01 -.4482E+06 -.2779E+06   .9973421 -.0718967  .0118176
T 7253  1 .6270258E+07   1488000E+01  .2585E+05  .7795E+06   .9964946  .0302119  .0780108
T 7254  1 .6454707E+07   1488000E+01  .2768E+06 -.8263E+06   .9986521  .0146620 -.0497888
T 7255  1 .6388894E+07   1488000E+01  .7169E+05  .1533E+06   .9995775  .0233566  .0172989
T 7256  1 .5981342E+07   1488000E+01 -.1058E+06 -.2018E+06   .9971055 -.0345780 -.0677121
T 7257  1 .6697875E+07   1488000E+01 -.3640E+06  .1578E+05   .9974008 -.0641253 -.0328581
T 7258  1 .6629177E+07   1488000E+01 -.3102E+06 -.8702E+05   .9933579  .1081776 -.0392143
T 7259  1 .6762998E+07   1488000E+01 -.5411E+05 -.2909E+06   .9999690 -.0072364 -.0031003
T 7260  1 .6368598E+07   1488000E+01 -.4502E+05 -.2019E+06   .9998061 -.0004460 -.0196853
T 7261  1 .6459446E+07   1488000E+01  .7369E+05 -.3475E+06   .9816425  .0675442 -.1783698
T 7262  1 .5603636E+07   1488000E+01 -.5781E+06 -.5583E+06   .9833023 -.1250444 -.1322135
T 7263  1 .6403785E+07   1488000E+01  .5188E+06 -.2915E+06   .9976107  .0505501 -.0470902
T 7264  1 .6239472E+07   1488000E+01  .7833E+04 -.3358E+06   .9983981 -.0323869 -.0463928
T 7265  1 .6757078E+07   1488000E+01  .2426E+06  .2830E+06   .9992230  .0320689  .0229104
T 7266  1 .6870789E+07   1488000E+01 -.2270E+06 -.1512E+06   .9968871 -.0782463  .0096741
T 7267  1 .6215494E+07   1488000E+01  .3266E+06  .1440E+06   .9978713  .0304895  .0576479
T 7268  1 .5791481E+07   1488000E+01  .6264E+06 -.1327E+05   .9973301  .0706321  .0185410
T 7269  1 .6171280E+07   1488000E+01 -.7524E+06  .1697E+06   .9960253 -.0880980  .0131309
T 7270  1 .6406571E+07   1488000E+01 -.1534E+06 -.3037E+06   .9965525 -.0660209 -.0502422
T 7271  1 .5911309E+07   1488000E+01  .4909E+06  .5332E+06   .9949659  .0425582  .0907285
T 7272  1 .6185284E+07   1488000E+01  .3600E+06  .7969E+05   .9964444  .0295604  .0788968
T 7273  1 .6413127E+07   1488000E+01  .8067E+05 -.7961E+06   .9931622  .0621852 -.0988022
T 7274  1 .5825582E+07   1488000E+01  .2635E+06  .9176E+06   .9755045  .1195475  .1846602
T 7275  1 .6677660E+07   1488000E+01 -.2522E+06 -.3496E+05   .9992278 -.0376399  .0112695
T 7276  1 .6445635E+07   1488000E+01  .3165E+06  .3506E+06   .9960412 -.0094982  .0883843
T 7277  1 .6838484E+07   1488000E+01  .1706E+05  .3593E+06   .9989251 -.0191337  .0422211
T 7278  1 .6251795E+07   1488000E+01 -.6132E+06  .2974E+06   .9973882 -.0708833  .0138659
T 7279  1 .6139335E+07   1488000E+01 -.1258E+05  .2818E+06   .9994866 -.0143466  .0286466
T 7280  1 .6657062E+07   1488000E+01  .3097E+06 -.2792E+06   .9998997  .0072854 -.0121452
T 7281  1 .6522581E+07   1488000E+01 -.4233E+06  .2466E+06   .9997233 -.0170376 -.0162200
T 7282  1 .6301639E+07   1488000E+01 -.1020E+06  .1784E+06   .9968320 -.0116942 -.0786720
T 7283  1 .6109442E+07   1488000E+01 -.2392E+06  .2123E+06   .9939191 -.1097877 -.0084596
T 7284  1 .6421324E+07   1488000E+01  .1540E+06  .5237E+06   .9962962  .0204304  .0835256
T 7285  1 .7091138E+07   1488000E+01 -.5427E+05 -.5242E+06   .9953047 -.0027289 -.0967528
T 7286  1 .6921260E+07   1488000E+01  .3756E+06 -.1172E+07   .9960335  .0256470 -.0852023
T 7287  1 .6372102E+07   1488000E+01 -.7882E+06 -.2222E+06   .9927606 -.0930191 -.0759860
T 7288  1 .6673861E+07   1488000E+01  .1003E+06  .4140E+06   .9971915  .0357138  .0658302
T 7289  1 .6855282E+07   1488000E+01  .2000E+06  .3541E+06   .9967046  .0371894  .0720890
T 7290  1 .5267802E+07   1488000E+01 -.4859E+06  .1111E+06   .9990514 -.0197638  .0388020
T 7291  1 .6229827E+07   1488000E+01  .5824E+06 -.1023E+06   .9984936  .0547422 -.0037085
T 7292  1 .7055767E+07   1488000E+01  .1881E+06 -.1280E+07   .9875837  .0428823 -.1511273
T 7293  1 .5983407E+07   1488000E+01  .2702E+06  .2029E+06   .9974760  .0453685  .0546192
T 7294  1 .6360042E+07   1488000E+01 -.9536E+05  .2575E+06   .9990433  .0115254  .0421849
T 7295  1 .6619064E+07   1488000E+01 -.3612E+05  .5630E+06   .9981567 -.0172585  .0581831
T 7296  1 .6207455E+07   1488000E+01  .3195E+05  .3394E+06   .9985386 -.0460792  .0282376
T 7297  1 .6996708E+07   1488000E+01  .1497E+06  .4690E+06   .9921465  .0874281  .0894516
T 7298  1 .6502434E+07   1488000E+01 -.8792E+06  .1996E+06   .9943181 -.1009656 -.0337268
T 7299  1 .6271895E+07   1488000E+01  .1638E+06  .9806E+05   .9987897  .0284252  .0401385
T 7300  1 .5900105E+07   1488000E+01  .6585E+06  .3778E+06   .9992524  .0339791 -.0184414
T 7301  1 .6452502E+07   1488000E+01 -.5770E+06 -.2429E+06   .9956976 -.0792290 -.0480531
T 7302  1 .6778223E+07   1488000E+01  .5534E+06  .1040E+06   .9999030  .0079168 -.0114588
T 7303  1 .6069213E+07   1488000E+01  .1725E+06 -.1905E+06   .9962894 -.0523036 -.0683500
T 7304  1 .6259372E+07   1488000E+01 -.1419E+04 -.5081E+05   .9991764 -.0072968 -.0399155
T 7305  1 .6230034E+07   1488000E+01 -.8390E+05  .2499E+06   .9996516 -.0262091  .0031359
T 7306  1 .6562991E+07   1488000E+01 -.2623E+06  .7130E+06   .9965035 -.0298493  .0780370
T 7307  1 .6046889E+07   1488000E+01 -.4900E+06 -.1022E+06   .9977494 -.0493956  .0453443
T 7308  1 .6429747E+07   1488000E+01  .6386E+06 -.5958E+06   .9732073  .1650480 -.1600835
T 7309  1 .5705911E+07   1488000E+01 -.5238E+06 -.4641E+06   .9915262 -.0879908 -.0955685
T 7310  1 .6615991E+07   1488000E+01 -.4927E+04 -.1416E+06   .9986563 -.0489955 -.0168843
T 7311  1 .6491766E+07   1488000E+01  .2761E+06  .1331E+06   .9943233  .1061153 -.0077857
T 7312  1 .6498077E+07   1488000E+01 -.9926E+06  .5450E+05   .9987471 -.0496674  .0061068
T 7313  1 .6088866E+07   1488000E+01 -.1160E+06 -.9172E+05   .9982384 -.0189568  .0562207
T 7314  1 .6457117E+07   1488000E+01  .2275E+06  .2487E+06   .9974397  .0200633  .0686407
T 7315  1 .6315872E+07   1488000E+01  .2725E+05  .2244E+06   .9985251 -.0529800 -.0118613
T 7316  1 .5728512E+07   1488000E+01 -.5807E+06 -.1059E+06   .9992205 -.0298186 -.0258690
T 7317  1 .6153733E+07   1488000E+01  .1338E+06  .3828E+06   .9946867 -.0346489  .0969425
T 7318  1 .7118998E+07   1488000E+01  .2537E+06 -.8441E+06   .9956850  .0578816 -.0725332
T 7319  1 .6253974E+07   1488000E+01 -.3305E+06  .2706E+06   .9996407 -.0241381  .0116583
T 7320  1 .6019871E+07   1488000E+01 -.1768E+06  .3673E+06   .9967805 -.0734798  .0320825
T 7321  1 .6144695E+07   1488000E+01 -.1501E+06 -.2837E+06   .9980859 -.0457472 -.0416140
T 7322  1 .6227649E+07   1488000E+01  .5311E+06 -.6488E+06   .9934651  .1016170 -.0519710
T 7323  1 .5856086E+07   1488000E+01 -.1278E+07  .1297E+07   .9909989 -.0507948  .1238589
T 7324  1 .6148615E+07   1488000E+01  .3707E+06 -.2582E+06   .9973061  .0733164  .0022922
T 7325  1 .6362935E+07   1488000E+01  .3634E+05 -.1025E+06   .9995559 -.0213901  .0207495
T 7326  1 .6601503E+07   1488000E+01 -.4670E+06 -.2094E+06   .9984760 -.0448492 -.0321592
T 7327  1 .6798678E+07   1488000E+01  .6747E+05 -.5020E+06   .9981235 -.0082526 -.0606745
T 7328  1 .6545709E+07   1488000E+01  .1376E+06 -.3901E+06   .9902186  .1277129 -.0561828
T 7329  1 .6673787E+07   1488000E+01  .4015E+06 -.1018E+06   .9833476  .1778343  .0374496
T 7330  1 .6065633E+07   1488000E+01 -.3299E+06  .2122E+06   .9967036 -.0810802  .0028128
T 7331  1 .6920866E+07   1488000E+01  .1087E+06  .3005E+06   .9986701  .0290563  .0425894
T 7332  1 .6175103E+07   1488000E+01 -.2062E+05 -.3547E+06   .9955577 -.0438751 -.0833054
T 7333  1 .6633792E+07   1488000E+01 -.2536E+06  .2105E+06   .9984539 -.0424230  .0359174
T 7334  1 .6772594E+07   1488000E+01 -.3228E+06  .1888E+06   .9978078 -.0534878 -.0389702
T 7335  1 .6641413E+07   1488000E+01  .1464E+05  .2137E+06   .9991796 -.0224949  .0336777
T 7336  1 .5574840E+07   1488000E+01  .1676E+05  .2483E+06   .9984241  .0502265  .0250310
T 7337  1 .6905737E+07   1488000E+01  .3301E+06 -.1424E+06   .9990896  .0052880 -.0423321
T 7338  1 .6685229E+07   1488000E+01 -.7634E+05 -.4338E+06   .9971682 -.0267139 -.0702984
T 7339  1 .5764794E+07   1488000E+01  .1488E+06  .6347E+06   .9895637 -.0678013  .1271482
T 7340  1 .6704665E+07   1488000E+01  .5126E+05 -.1448E+05   .9980686 -.0069100 -.0617360
T 7341  1 .6503738E+07   1488000E+01  .2196E+06 -.3202E+06   .9965680  .0826447 -.0047003
T 7342  1 .6118001E+07   1488000E+01 -.2272E+06 -.4498E+06   .9976921 -.0543762 -.0406655
T 7343  1 .6809283E+07   1488000E+01 -.4169E+05 -.2270E+04   .9981728 -.0377147  .0472077
T 7344  1 .6195070E+07   1488000E+01  .4870E+05  .1426E+06   .9828636 -.0921814 -.1596298
T 7345  1 .6028963E+07   1488000E+01  .4792E+05 -.5249E+06   .9740443 -.1174224 -.1935194
T 7346  1 .6848076E+07   1488000E+01 -.3335E+05 -.1826E+06   .9988598  .0371346 -.0300016
T 7347  1 .5950872E+07   1488000E+01 -.8200E+05  .5812E+06   .9969412  .0327898  .0709443
T 7348  1 .6598183E+07   1488000E+01  .4256E+06  .6090E+06   .9942776  .0038112  .1067589
T 7349  1 .6031919E+07   1488000E+01  .3430E+06 -.7886E+04   .9997844  .0149307 -.0144291
T 7350  1 .6296957E+07   1488000E+01 -.2703E+05 -.2698E+06   .9999952 -.0007876 -.0029840
T 7351  1 .6424007E+07   1488000E+01  .2824E+06 -.1503E+06   .9963987  .0654736 -.0538780
T 7352  1 .6529275E+07   1488000E+01  .6459E+06  .5241E+06   .9922263  .1017091  .0717096
T 7353  1 .6977946E+07   1488000E+01 -.5580E+06 -.7460E+05   .9980136 -.0586938  .0228873
T 7354  1 .6718957E+07   1488000E+01 -.3272E+06 -.7264E+06   .9963099 -.0060363 -.0856159
T 7355  1 .6545128E+07   1488000E+01  .5207E+06 -.4093E+06   .9918156  .1232974 -.0331584
T 7356  1 .6369151E+07   1488000E+01  .1797E+06 -.5425E+05   .9995859  .0287246  .0017157
T 7357  1 .6597197E+07   1488000E+01 -.3355E+05 -.1909E+06   .9998432  .0029260  .0174646
T 7358  1 .6311808E+07   1488000E+01 -.3960E+06  .3133E+06   .9991476 -.0411541 -.0032212
T 7359  1 .6064335E+07   1488000E+01  .1447E+05 -.1782E+06   .9962153 -.0665976 -.0558564
T 7360  1 .7181700E+07   1488000E+01 -.3685E+06 -.3928E+05   .9997714  .0102333 -.0187748
T 7361  1 .6604725E+07   1488000E+01 -.2958E+06  .6906E+05   .9955806 -.0855241 -.0387941
T 7362  1 .6422850E+07   1488000E+01 -.1094E+06 -.2436E+06   .9978549 -.0585437 -.0292950
T 7363  1 .6012515E+07   1488000E+01  .2858E+06  .1716E+06   .9999739 -.0042720 -.0058226
T 7364  1 .6371177E+07   1488000E+01 -.2580E+06 -.1972E+06   .9976272 -.0225702 -.0650421
T 7365  1 .6667871E+07   1488000E+01  .4022E+06  .5560E+05   .9968390  .0766061 -.0210591
T 7366  1 .6505624E+07   1488000E+01  .3233E+05  .2285E+06   .9982642  .0488403  .0329136
T 7367  1 .6079913E+07   1488000E+01  .3882E+06 -.7242E+06   .9949424  .0384333 -.0928036
T 7368  1 .6020340E+07   1488000E+01 -.8662E+06  .6999E+06   .9966988 -.0390157  .0711984
T 7369  1 .6337927E+07   1488000E+01  .3687E+06 -.2051E+06   .9983052  .0517542 -.0266129
T 7370  1 .6860849E+07   1488000E+01  .3848E+06  .3754E+06   .9953082  .0839541  .0480965
T 7371  1 .6459840E+07   1488000E+01 -.2625E+06 -.8050E+05   .9998596  .0132112  .0103091
T 7372  1 .6731149E+07   1488000E+01 -.3986E+06 -.4843E+06   .9987265 -.0309834 -.0398172
T 7373  1 .6518397E+07   1488000E+01  .5180E+06 -.3108E+06   .9989417  .0367215 -.0276942
T 7374  1 .6432152E+07   1488000E+01  .4382E+06 -.2225E+06   .9992183  .0309825  .0245539
T 7375  1 .6095858E+07   1488000E+01  .2918E+06  .5150E+06   .9971352  .0595298  .0466655
T 7376  1 .6334048E+07   1488000E+01 -.2838E+05  .2348E+06   .9976053 -.0447430  .0527423
T 7377  1 .6217468E+07   1488000E+01  .2095E+06  .2174E+05   .9994968  .0243901 -.0202788
T 7378  1 .6291155E+07   1488000E+01 -.1862E+05  .3003E+06   .9986286  .0023416  .0523007
T 7379  1 .6942701E+07   1488000E+01 -.8122E+06  .1245E+05   .9970054 -.0728490  .0259479
T 7380  1 .6621937E+07   1488000E+01 -.4674E+06 -.1183E+06   .9994498 -.0320572 -.0085150
T 7381  1 .6716096E+07   1488000E+01  .4217E+06  .2120E+06   .9970820 -.0012247  .0763285
T 7382  1 .6117052E+07   1488000E+01  .4484E+06 -.8462E+05   .9986885  .0442296 -.0257893
T 7383  1 .6553130E+07   1488000E+01 -.7275E+05 -.9064E+06   .9777508  .0246089 -.2083211
T 7384  1 .6640819E+07   1488000E+01  .2594E+06 -.2336E+06   .9969669  .0657023  .0417150
T 7385  1 .6566604E+07   1488000E+01  .9606E+04 -.1339E+06   .9998728 -.0142912  .0070873
T 7386  1 .6815552E+07   1488000E+01  .2832E+05 -.1643E+05   .9998914 -.0138920 -.0049212
T 7387  1 .6175188E+07   1488000E+01 -.1908E+06  .7098E+06   .9969931  .0044841  .0773602
T 7388  1 .5696142E+07   1488000E+01 -.4683E+05  .2663E+06   .9994328  .0315250 -.0118431
T 7389  1 .6571815E+07   1488000E+01 -.1103E+06  .4567E+06   .9961135 -.0200721  .0857609
T 7390  1 .6555208E+07   1488000E+01  .2879E+06 -.2320E+06   .9982773  .0118403 -.0574646
T 7391  1 .5970298E+07   1488000E+01  .9980E+05 -.5271E+06   .9981754 -.0146035 -.0585880
T 7392  1 .6774770E+07   1488000E+01 -.9103E+05  .3673E+06   .9990748 -.0186710  .0387419
T 7393  1 .6202767E+07   1488000E+01  .1226E+06 -.1983E+06   .9973519  .0209425 -.0696459
T 7394  1 .6678123E+07   1488000E+01  .2040E+06 -.7851E+06   .9912138  .0057920 -.1321422
T 7395  1 .6332845E+07   1488000E+01 -.3136E+06  .5354E+06   .9996760  .0085778  .0239650
T 7396  1 .6665257E+07   1488000E+01 -.1608E+06 -.9707E+04   .9998003  .0196529 -.0036277
T 7397  1 .6269160E+07   1488000E+01 -.2456E+06  .2914E+06   .9983627 -.0395262  .0413462
T 7398  1 .6916126E+07   1488000E+01 -.1889E+06  .3915E+06   .9990591  .0046114  .0431237
T 7399  1 .5662612E+07   1488000E+01  .3765E+06  .2124E+06   .9974978  .0678079 -.0200052
T 7400  1 .6542411E+07   1488000E+01 -.1115E+06 -.6509E+06   .9983501  .0383415  .0427438
T 7401  1 .6208291E+07   1488000E+01 -.6379E+05 -.4322E+06   .9988591 -.0366539 -.0306088
T 7402  1 .6050676E+07   1488000E+01  .1790E+06  .4139E+06   .9998879  .0017697  .0148663
T 7403  1 .6014654E+07   1488000E+01  .8646E+05 -.1564E+07   .9870539 -.0009988 -.1603858
T 7404  1 .6509791E+07   1488000E+01 -.2361E+06  .8011E+05   .9951222 -.0967268 -.0193825
T 7405  1 .6551738E+07   1488000E+01  .4616E+06 -.2278E+06   .9951397  .0954458 -.0242278
T 7406  1 .6740207E+07   1488000E+01 -.6124E+05  .7799E+05   .9992878  .0136633 -.0351736
T 7407  1 .6581510E+07   1488000E+01  .3074E+06 -.4965E+06   .9920335  .1162883 -.0484416
T 7408  1 .6550106E+07   1488000E+01 -.2856E+05 -.3377E+06   .9998434  .0105473 -.0142127
T 7409  1 .5970958E+07   1488000E+01  .3638E+06 -.7910E+05   .9977413  .0671234  .0026165
T 7410  1 .5853762E+07   1488000E+01 -.3757E+06 -.5020E+05   .9967632 -.0753650 -.0279863
T 7411  1 .6664329E+07   1488000E+01  .1189E+06 -.2044E+06   .9923107 -.0967595 -.0771814
T 7412  1 .6423061E+07   1488000E+01  .3233E+06 -.2903E+05   .9992507  .0386192  .0025514
T 7413  1 .6365818E+07   1488000E+01 -.5031E+06 -.4400E+06   .9946790 -.0916429 -.0470667
T 7414  1 .6146663E+07   1488000E+01  .3890E+06 -.3820E+06   .9992633  .0363421 -.0123323
T 7415  1 .6389306E+07   1488000E+01  .4464E+06  .5993E+06   .9975707  .0369413  .0590592
T 7416  1 .6542559E+07   1488000E+01 -.8195E+05 -.1042E+06   .9979852 -.0633564 -.0034011
T 7417  1 .6676083E+07   1488000E+01 -.2694E+06 -.2253E+06   .9994833 -.0320696  .0021814
T 7418  1 .6257886E+07   1488000E+01  .2581E+06  .1823E+06   .9993577  .0358135 -.0012238
T 7419  1 .6203069E+07   1488000E+01  .2424E+06  .3164E+06   .9982284 -.0173986  .0568970
T 7420  1 .6108063E+07   1488000E+01 -.1551E+06 -.8128E+05   .9995380  .0066997  .0296476
T 7421  1 .6460695E+07   1488000E+01 -.2409E+06  .3127E+06   .9983125  .0210169  .0541338
T 7422  1 .5697120E+07   1488000E+01 -.4157E+06  .2598E+05   .9976565 -.0458786  .0507616
T 7423  1 .6175694E+07   1488000E+01 -.8526E+05  .6456E+06   .9979081 -.0463171  .0451023
T 7424  1 .6459797E+07   1488000E+01  .5437E+06  .5921E+05   .9967242  .0803336 -.0093439
T 7425  1 .6383560E+07   1488000E+01  .1807E+06 -.4703E+05   .9995452  .0054217 -.0296651
T 7426  1 .6530796E+07   1488000E+01  .1780E+06 -.2220E+06   .9984117  .0233428 -.0512747
T 7427  1 .6302155E+07   1488000E+01  .3351E+06 -.1094E+06   .9983722  .0558376 -.0116226
T 7428  1 .6202465E+07   1488000E+01  .3783E+06  .2926E+06   .9980302  .0157630  .0607226
T 7429  1 .6622438E+07   1488000E+01  .3172E+06 -.1039E+06   .9997193  .0164706 -.0170327
T 7430  1 .6298200E+07   1488000E+01 -.1610E+06 -.2146E+06   .9974928 -.0431804 -.0560673
T 7431  1 .6221052E+07   1488000E+01  .5271E+06 -.9821E+05   .9955889  .0938074  .0017276
T 7432  1 .6172019E+07   1488000E+01  .3752E+06  .1816E+06   .9974798  .0594764  .0386848
T 7433  1 .5922132E+07   1488000E+01 -.9622E+04  .4166E+05   .9987067  .0003112  .0508411
T 7434  1 .6298902E+07   1488000E+01  .1954E+06  .1736E+06   .9998364 -.0109016  .0144328
T 7435  1 .6499703E+07   1488000E+01  .9155E+05 -.4256E+05   .9999551 -.0036087 -.0087586
T 7436  1 .6560514E+07   1488000E+01  .3965E+06 -.1594E+04   .9951228  .0706285 -.0688637
T 7437  1 .6548029E+07   1488000E+01  .4014E+06  .1022E+07   .9924374  .0656278  .1037349
T 7438  1 .5965886E+07   1488000E+01 -.1788E+06  .2070E+06   .9995969 -.0124719  .0255050
T 7439  1 .5996808E+07   1488000E+01  .5887E+06  .1159E+06   .9963503  .0821774  .0230837
T 7440  1 .6814277E+07   1488000E+01 -.1942E+06 -.1729E+05   .9990253 -.0441341  .0008429
T 7441  1 .6469122E+07   1488000E+01  .1080E+06 -.7816E+06   .9563319 -.1552044 -.2476711
T 7442  1 .6791928E+07   1488000E+01  .7527E+05  .1396E+06   .9997296  .0220155  .0074860
T 7443  1 .6332757E+07   1488000E+01  .8808E+05  .1127E+06   .9985700  .0187128  .0500786
T 7444  1 .6636594E+07   1488000E+01  .1978E+06 -.2134E+06   .9969080  .0557543 -.0553702
T 7445  1 .6692828E+07   1488000E+01  .1125E+06  .6723E+05   .9981750  .0126601  .0590452
T 7446  1 .6029919E+07   1488000E+01 -.2257E+06 -.1930E+06   .9989024 -.0449021 -.0133311
T 7447  1 .6334145E+07   1488000E+01 -.3165E+06 -.2626E+06   .9893654 -.0953042 -.1098783
T 7448  1 .6537735E+07   1488000E+01  .9903E+05 -.4775E+06   .9942764 -.0051233 -.1067157
T 7449  1 .6645481E+07   1488000E+01  .3668E+06  .5223E+05   .9994619 -.0095265  .0313865
T 7450  1 .6136471E+07   1488000E+01 -.2004E+06 -.2415E+05   .9977172 -.0638737 -.0219201
T 7451  1 .6922520E+07   1488000E+01 -.1408E+06 -.1751E+06   .9987659 -.0485067 -.0106655
T 7452  1 .6668282E+07   1488000E+01 -.4137E+05  .1391E+05   .9999776 -.0051813 -.0042352
T 7453  1 .6581159E+07   1488000E+01  .7902E+05  .1756E+05   .9989009  .0377241 -.0278173
T 7454  1 .6164096E+07   1488000E+01 -.1253E+05 -.2699E+06   .9954819  .0121337 -.0941729
T 7455  1 .6221589E+07   1488000E+01  .6225E+05 -.8596E+06   .9932252  .0317763 -.1117768
T 7456  1 .6752124E+07   1488000E+01  .3682E+06  .1181E+06   .9968392  .0697463  .0380392
T 7457  1 .6443453E+07   1488000E+01  .1213E+06 -.8879E+05   .9993099 -.0265493 -.0259781
T 7458  1 .6436560E+07   1488000E+01 -.2690E+06 -.2587E+06   .9998178 -.0052344 -.0183575
T 7459  1 .6357881E+07   1488000E+01  .8640E+05 -.5324E+05   .9984308 -.0050633 -.0557706
T 7460  1 .6014013E+07   1488000E+01 -.7168E+05 -.4307E+06   .9960123 -.0321607 -.0832180
T 7461  1 .6322472E+07   1488000E+01  .5894E+06  .2747E+06   .9971075  .0667180  .0364062
T 7462  1 .6724485E+07   1488000E+01 -.1558E+06 -.2821E+06   .9985168 -.0013081 -.0544283
T 7463  1 .6225719E+07   1488000E+01  .7047E+05  .3620E+06   .9991872  .0383485  .0124220
T 7464  1 .6050533E+07   1488000E+01 -.7736E+06  .7564E+05   .9922293 -.1119296  .0543396
T 7465  1 .5922075E+07   1488000E+01  .9476E+05  .1458E+06   .9984542  .0152560  .0534455
T 7466  1 .6315264E+07   1488000E+01  .1297E+06 -.3484E+06   .9989409  .0093990 -.0450410
T 7467  1 .6715875E+07   1488000E+01  .2080E+06 -.1681E+06   .9991748  .0405588 -.0021494
T 7468  1 .6079121E+07   1488000E+01 -.2717E+05 -.1459E+06   .9997557 -.0192678  .0108318
T 7469  1 .6235538E+07   1488000E+01  .2088E+06  .9822E+05   .9967202  .0781496 -.0210099
T 7470  1 .5825775E+07   1488000E+01  .2450E+06 -.1339E+06   .9991066  .0201800 -.0371315
T 7471  1 .5601689E+07   1488000E+01  .2214E+06 -.2203E+06   .9989027  .0298627 -.0360790
T 7472  1 .6299077E+07   1488000E+01 -.5196E+06 -.4330E+06   .9861361  .0772747 -.1468479
T 7473  1 .6455263E+07   1488000E+01  .2145E+06  .4237E+06   .9951568  .0463889  .0866663
T 7474  1 .6267271E+07   1488000E+01  .1991E+06  .4136E+06   .9981250  .0398981  .0464189
T 7475  1 .6732200E+07   1488000E+01  .3054E+06 -.1062E+06   .9980371  .0623626 -.0057389
T 7476  1 .6604107E+07   1488000E+01  .5651E+06 -.1044E+06   .9971978  .0522631 -.0535268
T 7477  1 .6399110E+07   1488000E+01 -.7742E+05 -.1749E+06   .9992682  .0285292 -.0254802
T 7478  1 .6250794E+07   1488000E+01  .4312E+06  .1375E+05   .9994578  .0301923  .0131359
T 7479  1 .6390247E+07   1488000E+01 -.7732E+05 -.4176E+06   .9955631 -.0563446 -.0753613
T 7480  1 .6553340E+07   1488000E+01 -.1440E+06 -.1955E+06   .9995544  .0041250 -.0295617
T 7481  1 .6753890E+07   1488000E+01 -.9987E+06 -.2311E+06   .9879260 -.1280814 -.0871625
T 7482  1 .7040130E+07   1488000E+01 -.1461E+06 -.4189E+06   .9974222  .0024490 -.0717139
T 7483  1 .6304218E+07   1488000E+01  .9116E+05 -.4081E+06   .9986098 -.0165938 -.0500320
T 7484  1 .6538149E+07   1488000E+01  .7523E+06  .3302E+05   .9962117  .0869213  .0026445
T 7485  1 .5887996E+07   1488000E+01 -.4503E+06 -.4091E+06   .9953612 -.0574421 -.0771784
T 7486  1 .6570538E+07   1488000E+01 -.3688E+06 -.5317E+06   .9642613 -.1217494 -.2353238
T 7487  1 .6586296E+07   1488000E+01  .4363E+06  .1740E+06   .9983799  .0159856  .0546087
T 7488  1 .6091706E+07   1488000E+01 -.1099E+06  .2821E+06   .9986131 -.0075668  .0521025
T 7489  1 .6339851E+07   1488000E+01 -.4520E+05  .4916E+05   .9958535  .0721889  .0553587
T 7490  1 .6311058E+07   1488000E+01 -.3563E+06 -.2358E+06   .9989492 -.0437104 -.0137797
T 7491  1 .6375911E+07   1488000E+01 -.2084E+06 -.4796E+06   .9973523 -.0036862 -.0726277
T 7492  1 .6059370E+07   1488000E+01 -.2828E+06 -.9579E+05   .9990292 -.0202781 -.0391072
T 7493  1 .6541099E+07   1488000E+01 -.9773E+05 -.2396E+06   .9978877 -.0620727  .0191603
T 7494  1 .6503670E+07   1488000E+01 -.1762E+06 -.2225E+06   .9987363  .0289598 -.0410758
T 7495  1 .6453084E+07   1488000E+01 -.5643E+05  .1496E+06   .9976879  .0100929  .0672081
T 7496  1 .6435912E+07   1488000E+01  .3218E+06  .1172E+06   .9996803  .0244048  .0066037
T 7497  1 .6049075E+07   1488000E+01 -.8672E+05  .2396E+06   .9987985  .0223865  .0435945
T 7499  1 .6206062E+07   1488000E+01  .3806E+06  .4479E+06   .9984980  .0338605  .0430716
T 7500  1 .6534836E+07   1488000E+01 -.3300E+06  .9828E+05   .9997570 -.0215064  .0048382
T 7501  1 .6372897E+07   1488000E+01 -.7984E+06 -.3487E+06   .9910227 -.1028487 -.0854181
T 7502  1 .6443993E+07   1488000E+01  .1056E+05  .2181E+06   .9975386  .0328538  .0619467
T 7503  1 .5220798E+07   1488000E+01 -.2747E+06 -.6067E+06   .9953070  .0002623 -.0967673
T 7504  1 .6612256E+07   1488000E+01 -.2465E+06 -.2034E+06   .9987028 -.0502472  .0082428
T 7505  1 .6648110E+07   1488000E+01  .3574E+06 -.3906E+06   .9965547  .0724578 -.0403563
T 7506  1 .6203434E+07   1488000E+01 -.1757E+06 -.3246E+06   .9997137 -.0167559 -.0170805
T 7507  1 .6542736E+07   1488000E+01  .5430E+05 -.1606E+06   .9992135 -.0232027 -.0321575
T 7508  1 .6578886E+07   1488000E+01  .1322E+07  .6627E+06   .9458282  .3029205  .1168258
T 7509  1 .6481428E+07   1488000E+01  .2562E+06  .1193E+06   .9989695  .0356706 -.0280637
T 7510  1 .6368967E+07   1488000E+01  .2382E+06  .4792E+06   .9976758  .0175844  .0658321
T 7511  1 .6724363E+07   1488000E+01 -.2515E+05  .7084E+06   .9853471  .0706790  .1552278
T 7512  1 .6679356E+07   1488000E+01  .4496E+06  .4916E+06   .9916166  .0998654  .0819970
T 7513  1 .6825587E+07   1488000E+01  .2639E+06 -.3813E+06   .9987221  .0347091  .0367343
T 7514  1 .6559229E+07   1488000E+01 -.1067E+06 -.5499E+05   .9986812  .0086503  .0506064
T 7515  1 .6543013E+07   1488000E+01 -.1239E+06 -.4249E+06   .9996475 -.0215335 -.0155279
T 7516  1 .5399335E+07   1488000E+01  .3289E+07 -.2339E+07   .9479978  .2469660 -.2007685
T 7517  1 .6503820E+07   1488000E+01 -.1231E+06 -.7456E+04   .9987471 -.0465415  .0183894
T 7518  1 .6576886E+07   1488000E+01 -.1995E+06  .8654E+05   .9988685 -.0400874  .0255877
T 7519  1 .6140155E+07   1488000E+01  .5337E+06  .1349E+06   .9844006  .1639598  .0638175
T 7520  1 .7012778E+07   1488000E+01 -.4272E+05  .6910E+05   .9998584 -.0165930  .0027892
T 7521  1 .6366915E+07   1488000E+01  .5192E+04  .1455E+06   .9984569  .0030065  .0554508
T 7522  1 .6313120E+07   1488000E+01  .5298E+05  .6953E+05   .9999172 -.0039370  .0122487
T 7523  1 .6665866E+07   1488000E+01  .3209E+06  .4852E+05   .9991893  .0366294  .0167023
T 7524  1 .6221149E+07   1488000E+01 -.2776E+06 -.5107E+05   .9996810 -.0250299  .0033721
T 7525  1 .7026245E+07   1488000E+01  .4099E+06 -.4884E+06   .9992928 -.0286102 -.0244018
T 7526  1 .6494116E+07   1488000E+01 -.4536E+06  .4303E+06   .9953174 -.0723394  .0641109
T 7527  1 .6781644E+07   1488000E+01  .3092E+05 -.2332E+06   .9998683  .0089935 -.0135125
T 7528  1 .6637410E+07   1488000E+01 -.3870E+06  .1788E+06   .9982270 -.0499960  .0323008
T 7529  1 .6075556E+07   1488000E+01  .1587E+05 -.7258E+06   .9929217 -.0323642 -.1142763
T 7530  1 .6553883E+07   1488000E+01  .9415E+05  .2425E+04   .9971457 -.0292783 -.0695941
T 7531  1 .6587890E+07   1488000E+01 -.1571E+06 -.4411E+06   .9928068 -.0207313 -.1179191
T 7532  1 .6351659E+07   1488000E+01 -.6053E+06  .1550E+06   .9970059 -.0638531 -.0436111
T 7533  1 .6260553E+07   1488000E+01 -.3461E+06  .4813E+06   .9664919 -.1150335  .2294791
T 7534  1 .6613500E+07   1488000E+01 -.4267E+04  .6243E+06   .9936068  .0390296  .1059350
T 7535  1 .6361353E+07   1488000E+01 -.1692E+06 -.5378E+05   .9910918 -.0146166 -.1323761
T 7536  1 .6245146E+07   1488000E+01 -.3464E+06  .1039E+06   .9962653 -.0684201  .0526695
T 7537  1 .6616123E+07   1488000E+01  .2472E+06 -.6604E+06   .9965585  .0368096 -.0742709
T 7538  1 .6582762E+07   1488000E+01 -.2940E+06 -.1746E+06   .9991818 -.0282396 -.0289537
T 7539  1 .6358175E+07   1488000E+01  .4029E+06 -.3253E+06   .9993274  .0366132 -.0020349
T 7540  1 .5968129E+07   1488000E+01 -.6576E+06 -.1006E+07   .9913222 -.0848861 -.1003725
T 7541  1 .6412423E+07   1488000E+01 -.4140E+06 -.6552E+05   .9985896 -.0382761  .0367920
T 7542  1 .7083889E+07   1488000E+01 -.1530E+06 -.5507E+04   .9983325  .0271173 -.0509595
T 7543  1 .6829727E+07   1488000E+01 -.1027E+06  .4147E+05   .9979392  .0288548 -.0573122
T 7544  1 .6208197E+07   1488000E+01  .6262E+05 -.7400E+05   .9997820 -.0024728 -.0207337
T 7545  1 .6605453E+07   1488000E+01 -.3123E+06 -.3547E+05   .9991824 -.0287798 -.0283951
T 7546  1 .6579423E+07   1488000E+01  .2498E+06  .1018E+05   .9950744  .0990379 -.0042938
T 7547  1 .6298620E+07   1488000E+01 -.1183E+06  .3296E+06   .9994904 -.0318793 -.0016451
T 7548  1 .6730062E+07   1488000E+01 -.4819E+06 -.5693E+05   .9798267 -.0823926 -.1820746
T 7549  1 .6487737E+07   1488000E+01 -.1647E+06  .3225E+06   .9996774 -.0154232  .0201817
T 7550  1 .6274639E+07   1488000E+01  .2010E+06 -.6298E+06   .9920186  .0255644 -.1234726
T 7551  1 .6661308E+07   1488000E+01  .7884E+06 -.3243E+06   .9857979  .1678527 -.0052925
T 7552  1 .6426047E+07   1488000E+01  .5174E+06  .3441E+06   .9921111  .0527119  .1137409
T 7553  1 .6509364E+07   1488000E+01  .2497E+06 -.6678E+06   .9946738 -.0289234 -.0989317
T 7554  1 .6302974E+07   1488000E+01 -.2388E+06 -.7527E+06   .9951695 -.0195108 -.0962131
T 7555  1 .6518149E+07   1488000E+01 -.3934E+06  .8990E+05   .9976601 -.0604592 -.0319223
T 7556  1 .6310988E+07   1488000E+01 -.2607E+06 -.4279E+06   .9956594 -.0649341 -.0666783
T 7557  1 .6723121E+07   1488000E+01 -.3743E+06  .3055E+06   .9976229 -.0688414  .0030763
T 7558  1 .6956014E+07   1488000E+01  .1672E+05  .5119E+06   .9934046 -.0513037  .1025434
T 7559  1 .6348288E+07   1488000E+01 -.4847E+06 -.2804E+06   .9937363 -.1113285 -.0097023
T 7560  1 .6764333E+07   1488000E+01 -.6494E+05 -.3407E+06   .9992238  .0023068 -.0393241
T 7561  1 .6040711E+07   1488000E+01 -.1070E+06 -.6543E+06   .9981112 -.0060170 -.0611370
T 7562  1 .5936134E+07   1488000E+01 -.1364E+06 -.1523E+06   .9994803 -.0286562 -.0147610
T 7563  1 .6408247E+07   1488000E+01  .1389E+06 -.8441E+05   .9996926  .0085702 -.0232643
T 7564  1 .6373988E+07   1488000E+01 -.1222E+06  .3828E+06   .9997511  .0112259  .0192809
T 7565  1 .6701880E+07   1488000E+01 -.1147E+06  .6691E+05   .9995786 -.0218607 -.0191004
T 7566  1 .6751574E+07   1488000E+01 -.4979E+06  .1374E+06   .9960440 -.0794422  .0398145
T 7567  1 .6255271E+07   1488000E+01 -.5187E+06 -.9108E+05   .9983439 -.0527477  .0229595
T 7568  1 .6501288E+07   1488000E+01 -.5549E+05 -.7195E+05   .9989762  .0175078 -.0417139
T 7569  1 .6461134E+07   1488000E+01  .5602E+06 -.6078E+06   .9802660  .1775455 -.0869264
T 7570  1 .6590811E+07   1488000E+01 -.4710E+06 -.1752E+06   .9988203 -.0455621 -.0167956
T 7571  1 .6936840E+07   1488000E+01 -.4230E+06 -.3430E+06   .9885606 -.1322748 -.0724660
T 7572  1 .6430827E+07   1488000E+01  .2588E+06  .2325E+05   .9997453  .0152409 -.0166419
T 7573  1 .6791751E+07   1488000E+01  .5036E+06  .1181E+06   .9967056  .0748944  .0311251
T 7574  1 .6357168E+07   1488000E+01  .5599E+06 -.1450E+06   .9970540  .0766575 -.0026504
T 7575  1 .6671899E+07   1488000E+01 -.2208E+06 -.2917E+06   .9994773 -.0316176 -.0067491
T 7576  1 .6434223E+07   1488000E+01 -.5936E+05  .2387E+06   .9781765 -.1585355  .1343026
T 7577  1 .6116601E+07   1488000E+01  .4652E+06  .3615E+06   .9956915  .0865445 -.0332954
T 7578  1 .6489185E+07   1488000E+01  .2806E+06  .6695E+05   .9969648  .0772532  .0096475
T 7579  1 .6107425E+07   1488000E+01 -.2240E+06 -.1143E+06   .9996908  .0085553  .0233479
T 7580  1 .6196253E+07   1488000E+01 -.2782E+06 -.3708E+06   .9964649  .0395858 -.0740987
T 7581  1 .5818165E+07   1488000E+01 -.1747E+04  .3234E+06   .9945546 -.0118591  .1035402
T 7582  1 .6660232E+07   1488000E+01 -.2254E+06  .4862E+06   .9956080 -.0452273  .0819713
T 7583  1 .7153795E+07   1488000E+01 -.7282E+05  .5605E+06   .9952992  .0048177  .0967282
T 7584  1 .6425059E+07   1488000E+01  .4050E+04 -.5634E+06   .9963114  .0309919 -.0800197
T 7585  1 .6125523E+07   1488000E+01  .1105E+06  .3548E+06   .9994840 -.0053666  .0316694
T 7586  1 .6805074E+07   1488000E+01 -.7020E+06 -.3200E+06   .9937386 -.1115152 -.0069287
T 7587  1 .6760053E+07   1488000E+01 -.2505E+06 -.1502E+04   .9988222 -.0271196 -.0402333
T 7588  1 .6274658E+07   1488000E+01  .1185E+05  .6381E+06   .9929158 -.0311931  .1146528
T 7589  1 .5875215E+07   1488000E+01 -.1023E+06 -.4787E+06   .9989204 -.0018905 -.0464167
T 7590  1 .6802243E+07   1488000E+01 -.2995E+06  .3404E+06   .9975617 -.0400078  .0571840
T 7591  1 .6351232E+07   1488000E+01  .1568E+06  .2844E+06   .9984020 -.0014635  .0564917
T 7592  1 .6331515E+07   1488000E+01 -.9779E+05  .7818E+05   .9996841 -.0157939 -.0195530
T 7593  1 .6353329E+07   1488000E+01 -.1148E+06 -.3434E+06   .9947583 -.0516772 -.0882350
T 7594  1 .6131999E+07   1488000E+01  .4781E+06  .5194E+06   .9953548  .0768954  .0579299
T 7596  1 .6480591E+07   1488000E+01 -.2506E+06 -.3308E+06   .9972083 -.0357813 -.0655392
T 7597  1 .6218986E+07   1488000E+01 -.4312E+06  .6666E+06   .9912661 -.0612354  .1167979
T 7598  1 .6691927E+07   1488000E+01  .2140E+06 -.3446E+06   .9967370  .0347723 -.0728438
T 7599  1 .6411302E+07   1488000E+01  .1062E+06  .1871E+06   .9998147  .0082991  .0173686
T 7600  1 .6567282E+07   1488000E+01  .4678E+06 -.2607E+06   .9942304  .1062452  .0147620
T 7601  1 .6069658E+07   1488000E+01  .1469E+06 -.4655E+05   .9998606  .0134633  .0098745
T 7602  1 .6403526E+07   1488000E+01  .6581E+06  .1610E+06   .9935870  .1127068 -.0090573
T 7603  1 .6627140E+07   1488000E+01  .3208E+06 -.1196E+05   .9979624 -.0328714  .0546847
T 7604  1 .6360918E+07   1488000E+01 -.2618E+06  .3717E+06   .9998618 -.0163510 -.0029947
T 7605  1 .6151437E+07   1488000E+01 -.1514E+06  .2499E+05   .9958236 -.0040439 -.0912089
T 7606  1 .6281621E+07   1488000E+01  .4054E+06  .1206E+07   .9657731  .1222674  .2287642
T 7607  1 .6787572E+07   1488000E+01 -.1835E+05 -.6124E+05   .9993310  .0244030  .0272419
T 7608  1 .6459713E+07   1488000E+01  .4631E+06  .3001E+06   .9950863  .0985911  .0091160
T 7609  1 .6342566E+07   1488000E+01  .5053E+06 -.5280E+06   .9986187  .0351125 -.0390862
T 7610  1 .6455058E+07   1488000E+01  .5911E+06  .1883E+05   .9970056  .0769892  .0072402
T 7611  1 .6649920E+07   1488000E+01  .3624E+06  .2022E+06   .9996051  .0281005 -.0001680
T 7612  1 .6344599E+07   1488000E+01 -.1269E+06 -.2438E+06   .9993393  .0028439 -.0362338
T 7613  1 .6119286E+07   1488000E+01  .1134E+07 -.4980E+06   .9923426  .1081121 -.0597325
T 7614  1 .6586964E+07   1488000E+01 -.8077E+05  .2649E+06   .9988153 -.0263209  .0409288
T 7615  1 .6195989E+07   1488000E+01 -.1753E+04  .2364E+06   .9993050  .0312987  .0202481
T 7616  1 .6407452E+07   1488000E+01  .9449E+05 -.1726E+06   .9999826 -.0010461 -.0058114
T 7617  1 .6421648E+07   1488000E+01  .5000E+06  .8527E+04   .9989827  .0450838  .0009848
T 7618  1 .6401835E+07   1488000E+01  .1394E+06 -.5011E+04   .9996416 -.0103821 -.0246746
T 7619  1 .6313447E+07   1488000E+01 -.5682E+06  .4930E+06   .9918040 -.0948693  .0855842
T 7620  1 .6851002E+07   1488000E+01  .8227E+06 -.3457E+06   .9912858  .1310455 -.0133954
T 7621  1 .6606510E+07   1488000E+01  .1273E+06  .2218E+06   .9998777 -.0049615  .0148305
T 7622  1 .6318527E+07   1488000E+01 -.3983E+06  .9930E+06   .9954781 -.0318825  .0894812
T 7623  1 .6688328E+07   1488000E+01 -.2109E+06 -.4326E+06   .9973622  .0001833 -.0725850
T 7624  1 .6767710E+07   1488000E+01  .3345E+06 -.1541E+06   .9952870  .0806191 -.0538919
T 7625  1 .6602170E+07   1488000E+01  .3357E+05  .1265E+06   .9982463  .0400364  .0436063
T 7626  1 .6178425E+07   1488000E+01 -.2245E+06  .5853E+04   .9997658 -.0164389  .0140740
T 7627  1 .5805664E+07   1488000E+01 -.7367E+05 -.2343E+06   .9997825  .0169235 -.0121879
T 7628  1 .6537489E+07   1488000E+01  .2125E+06  .1729E+06   .9990967  .0424901 -.0006884
T 7629  1 .6594769E+07   1488000E+01  .1053E+06  .1612E+06   .9996789 -.0032885  .0251267
T 7630  1 .6516140E+07   1488000E+01 -.5247E+06  .1400E+06   .9996396 -.0250596 -.0096306
T 7631  1 .6647883E+07   1488000E+01 -.1570E+06 -.8287E+06   .9938539  .0071312 -.1104694
T 7632  1 .6337132E+07   1488000E+01 -.5780E+06  .6258E+06   .9953583 -.0690416  .0670449
T 7633  1 .6292352E+07   1488000E+01 -.1105E+06  .2279E+05   .9990991 -.0077220 -.0417301
T 7634  1 .6849457E+07   1488000E+01 -.6379E+05  .4528E+05   .9989550 -.0349848  .0294099
T 7635  1 .6291911E+07   1488000E+01  .1166E+06  .8318E+05   .9926911  .1199411 -.0133647
T 7636  1 .6873732E+07   1488000E+01 -.4687E+05 -.1535E+06   .9992064  .0250620 -.0309607
T 7637  1 .6616411E+07   1488000E+01  .3274E+06 -.3086E+06   .9919682 -.0075595 -.1262612
T 7638  1 .6382327E+07   1488000E+01 -.7284E+05 -.1358E+06   .9999480 -.0091554  .0044999
T 7639  1 .6736343E+07   1488000E+01 -.1568E+06 -.8192E+03   .9990904 -.0381571  .0190370
T 7640  1 .6208685E+07   1488000E+01  .1513E+06  .2271E+06   .9966900  .0434666  .0687002
T 7641  1 .6858289E+07   1488000E+01  .3179E+06  .1260E+06   .9990141  .0408718 -.0173325
T 7642  1 .5888477E+07   1488000E+01 -.1396E+07 -.9769E+06   .9778193 -.2089596 -.0143274
T 7643  1 .6146043E+07   1488000E+01 -.8341E+05  .3070E+06   .9996970  .0044886  .0242010
T 7644  1 .6536918E+07   1488000E+01  .2456E+06  .2482E+06   .9984457  .0512351 -.0219350
T 7645  1 .6217500E+07   1488000E+01  .8987E+05 -.1740E+06   .9980246  .0306659 -.0548322
T 7646  1 .6284865E+07   1488000E+01  .4729E+05  .1578E+06   .9999355  .0013916 -.0112683
T 7647  1 .6286991E+07   1488000E+01 -.2719E+06 -.6332E+05   .9954815 -.0948221 -.0050292
T 7648  1 .6456659E+07   1488000E+01  .2806E+06  .6543E+06   .9951432  .0572156  .0801025
T 7649  1 .6166900E+07   1488000E+01  .4771E+06  .3110E+06   .9920774 -.0108453  .1251592
T 7650  1 .6358030E+07   1488000E+01 -.5798E+06 -.2500E+06   .9977434 -.0189729 -.0644053
T 7651  1 .6488500E+07   1488000E+01  .4639E+06  .1138E+06   .9981920  .0431481  .0418456
T 7652  1 .5999990E+07   1488000E+01 -.5649E+06  .2485E+05   .9961989 -.0861016 -.0132045
T 7653  1 .6712890E+07   1488000E+01 -.1909E+04  .3889E+05   .9998118  .0098760 -.0166983
T 7654  1 .6264448E+07   1488000E+01  .4440E+06  .4636E+06   .9984426 -.0043882 -.0556155
T 7655  1 .6874693E+07   1488000E+01 -.1110E+06 -.1657E+05   .9992053  .0383368  .0109128
T 7656  1 .6258901E+07   1488000E+01  .6504E+06  .9653E+05   .9940187  .1018550 -.0394010
T 7657  1 .6564174E+07   1488000E+01 -.2243E+06 -.1484E+06   .9989083 -.0380358  .0271190
T 7658  1 .6897613E+07   1488000E+01 -.1630E+05  .3181E+06   .9980749  .0212913  .0582502
T 7659  1 .6600753E+07   1488000E+01  .5115E+04  .9575E+04   .9997866 -.0037449 -.0203161
T 7660  1 .6093108E+07   1488000E+01  .1931E+06 -.7038E+06   .9874030  .0387508 -.1534070
T 7661  1 .6535942E+07   1488000E+01  .3188E+06 -.5311E+05   .9998701  .0121904  .0105405
T 7662  1 .5568445E+07   1488000E+01 -.4522E+06  .3417E+06   .9932885 -.1074185  .0428854
T 7663  1 .6598876E+07   1488000E+01  .1003E+06  .1452E+06   .9998801  .0138361 -.0069565
T 7664  1 .6333909E+07   1488000E+01  .3510E+06  .1834E+06   .9992389  .0185812  .0342985
T 7665  1 .6514971E+07   1488000E+01 -.7164E+05 -.8295E+05   .9989161  .0094323  .0455805
T 7666  1 .6379461E+07   1488000E+01  .3059E+06  .3308E+06   .9992259 -.0300534  .0253858
T 7667  1 .6304714E+07   1488000E+01 -.5013E+06 -.3583E+06   .9957684 -.0771698 -.0499017
T 7668  1 .6543815E+07   1488000E+01 -.8544E+06 -.9751E+05   .9935416 -.1115361  .0208495
T 7669  1 .6113535E+07   1488000E+01 -.1264E+06 -.6658E+06   .9993759  .0193982 -.0295228
T 7670  1 .6252250E+07   1488000E+01  .2128E+06 -.2897E+06   .9981012  .0543887 -.0289109
T 7671  1 .6188831E+07   1488000E+01 -.1622E+06 -.1327E+06   .9969217 -.0715498 -.0320576
T 7672  1 .6197571E+07   1488000E+01  .4015E+06 -.1041E+06   .9984700  .0549561 -.0061217
T 7673  1 .6745688E+07   1488000E+01  .2308E+06  .1209E+07   .9839707  .0510350  .1708713
T 7674  1 .6349736E+07   1488000E+01  .3796E+05 -.6166E+05   .9998813 -.0129759  .0083127
T 7675  1 .6798697E+07   1488000E+01 -.4123E+06 -.1048E+06   .9942852 -.0896007 -.0580400
T 7676  1 .6275843E+07   1488000E+01 -.1708E+06 -.2555E+06   .9994168 -.0321213 -.0115883
T 7677  1 .6444185E+07   1488000E+01  .2298E+06  .3497E+05   .9989979  .0439206 -.0086139
T 7678  1 .5917655E+07   1488000E+01 -.4010E+06 -.1657E+06   .9997072  .0036152 -.0239268
T 7679  1 .6145437E+07   1488000E+01  .3793E+06  .5608E+05   .9990208  .0191145  .0398997
T 7680  1 .6380392E+07   1488000E+01  .3998E+06  .1642E+05   .9977533  .0413149 -.0527389
T 7681  1 .6263535E+07   1488000E+01 -.5032E+06 -.5534E+06   .9963567 -.0162147 -.0837280
T 7682  1 .6099572E+07   1488000E+01 -.2075E+06  .3886E+06   .9925868 -.0651703  .1025876
T 7683  1 .6506717E+07   1488000E+01 -.4561E+06 -.4502E+06   .9837085 -.0160238 -.1790555
T 7684  1 .6044534E+07   1488000E+01  .3345E+06  .4583E+06   .9983652  .0239966  .0518763
T 7685  1 .6275522E+07   1488000E+01  .1851E+05 -.2123E+06   .9992649  .0180057 -.0338432
T 7686  1 .6239157E+07   1488000E+01  .5631E+05  .1789E+06   .9996952  .0075682 -.0234987
T 7687  1 .5829858E+07   1488000E+01 -.2407E+06  .1029E+07   .9906473 -.1030394  .0894476
T 7688  1 .5978020E+07   1488000E+01 -.4358E+06 -.3448E+06   .9900529 -.1270622 -.0604185
T 7689  1 .6477575E+07   1488000E+01  .3224E+06 -.1593E+06   .9995597  .0288307 -.0070197
T 7690  1 .6711921E+07   1488000E+01  .6119E+06 -.1402E+06   .9942374  .1019549  .0331253
T 7691  1 .6256274E+07   1488000E+01  .1483E+06  .5068E+04   .9997420  .0198221 -.0110910
T 7692  1 .6666505E+07   1488000E+01  .3601E+06  .5388E+05   .9993033 -.0371290 -.0037993
T 7693  1 .6708969E+07   1488000E+01 -.4808E+05 -.6668E+06   .9981499  .0510210 -.0330693
T 7694  1 .6603098E+07   1488000E+01 -.9799E+05 -.1056E+06   .9999944  .0029413 -.0015899
T 7695  1 .6155139E+07   1488000E+01  .7504E+05 -.2680E+06   .9493278  .1329967 -.2847606
T 7696  1 .6853863E+07   1488000E+01 -.1082E+06  .6086E+06   .9943691  .0609120  .0867172
T 7697  1 .6499745E+07   1488000E+01  .4779E+06 -.2042E+06   .9983959  .0412812  .0387493
T 7698  1 .6366650E+07   1488000E+01 -.9761E+06 -.2085E+06   .9474469 -.3112509  .0739403
T 7699  1 .6255050E+07   1488000E+01  .1144E+06 -.4314E+06   .9879785  .1358063 -.0738589
T 7700  1 .6836706E+07   1488000E+01 -.4531E+06 -.5076E+06   .9935309 -.0666291 -.0919617
T 7701  1 .6420794E+07   1488000E+01  .2261E+06 -.1589E+06   .9972941  .0726767 -.0110712
T 7702  1 .6372743E+07   1488000E+01 -.2387E+06  .1569E+06   .9982474 -.0423229  .0413627
T 7703  1 .6607140E+07   1488000E+01  .1120E+06 -.7692E+06   .9957541 -.0318863 -.0863542
T 7704  1 .6220405E+07   1488000E+01  .7101E+06  .3955E+06   .9878907  .1170189  .1018749
T 7705  1 .6240838E+07   1488000E+01 -.4845E+06  .2784E+06   .9678292 -.1125015  .2250558
T 7706  1 .6235532E+07   1488000E+01  .4037E+05 -.8608E+06   .9983360  .0099395 -.0568009
T 7707  1 .6717607E+07   1488000E+01  .1043E+06 -.4280E+06   .9994256  .0210069 -.0265929
T 7708  1 .6021996E+07   1488000E+01 -.4758E+06 -.3042E+06   .9986758 -.0461999 -.0226321
T 7709  1 .6800526E+07   1488000E+01  .2812E+05  .1085E+06   .9999787 -.0015287 -.0063507
T 7710  1 .6172430E+07   1488000E+01 -.2088E+06  .2943E+06   .9842140 -.1655692 -.0625264
T 7711  1 .6178066E+07   1488000E+01 -.2142E+06  .1056E+06   .9989587  .0095541  .0446131
T 7712  1 .6034447E+07   1488000E+01  .5824E+05  .8939E+05   .9979331 -.0122481  .0630835
T 7713  1 .6234736E+07   1488000E+01 -.1398E+07 -.1719E+07   .9832002 -.1334276 -.1245571
T 7714  1 .6039113E+07   1488000E+01 -.3059E+06 -.3891E+06   .9932390 -.0567191 -.1012881
T 7715  1 .6210464E+07   1488000E+01  .1474E+06  .2456E+06   .9999052  .0092071  .0102413
T 7716  1 .6270566E+07   1488000E+01  .2125E+06 -.1321E+06   .9997958 -.0195090  .0052742
T 7717  1 .6360401E+07   1488000E+01 -.1322E+05 -.2067E+06   .9989293  .0070011 -.0457306
T 7718  1 .6707306E+07   1488000E+01 -.7298E+05 -.6678E+05   .9997052 -.0098253  .0222010
T 7719  1 .6796941E+07   1488000E+01  .9824E+05 -.2739E+05   .9994792  .0079437  .0312765
T 7720  1 .6508437E+07   1488000E+01 -.4078E+05 -.1492E+06   .9973567  .0522305  .0505138
T 7721  1 .6181520E+07   1488000E+01  .3046E+06 -.6197E+06   .8800298  .0971419 -.4648774
T 7722  1 .6759961E+07   1488000E+01  .2667E+06  .2405E+06   .9995117  .0288473  .0120066
T 7723  1 .6172048E+07   1488000E+01  .2364E+06 -.1870E+06   .9989928  .0283705 -.0347643
T 7724  1 .6611150E+07   1488000E+01  .3557E+06 -.1576E+06   .9953165  .0638467 -.0725860
T 7725  1 .6291025E+07   1488000E+01 -.3865E+06  .7208E+05   .9994736 -.0262537 -.0190591
T 7726  1 .6389157E+07   1488000E+01 -.6542E+06  .5173E+06   .9847611 -.1199587  .1259183
T 7727  1 .6427292E+07   1488000E+01 -.1327E+06  .1067E+06   .9987557 -.0160615  .0472126
T 7728  1 .6418219E+07   1488000E+01  .2517E+05 -.3679E+06   .9972554  .0159154 -.0723075
T 7729  1 .6282226E+07   1488000E+01  .1378E+05  .1333E+06   .9984532  .0111244  .0544736
T 7730  1 .6814234E+07   1488000E+01 -.3332E+06 -.9665E+05   .9971991 -.0707622  .0242195
T 7731  1 .6419825E+07   1488000E+01 -.3945E+06 -.3604E+06   .9988207 -.0472677  .0110920
T 7732  1 .6550480E+07   1488000E+01  .3413E+06  .1789E+06   .9972354  .0742035 -.0039260
T 7733  1 .6238050E+07   1488000E+01  .1103E+06 -.2960E+06   .9995959  .0220439 -.0179458
T 7734  1 .6218676E+07   1488000E+01  .1986E+06  .1857E+06   .9973864  .0353167  .0630318
T 7735  1 .7059732E+07   1488000E+01  .1787E+06 -.4030E+05   .9991569  .0408191 -.0043836
T 7736  1 .6480562E+07   1488000E+01  .5742E+06 -.1915E+06   .9943308  .1061057 -.0069223
T 7737  1 .6655451E+07   1488000E+01  .4298E+05 -.7929E+06   .9929202 -.0094222 -.1184093
T 7738  1 .6415149E+07   1488000E+01 -.2589E+06  .1686E+06   .9997277 -.0088892 -.0215744
T 7739  1 .6687512E+07   1488000E+01 -.2506E+06  .3753E+06   .9971200 -.0377830  .0657580
T 7740  1 .6590914E+07   1488000E+01 -.2191E+06  .6371E+05   .9980566 -.0424130  .0456518
T 7741  1 .5620824E+07   1488000E+01 -.4291E+06  .3774E+06   .9977475 -.0364530  .0563127
T 7742  1 .6048876E+07   1488000E+01  .1126E+06 -.3182E+05   .9983953 -.0554211  .0116333
T 7743  1 .6015932E+07   1488000E+01 -.1810E+05  .3365E+05   .9932050 -.0852963 -.0791724
T 7744  1 .6156429E+07   1488000E+01 -.1694E+06 -.1880E+06   .9998812  .0126451 -.0088099
T 7745  1 .6084522E+07   1488000E+01 -.2480E+05  .6084E+05   .9995942  .0056970 -.0279109
T 7746  1 .6497599E+07   1488000E+01  .2092E+06 -.2428E+06   .9976753  .0576447 -.0363469
T 7747  1 .6396487E+07   1488000E+01  .1338E+06 -.2513E+06   .9998225  .0127034 -.0139164
T 7748  1 .6709118E+07   1488000E+01  .4450E+06  .8414E+06   .9970004  .0048682  .0772432
T 7749  1 .6197229E+07   1488000E+01 -.5224E+06  .5303E+04   .9957631 -.0256362 -.0883099
T 7750  1 .6331019E+07   1488000E+01  .3077E+06 -.9144E+05   .9990100  .0441985 -.0050594
T 7751  1 .6330287E+07   1488000E+01  .6545E+06 -.6962E+05   .9918540  .0466921  .1185138
T 7752  1 .6337607E+07   1488000E+01  .2034E+06 -.4493E+06   .9987995  .0378739 -.0310672
T 7753  1 .6213670E+07   1488000E+01  .5196E+06 -.1171E+06   .9943193  .1064328 -.0010916
T 7754  1 .6713422E+07   1488000E+01 -.4607E+06 -.1176E+06   .9963804 -.0695540  .0488716
T 7755  1 .6689603E+07   1488000E+01 -.1541E+05  .8666E+06   .9981864 -.0164940  .0578956
T 7756  1 .6670570E+07   1488000E+01  .3315E+06  .5018E+06   .9974378 -.0227783  .0678164
T 7757  1 .6809213E+07   1488000E+01  .8517E+06  .9096E+05   .9966494  .0795666  .0189511
T 7758  1 .6384961E+07   1488000E+01  .3046E+05 -.1561E+07   .9956589  .0157981 -.0917264
T 7759  1 .7263639E+07   1488000E+01  .7381E+06 -.8999E+05   .9924164  .0983338 -.0737573
T 7760  1 .6191319E+07   1488000E+01  .1096E+06  .1468E+06   .9998533  .0039161  .0166747
T 7761  1 .6366248E+07   1488000E+01 -.2140E+06 -.6806E+06   .9984219 -.0076049 -.0556403
T 7762  1 .6306742E+07   1488000E+01  .7343E+06 -.1120E+07   .9881629  .0514824 -.1445115
T 7763  1 .6424667E+07   1488000E+01  .1979E+06 -.3329E+06   .9973150 -.0045513 -.0730897
T 7764  1 .6049246E+07   1488000E+01  .1200E+06 -.1940E+06   .9952020  .0316007 -.0925976
T 7765  1 .6388743E+07   1488000E+01  .3064E+06  .7830E+05   .9994347  .0334935 -.0029152
T 7766  1 .6138428E+07   1488000E+01  .3244E+06  .7492E+03   .9952582  .0422034  .0876357
T 7767  1 .7050633E+07   1488000E+01  .3153E+06 -.1429E+05   .9987734  .0437791 -.0231304
T 7768  1 .6238189E+07   1488000E+01 -.3910E+06 -.2029E+06   .9987907 -.0387028 -.0303186
T 7769  1 .6119591E+07   1488000E+01 -.2617E+06  .3203E+06   .9984456 -.0400935  .0387156
T 7770  1 .6143515E+07   1488000E+01  .2782E+06  .3104E+06   .9972367  .0723039  .0170598
T 7771  1 .6198103E+07   1488000E+01  .6384E+06  .3385E+06   .9982817  .0576431  .0105298
T 7772  1 .6839747E+07   1488000E+01 -.3754E+06 -.8019E+05   .9995516  .0024938 -.0298398
T 7773  1 .6171915E+07   1488000E+01  .2874E+06 -.4362E+06   .9947101  .0666616 -.0781545
T 7774  1 .6192461E+07   1488000E+01  .3936E+06 -.2816E+06   .9991720  .0132949  .0384510
T 7775  1 .6366311E+07   1488000E+01 -.5515E+05  .2080E+06   .9970736 -.0598421  .0475722
T 7776  1 .6178159E+07   1488000E+01 -.9983E+05  .2484E+06   .9977284 -.0189395  .0646476
T 7777  1 .6449658E+07   1488000E+01 -.1030E+06  .3796E+06   .9991585 -.0409865  .0015611
T 7778  1 .6564678E+07   1488000E+01 -.2910E+06  .5568E+05   .9997754 -.0209897  .0029388
T 7779  1 .6320836E+07   1488000E+01  .2538E+06  .1162E+06   .9975923  .0670656 -.0176610
T 7780  1 .6414858E+07   1488000E+01 -.9436E+05  .6246E+05   .9998148 -.0140513 -.0131486
T 7781  1 .6791357E+07   1488000E+01 -.2287E+06  .1316E+06   .9998500  .0027347  .0171044
T 7782  1 .6588432E+07   1488000E+01  .1402E+06  .9270E+05   .9998678  .0151852 -.0058109
T 7783  1 .6744838E+07   1488000E+01 -.1884E+06 -.1399E+06   .9986645 -.0504946  .0109293
T 7784  1 .6204661E+07   1488000E+01 -.6315E+06 -.4580E+06   .9902902 -.1159174 -.0767359
T 7785  1 .6150552E+07   1488000E+01  .1515E+06  .1416E+04   .9996051  .0110982  .0258168
T 7786  1 .6840742E+07   1488000E+01  .9548E+05  .1400E+06   .9995939  .0083621 -.0272426
T 7787  1 .6113755E+07   1488000E+01 -.8358E+05 -.2997E+06   .9999767  .0034140 -.0059132
T 7788  1 .6430239E+07   1488000E+01  .1834E+06 -.4070E+06   .9998934 -.0088466  .0116170
T 7789  1 .6423434E+07   1488000E+01  .3805E+06 -.2614E+06   .9999485 -.0090620  .0045663
T 7790  1 .6578232E+07   1488000E+01 -.2169E+05 -.4580E+06   .9996035  .0014416 -.0281191
T 7791  1 .6862280E+07   1488000E+01  .6043E+05  .3488E+05   .9999206  .0120827  .0035718
T 7792  1 .6384310E+07   1488000E+01 -.1085E+06 -.7493E+05   .9988126  .0382802 -.0301346
T 7793  1 .6184645E+07   1488000E+01 -.8168E+06  .7530E+06   .9952802 -.0727482  .0642258
T 7794  1 .6608922E+07   1488000E+01 -.9709E+05 -.2945E+06   .9990566  .0218970 -.0375014
T 7795  1 .6318902E+07   1488000E+01  .8779E+06  .2618E+06   .9952289  .0902511 -.0370700
T 7796  1 .6649025E+07   1488000E+01  .1186E+06  .3300E+06   .9963826 -.0001647  .0849810
T 7797  1 .6081162E+07   1488000E+01  .3622E+06 -.4843E+06   .9964548  .0590933 -.0598820
T 7798  1 .5932650E+07   1488000E+01 -.1108E+07  .4042E+06   .9919432 -.1188795  .0437771
T 7799  1 .6255248E+07   1488000E+01 -.8776E+05 -.4088E+06   .9962263  .0191308 -.0846596
T 7800  1 .6131587E+07   1488000E+01  .7795E+05 -.6174E+06   .9901568  .0409499 -.1338377
T 7801  1 .6312365E+07   1488000E+01 -.1435E+06 -.3117E+06   .9947924 -.0554450 -.0855218
T 7802  1 .6773335E+07   1488000E+01  .1433E+06 -.1489E+06   .9989117  .0337338  .0322085
T 7803  1 .6492555E+07   1488000E+01 -.2841E+06 -.1417E+06   .9989556  .0018435 -.0456548
T 7804  1 .6390421E+07   1488000E+01  .2631E+06 -.3974E+04   .9996859 -.0126257  .0216474
T 7805  1 .6678260E+07   1488000E+01 -.1226E+06 -.2123E+06   .9926154  .0951643 -.0752229
T 7806  1 .6324738E+07   1488000E+01  .1088E+06 -.1181E+06   .9974373  .0243500 -.0672743
T 7807  1 .6606594E+07   1488000E+01 -.3607E+06  .2452E+06   .9985234 -.0370309  .0397450
T 7808  1 .5955206E+07   1488000E+01 -.1396E+06  .1010E+07   .9878324  .0269170  .1531749
T 7809  1 .6358682E+07   1488000E+01  .3075E+06 -.7459E+06   .9928962  .0815860 -.0866077
T 7810  1 .5762824E+07   1488000E+01  .1602E+06 -.5349E+05   .9995247  .0307265 -.0025024
T 7811  1 .6538059E+07   1488000E+01  .1790E+06  .3300E+05   .9971228  .0513823 -.0557306
T 7812  1 .6460825E+07   1488000E+01 -.5008E+06  .1371E+06   .9903090 -.1327547  .0407945
T 7813  1 .5882664E+07   1488000E+01  .2051E+06  .5082E+06   .9981831  .0236822  .0554051
T 7814  1 .5937027E+07   1488000E+01 -.6185E+05  .1398E+06   .9997563  .0214982  .0050228
T 7815  1 .6498485E+07   1488000E+01 -.2659E+06 -.2222E+05   .9889854 -.1468025 -.0188926
T 7816  1 .6095782E+07   1488000E+01 -.7277E+06 -.6168E+06   .9958318 -.0554847 -.0723911
T 7817  1 .6520445E+07   1488000E+01  .8696E+06  .4395E+06   .9938497  .1046298  .0362682
T 7818  1 .6310888E+07   1488000E+01 -.6311E+06 -.4845E+05   .9987071 -.0327507 -.0388779
T 7819  1 .6584511E+07   1488000E+01  .4201E+04  .7434E+06   .9946903 -.0475874  .0912502
T 7820  1 .6601261E+07   1488000E+01  .1414E+05  .2577E+06   .9994065 -.0136220  .0316394
T 7821  1 .6112449E+07   1488000E+01 -.1404E+06  .6635E+06   .9881519 -.0690822  .1370527
T 7822  1 .6398664E+07   1488000E+01 -.1036E+06 -.3768E+06   .9982677 -.0127564 -.0574355
T 7823  1 .6663172E+07   1488000E+01  .3133E+06  .3955E+06   .9997642 -.0213591  .0039098
T 7824  1 .5835179E+07   1488000E+01  .1009E+06  .4308E+06   .9974667  .0665310  .0251749
T 7825  1 .6038579E+07   1488000E+01 -.3788E+06 -.2624E+06   .9992094 -.0211740 -.0336495
T 7826  1 .6508714E+07   1488000E+01 -.2110E+06  .3110E+05   .9976766 -.0678665 -.0059652
T 7827  1 .5989858E+07   1488000E+01 -.1421E+06 -.9662E+06   .9926467  .0408090 -.1139612
T 7828  1 .6518434E+07   1488000E+01 -.1677E+06  .1836E+06   .9991961  .0025092  .0400095
T 7829  1 .6774127E+07   1488000E+01 -.7247E+06 -.3731E+06   .9775018 -.1488353 -.1494598
T 7830  1 .6359775E+07   1488000E+01 -.9215E+05 -.2339E+06   .9976564 -.0512884  .0452912
T 7831  1 .5468953E+07   1488000E+01 -.1483E+06  .6382E+06   .9930180 -.0433347  .1097147
T 7832  1 .6266156E+07   1488000E+01  .3245E+06  .4175E+06   .9945470  .0368750  .0975525
T 7833  1 .6317606E+07   1488000E+01 -.3502E+06 -.3674E+06   .9962301 -.0459449 -.0735847
T 7834  1 .6906237E+07   1488000E+01 -.1170E+05  .1358E+06   .9958353  .0715867  .0564568
T 7835  1 .6490727E+07   1488000E+01  .3481E+06  .9255E+06   .9730384  .1243134  .1942741
T 7836  1 .6436762E+07   1488000E+01  .7606E+05 -.3566E+06   .9984823  .0519152 -.0183840
T 7837  1 .6205986E+07   1488000E+01  .2388E+06 -.1947E+06   .9948045  .0477134 -.0899302
T 7838  1 .6634674E+07   1488000E+01  .1205E+06 -.8742E+06   .9929554 -.0315553 -.1142096
T 7839  1 .6776010E+07   1488000E+01  .3422E+06 -.2451E+06   .9983790 -.0066039 -.0565305
T 7840  1 .6337945E+07   1488000E+01 -.7246E+06 -.6420E+06   .9951473 -.0847527 -.0499887
T 7841  1 .6499793E+07   1488000E+01 -.7501E+05 -.8785E+06   .9915657 -.0995929 -.0829381
T 7842  1 .6313694E+07   1488000E+01  .6933E+05 -.2609E+06   .9964403  .0019103 -.0842794
T 7843  1 .6589924E+07   1488000E+01  .2860E+06  .3419E+06   .9991012  .0423643 -.0014060
T 7844  1 .6481845E+07   1488000E+01  .2279E+06  .6900E+05   .9987283 -.0065393  .0499892
T 7845  1 .6646503E+07   1488000E+01 -.7848E+06 -.9707E+05   .9917129 -.1252191 -.0287349
T 7846  1 .6382875E+07   1488000E+01  .1153E+06  .1850E+06   .9984261  .0504861  .0244230
T 7847  1 .6207283E+07   1488000E+01  .2762E+06 -.2348E+06   .9942977 -.0983456 -.0412341
T 7848  1 .6504495E+07   1488000E+01  .2003E+05  .3447E+06   .9998841  .0098147  .0116360
T 7849  1 .6769944E+07   1488000E+01 -.9108E+05  .4796E+06   .9959078  .0378358  .0820744
T 7850  1 .6387849E+07   1488000E+01  .4132E+06 -.2145E+06   .9954335  .0508286 -.0807992
T 7851  1 .6497734E+07   1488000E+01 -.8630E+06  .6584E+06   .9911408 -.1124747  .0706354
T 7852  1 .6361640E+07   1488000E+01  .6674E+06  .6876E+06   .9933610  .1148702  .0062211
T 7853  1 .6180161E+07   1488000E+01  .2078E+06 -.3449E+06   .9971415  .0399182 -.0641519
T 7854  1 .6340740E+07   1488000E+01 -.5222E+06 -.1332E+06   .9972647 -.0634494  .0379124
T 7855  1 .6884098E+07   1488000E+01  .1826E+06  .3818E+06   .9981583 -.0059463  .0603710
T 7856  1 .6468224E+07   1488000E+01 -.3517E+05 -.1792E+06   .9994866 -.0029698 -.0319019
T 7857  1 .6728524E+07   1488000E+01  .3497E+06  .5368E+05   .9944911  .1003211  .0303831
T 7858  1 .6417397E+07   1488000E+01  .4402E+06 -.2008E+06   .9907753  .1226382 -.0576558
T 7859  1 .6276150E+07   1488000E+01  .4415E+06 -.8445E+05   .9967052  .0266516 -.0766057
T 7860  1 .6542190E+07   1488000E+01  .7623E+06  .6143E+05   .9860052  .1575616 -.0544795
T 7861  1 .6693987E+07   1488000E+01 -.7453E+06 -.3047E+06   .9945860 -.0777412 -.0689568
T 7862  1 .6632437E+07   1488000E+01 -.2262E+06  .3623E+05   .9979234 -.0612869  .0198177
T 7863  1 .6225350E+07   1488000E+01 -.7837E+05 -.8464E+06   .9982632  .0010751 -.0589021
T 7864  1 .6073725E+07   1488000E+01  .2111E+05 -.1767E+06   .9973274  .0352232  .0640111
T 7865  1 .6665405E+07   1488000E+01  .3304E+06  .2177E+06   .9994428  .0285929  .0172200
T 7866  1 .5647518E+07   1488000E+01 -.2478E+05  .1364E+07   .9944819  .0131830  .1040770
T 7867  1 .5897670E+07   1488000E+01 -.7437E+06  .1685E+06   .9871654 -.0995616  .1248680
T 7868  1 .6873995E+07   1488000E+01 -.1384E+06  .4994E+05   .9995541 -.0201406  .0220424
T 7869  1 .6353045E+07   1488000E+01 -.2956E+06 -.9762E+06   .9940115 -.0328338 -.1042265
T 7870  1 .6134903E+07   1488000E+01 -.2152E+06 -.3155E+06   .9980259 -.0311449 -.0545376
T 7871  1 .6163333E+07   1488000E+01 -.3322E+06  .1833E+06   .9994544 -.0285189 -.0166611
T 7872  1 .6440900E+07   1488000E+01  .5476E+05 -.5377E+06   .9997926  .0051412 -.0197075
T 7873  1 .6435645E+07   1488000E+01  .5205E+05  .5677E+06   .9954824  .0092605  .0944937
T 7874  1 .7212850E+07   1488000E+01 -.1967E+06 -.9838E+05   .9998347 -.0016040 -.0181127
T 7875  1 .6537237E+07   1488000E+01 -.5089E+06 -.5323E+06   .9987479 -.0243618 -.0436943
T 7876  1 .6372358E+07   1488000E+01 -.1904E+06  .7452E+06   .9696979 -.0260561  .2429135
T 7877  1 .6490303E+07   1488000E+01 -.1158E+06  .2686E+05   .9961135  .0516340  .0713570
T 7878  1 .6340645E+07   1488000E+01  .3672E+06  .1829E+06   .9954002  .0650945  .0702929
T 7879  1 .6840280E+07   1488000E+01  .4179E+06 -.3363E+06   .9944948  .0362008 -.0983340
T 7880  1 .5992291E+07   1488000E+01 -.7396E+05 -.1322E+06   .9914092 -.1275976 -.0287514
T 7881  1 .6117873E+07   1488000E+01  .3225E+06  .4897E+05   .9986252  .0379581  .0361520
T 7882  1 .6750250E+07   1488000E+01  .2837E+06  .6237E+06   .9942282  .0280879  .1035440
T 7883  1 .6811178E+07   1488000E+01 -.9403E+05 -.5168E+06   .9962289 -.0676110 -.0543754
T 7884  1 .6049793E+07   1488000E+01 -.5722E+06 -.5870E+05   .9731522 -.2177820  .0744702
T 7885  1 .6537406E+07   1488000E+01  .1538E+07  .3878E+06   .9729160  .2305299  .0170410
T 7886  1 .6044448E+07   1488000E+01  .1492E+06 -.1567E+06   .9964901  .0832229  .0090221
T 7887  1 .6679927E+07   1488000E+01 -.4032E+06  .4273E+06   .9980208 -.0455472  .0433586
T 7888  1 .6344504E+07   1488000E+01  .9695E+05 -.1360E+06   .9981897  .0565428  .0205018
T 7889  1 .6284652E+07   1488000E+01 -.2442E+06 -.3738E+06   .9938035 -.1010753 -.0462434
T 7890  1 .6535489E+07   1488000E+01  .6112E+06 -.2650E+06   .9966427  .0818192 -.0029736
T 7891  1 .6501666E+07   1488000E+01 -.4656E+06  .1050E+06   .9984676 -.0541487  .0114203
T 7892  1 .6546612E+07   1488000E+01  .1176E+07 -.1891E+07   .9689499  .1449764 -.2002946
T 7893  1 .6793343E+07   1488000E+01  .1618E+06 -.1677E+06   .9993747  .0222946 -.0274444
T 7894  1 .6391852E+07   1488000E+01  .2420E+05 -.2034E+06   .9985125 -.0206491 -.0504614
T 7895  1 .7033765E+07   1488000E+01  .8510E+05  .2970E+05   .9981153  .0417382 -.0449868
T 7896  1 .6489173E+07   1488000E+01 -.3571E+06  .1559E+06   .9971413 -.0750951 -.0083601
T 7897  1 .6425836E+07   1488000E+01 -.3418E+06  .5076E+05   .9947861 -.0780383  .0656552
T 7898  1 .6693968E+07   1488000E+01  .2155E+06  .2238E+06   .9997038 -.0129874 -.0205816
T 7899  1 .6301437E+07   1488000E+01  .1942E+06  .2207E+06   .9997953  .0155177  .0129863
T 7900  1 .6309494E+07   1488000E+01 -.9227E+05  .1560E+06   .9993938  .0173842 -.0301620
T 7901  1 .6437864E+07   1488000E+01  .2233E+05 -.2338E+06   .9998917 -.0085217 -.0119949
T 7902  1 .5442616E+07   1488000E+01 -.5659E+06 -.3018E+06   .9913304 -.0587458 -.1175289
T 7903  1 .6211637E+07   1488000E+01 -.4887E+06 -.5809E+04   .9983595 -.0510075  .0260106
T 7904  1 .6178205E+07   1488000E+01  .1243E+06 -.1250E+06   .9990553 -.0396141 -.0178658
T 7905  1 .6370382E+07   1488000E+01  .1164E+06 -.3943E+05   .9996617 -.0166407  .0199874
T 7906  1 .6201695E+07   1488000E+01  .5657E+06 -.1841E+06   .9963138  .0816331  .0263589
T 7907  1 .6637780E+07   1488000E+01 -.2875E+05  .3150E+06   .9923873 -.1221384 -.0157993
T 7908  1 .6386049E+07   1488000E+01  .7959E+05  .2283E+06   .9997504  .0199833 -.0099864
T 7909  1 .5952148E+07   1488000E+01  .6056E+05 -.1841E+06   .9984882  .0366528 -.0409616
T 7910  1 .6442421E+07   1488000E+01 -.4199E+06  .4407E+04   .9965304 -.0516309 -.0652796
T 7911  1 .6478308E+07   1488000E+01 -.9821E+06 -.2497E+04   .9898398 -.1073991  .0931806
T 7912  1 .6609337E+07   1488000E+01  .2371E+06  .2476E+06   .9998846  .0001105  .0151890
T 7913  1 .6730844E+07   1488000E+01 -.4037E+06  .4036E+06   .9966150 -.0643993  .0511015
T 7914  1 .6374295E+07   1488000E+01  .7715E+06  .3102E+06   .9943456  .0927786  .0516613
T 7915  1 .6557408E+07   1488000E+01  .3660E+06  .1005E+06   .9996665 -.0242409  .0089013
T 7916  1 .6206595E+07   1488000E+01 -.2917E+06  .3096E+06   .9996644 -.0242632 -.0090762
T 7917  1 .6651643E+07   1488000E+01 -.3878E+05  .3089E+06   .9972164 -.0049920  .0743945
T 7918  1 .6145000E+07   1488000E+01  .3227E+06  .5730E+05   .9985390  .0532520 -.0091698
T 7919  1 .6501118E+07   1488000E+01 -.8963E+05  .1741E+06   .9991837 -.0167107 -.0367800
T 7920  1 .6240546E+07   1488000E+01  .1213E+06 -.2995E+06   .9978548  .0576158 -.0310838
T 7921  1 .5861355E+07   1488000E+01 -.8310E+06 -.6849E+06   .9963673 -.0522705 -.0672302
T 7922  1 .6203007E+07   1488000E+01  .7078E+06 -.4900E+06   .9888632  .1473314 -.0210460
T 7923  1 .6452716E+07   1488000E+01  .3534E+06  .5620E+05   .9993461  .0342751  .0115119
T 7924  1 .6552280E+07   1488000E+01 -.2563E+06 -.6341E+05   .9993977  .0343791 -.0047312
T 7925  1 .6175864E+07   1488000E+01 -.8482E+05 -.1554E+06   .9971226 -.0652679 -.0385575
T 7926  1 .6872605E+07   1488000E+01 -.8886E+06  .3727E+06   .9968386 -.0723776  .0327778
T 7927  1 .7103120E+07   1488000E+01 -.2000E+06  .1595E+06   .9994362 -.0277953  .0188319
T 7928  1 .5958403E+07   1488000E+01  .4268E+06  .7293E+06   .9948845  .0844879  .0553773
T 7929  1 .7048768E+07   1488000E+01 -.4752E+06  .2598E+06   .9992332 -.0125144 -.0371010
T 7930  1 .6395246E+07   1488000E+01 -.1567E+06  .4485E+06   .9985015 -.0301240  .0456873
T 7931  1 .6626271E+07   1488000E+01 -.3283E+06  .1318E+06   .9979118 -.0483428  .0428374
T 7932  1 .6483218E+07   1488000E+01  .1329E+06 -.1694E+06   .9994234  .0310446  .0137504
T 7933  1 .6428057E+07   1488000E+01  .5343E+05 -.1985E+06   .9986738 -.0286737 -.0427597
T 7934  1 .6023577E+07   1488000E+01  .5425E+06 -.1852E+06   .9984061  .0563253 -.0035764
T 7935  1 .6867047E+07   1488000E+01  .6081E+06 -.2178E+06   .9942593  .0919755  .0546706
T 7936  1 .6840562E+07   1488000E+01 -.3211E+06  .3218E+04   .9992319 -.0388212 -.0053353
T 7937  1 .6475235E+07   1488000E+01 -.1744E+06 -.1819E+06   .9967760 -.0796261 -.0098619
T 7938  1 .6224322E+07   1488000E+01  .7875E+05 -.7051E+06   .9928942 -.0194704 -.1173966
T 7939  1 .6627341E+07   1488000E+01  .1667E+06 -.3616E+05   .9997122 -.0199552 -.0133188
T 7940  1 .6455169E+07   1488000E+01 -.5089E+05 -.2975E+06   .9994690 -.0239478 -.0220937
T 7941  1 .6382895E+07   1488000E+01  .4864E+06 -.2185E+06   .9880234  .0577878 -.1430743
T 7942  1 .6437687E+07   1488000E+01 -.1190E+06  .5894E+06   .9994924  .0218781  .0231594
T 7943  1 .6349815E+07   1488000E+01 -.2075E+06  .3417E+06   .9977868 -.0662128 -.0061122
T 7944  1 .6615824E+07   1488000E+01  .1531E+06 -.6789E+06   .9951760  .0128816 -.0972566
T 7945  1 .6708405E+07   1488000E+01  .3268E+06  .1412E+06   .9987635  .0303505  .0393748
T 7946  1 .6478309E+07   1488000E+01 -.8462E+05 -.1615E+06   .9996675 -.0006256 -.0257778
T 7947  1 .6797847E+07   1488000E+01 -.2112E+06 -.1941E+06   .9998915 -.0144462 -.0028741
T 7948  1 .6129326E+07   1488000E+01 -.9138E+05  .1586E+06   .9983757  .0164876  .0545350
T 7949  1 .6305804E+07   1488000E+01 -.1337E+06  .2970E+06   .9938292 -.0248899  .1080926
T 7950  1 .5863309E+07   1488000E+01  .1493E+05  .1721E+06   .9987658 -.0057208  .0493368
T 7951  1 .6374437E+07   1488000E+01  .1430E+07 -.6551E+05   .9849958  .1670192  .0434501
T 7952  1 .6224754E+07   1488000E+01 -.5353E+06 -.7718E+06   .9936467 -.0510702 -.1002897
T 7953  1 .6186049E+07   1488000E+01 -.1061E+06 -.2796E+06   .9993065 -.0156705 -.0337780
T 7954  1 .5829717E+07   1488000E+01 -.1025E+06 -.2117E+06   .9914255  .0811870 -.1023922
T 7955  1 .6424596E+07   1488000E+01  .1520E+07 -.2548E+06   .9898083  .1424025 -.0010452
T 7956  1 .5469785E+07   1488000E+01 -.6594E+05  .1646E+05   .9992655  .0380501 -.0045397
T 7957  1 .6309937E+07   1488000E+01  .3277E+06  .2070E+06   .9982944  .0294458  .0504115
T 7958  1 .6093806E+07   1488000E+01 -.5318E+06  .3740E+06   .9951070 -.0822467  .0547506
T 7959  1 .6185927E+07   1488000E+01  .9839E+05  .7669E+06   .9990574 -.0092174  .0424187
T 7960  1 .6337787E+07   1488000E+01  .4007E+05  .7304E+06   .9969472 -.0271983  .0731884
T 7961  1 .6529262E+07   1488000E+01 -.2726E+06 -.1619E+06   .9986386 -.0137137 -.0503270
T 7962  1 .6903756E+07   1488000E+01  .7652E+04  .6366E+06   .9954141  .0094312  .0951932
T 7963  1 .6569994E+07   1488000E+01 -.5628E+05  .1451E+06   .9999480  .0019229  .0100151
T 7964  1 .6787750E+07   1488000E+01 -.4473E+06  .2670E+06   .9978999 -.0633637  .0134492
T 7965  1 .6326148E+07   1488000E+01  .3619E+06  .1379E+06   .9980152  .0629035  .0029840
T 7966  1 .6333817E+07   1488000E+01  .4427E+06  .4194E+06   .9948138  .0285231  .0976317
T 7967  1 .5856435E+07   1488000E+01  .3069E+06 -.3634E+06   .9943875  .0528594 -.0916480
T 7968  1 .6081885E+07   1488000E+01 -.8222E+05 -.8922E+05   .9996107  .0273294  .0056239
T 7969  1 .6406571E+07   1488000E+01 -.1491E+06  .4247E+06   .9945115 -.0072674  .1043750
T 7970  1 .6511024E+07   1488000E+01 -.1358E+06 -.2421E+06   .9988828 -.0039797 -.0470889
T 7971  1 .6383683E+07   1488000E+01  .4115E+06 -.3903E+06   .9943066  .0928362 -.0523042
T 7972  1 .6505516E+07   1488000E+01  .1908E+06  .3031E+06   .9974602  .0079217  .0707839
T 7973  1 .6316400E+07   1488000E+01  .2212E+06 -.2490E+06   .9995231  .0294394 -.0093236
T 7974  1 .6533670E+07   1488000E+01 -.2102E+06  .2389E+06   .9991892 -.0279289  .0289991
T 7975  1 .6070719E+07   1488000E+01  .5186E+06 -.2260E+06   .9931653 -.0110192 -.1161947
T 7976  1 .6281870E+07   1488000E+01 -.3076E+06  .1930E+06   .9982666 -.0492244  .0322605
T 7977  1 .5477717E+07   1488000E+01  .7302E+05 -.2326E+05   .9986995 -.0499606  .0101588
T 7978  1 .6593123E+07   1488000E+01  .4126E+05 -.3156E+06   .9965627 -.0528612 -.0637840
T 7979  1 .6639367E+07   1488000E+01  .7168E+05 -.2650E+06   .9990898  .0245105 -.0349124
T 7980  1 .6454743E+07   1488000E+01 -.3072E+05 -.2967E+06   .9992618 -.0073827 -.0377003
T 7981  1 .6274258E+07   1488000E+01  .5782E+05 -.7743E+06   .9927956 -.0412922 -.1124801
T 7982  1 .6081344E+07   1488000E+01 -.5009E+06 -.3757E+06   .9968259 -.0779967 -.0159554
T 7983  1 .6212873E+07   1488000E+01 -.3330E+06  .3760E+05   .9958884 -.0874073 -.0237971
T 7984  1 .5858212E+07   1488000E+01 -.4433E+05  .1048E+07   .9958693  .0259376  .0870145
T 7985  1 .6351214E+07   1488000E+01  .7075E+04  .2975E+06   .9995840 -.0160604  .0239550
T 7987  1 .6327099E+07   1488000E+01 -.3467E+05 -.1340E+06   .9995480 -.0300056 -.0018745
T 7988  1 .6711102E+07   1488000E+01 -.2117E+06 -.8503E+05   .9996510 -.0221559  .0143860
T 7989  1 .6426278E+07   1488000E+01 -.5404E+06 -.1196E+06   .9980330 -.0575458 -.0248732
T 7990  1 .6685301E+07   1488000E+01 -.4806E+05  .3497E+06   .9974765 -.0350610  .0617355
T 7991  1 .6872214E+07   1488000E+01 -.4162E+06 -.3849E+05   .9936406 -.0150747 -.1115850
T 7992  1 .6685987E+07   1488000E+01  .1234E+05  .8128E+06   .9928814  .0121595  .1184845
T 7993  1 .6317534E+07   1488000E+01 -.7455E+05  .3452E+06   .9979805  .0272337  .0573862
T 7994  1 .6235090E+07   1488000E+01 -.2796E+06 -.1055E+07   .9933533 -.0114404 -.1145353
T 7995  1 .6304044E+07   1488000E+01 -.2052E+06 -.2336E+06   .9990973 -.0240578 -.0350112
T 7996  1 .6136722E+07   1488000E+01  .5902E+06  .2243E+06   .9994896  .0317669  .0033689
T 7997  1 .6085351E+07   1488000E+01  .5255E+06  .6463E+06   .9938589  .0764388  .0800102
T 7998  1 .5931018E+07   1488000E+01  .4632E+06 -.7568E+06   .9946769  .0620767 -.0822453
T 7999  1 .6613155E+07   1488000E+01 -.1871E+06 -.2385E+06   .9996835 -.0199944 -.0152681
T 8000  1 .6010377E+07   1488000E+01  .4815E+06  .8975E+05   .9980078  .0629063 -.0048096
T 8001  1 .6344416E+07   1488000E+01  .6055E+06  .1151E+06   .9963953  .0845701 -.0066526
T 8002  1 .6285154E+07   1488000E+01  .7172E+05  .5303E+06   .9881871 -.0221356  .1516453
T 8003  1 .6738156E+07   1488000E+01  .1919E+06  .5178E+06   .9974799  .0072138  .0705820
T 8004  1 .6896576E+07   1488000E+01 -.7086E+05 -.1773E+05   .9996736  .0253531  .0031347
T 8005  1 .6400292E+07   1488000E+01 -.5618E+06  .2003E+06   .9953093 -.0731029  .0633662
T 8006  1 .6467134E+07   1488000E+01 -.5038E+06  .1332E+06   .9991722 -.0172342  .0368499
T 8007  1 .6541234E+07   1488000E+01  .5683E+05  .1011E+07   .9971003 -.0213786  .0730340
T 8008  1 .6048997E+07   1488000E+01  .2139E+06 -.7256E+06   .9919836  .0301314 -.1227218
T 8009  1 .6667397E+07   1488000E+01  .1799E+06  .4396E+06   .9899603 -.0039640  .1412904
T 8010  1 .6107900E+07   1488000E+01  .1438E+06 -.8891E+05   .9996962  .0226344 -.0097595
T 8011  1 .6020258E+07   1488000E+01  .4967E+06 -.2428E+06   .9866643  .0987073 -.1294235
T 8012  1 .6627398E+07   1488000E+01 -.2785E+06 -.3819E+06   .9989266 -.0214021 -.0410803
T 8013  1 .5445085E+07   1488000E+01 -.3223E+06  .2813E+06   .9946225 -.1027435 -.0130369
T 8014  1 .6193400E+07   1488000E+01  .7225E+06  .3846E+06   .9859278  .1671597 -.0020194
T 8015  1 .6925122E+07   1488000E+01  .7481E+06  .4366E+06   .9921775  .1021276  .0717899
T 8016  1 .6293818E+07   1488000E+01  .8321E+06  .6486E+04   .9877754  .1549176 -.0173306
T 8017  1 .6356072E+07   1488000E+01  .6486E+05 -.2933E+03   .9997267 -.0106921 -.0207907
T 8018  1 .6542056E+07   1488000E+01  .4561E+06 -.4256E+06   .9951296  .0912033 -.0374049
T 8019  1 .6126333E+07   1488000E+01  .5448E+05 -.1839E+06   .9994806 -.0045547  .0319025
T 8020  1 .6314095E+07   1488000E+01 -.4171E+06  .7886E+05   .9949095 -.0970988  .0269607
T 8021  1 .6262614E+07   1488000E+01 -.1144E+06 -.2452E+06   .9990829  .0004371 -.0428166
T 8022  1 .6238510E+07   1488000E+01  .5699E+05  .1181E+06   .9993849  .0239510 -.0256175
T 8023  1 .6383788E+07   1488000E+01 -.7769E+04 -.3446E+06   .9941188 -.0834687 -.0689991
T 8024  1 .6012424E+07   1488000E+01 -.5180E+06  .7721E+05   .9938257 -.1107272 -.0070658
T 8025  1 .6232521E+07   1488000E+01 -.9584E+05 -.3364E+06   .9982853 -.0027798 -.0584696
T 8026  1 .6827430E+07   1488000E+01  .1648E+06 -.6683E+04   .9992986  .0343138 -.0149960
T 8027  1 .6218359E+07   1488000E+01 -.1520E+06 -.2268E+06   .9967180 -.0128664 -.0799231
T 8028  1 .6276518E+07   1488000E+01 -.2662E+06  .2484E+06   .9958192 -.0021402  .0913212
T 8029  1 .6594250E+07   1488000E+01  .8316E+05 -.7841E+05   .9981467 -.0576420 -.0195082
T 8030  1 .6019631E+07   1488000E+01  .2468E+05  .4477E+01   .9994918  .0189568 -.0256291
T 8031  1 .6855124E+07   1488000E+01  .6555E+06  .1982E+06   .9975512  .0376860  .0589191
T 8032  1 .6517440E+07   1488000E+01 -.2105E+06  .1090E+06   .9955410 -.0811643  .0480682
T 8033  1 .5951626E+07   1488000E+01  .8151E+05 -.1545E+06   .9997220 -.0103362 -.0211934
T 8034  1 .5866837E+07   1488000E+01  .2940E+06 -.3926E+06   .9997027  .0103648 -.0220701
T 8035  1 .6272741E+07   1488000E+01  .1779E+06 -.2352E+06   .9993556  .0250963 -.0256623
T 8036  1 .6685288E+07   1488000E+01  .7360E+06  .5399E+06   .9963344  .0726976  .0450879
T 8037  1 .5913567E+07   1488000E+01 -.3017E+06  .5122E+06   .9970212 -.0303348  .0709118
T 8038  1 .6722233E+07   1488000E+01 -.2682E+06  .5513E+06   .9991481 -.0288846  .0294741
T 8039  1 .6284459E+07   1488000E+01 -.4099E+06  .8278E+06   .9871363 -.0737236  .1418687
T 8040  1 .6722475E+07   1488000E+01 -.5155E+05 -.3259E+05   .9996040  .0212426  .0184551
T 8041  1 .6000930E+07   1488000E+01 -.9849E+05 -.3156E+06   .9999677  .0076508 -.0024703
T 8042  1 .6116400E+07   1488000E+01 -.3606E+06 -.1273E+06   .9931618 -.1128643  .0298561
T 8043  1 .6133867E+07   1488000E+01 -.1069E+06  .8169E+06   .9927031 -.0669954  .1002601
T 8044  1 .6492561E+07   1488000E+01 -.1502E+06  .3637E+05   .9988433 -.0410157  .0250953
T 8045  1 .6056883E+07   1488000E+01 -.7853E+06 -.5661E+06   .9899994 -.1390164 -.0239920
T 8046  1 .6647843E+07   1488000E+01 -.2772E+06  .2666E+06   .9978215 -.0659572  .0013997
T 8047  1 .6916306E+07   1488000E+01  .5065E+04 -.2469E+06   .9992778  .0335673 -.0178068
T 8048  1 .6345125E+07   1488000E+01  .3553E+06 -.3392E+06   .9963165  .0631903 -.0579692
T 8049  1 .6305085E+07   1488000E+01  .1380E+05  .4452E+05   .9984120  .0320644 -.0463175
T 8050  1 .6223194E+07   1488000E+01  .1388E+04  .1244E+07   .9962273 -.0347324  .0795289
T 8051  1 .6368357E+07   1488000E+01  .8317E+06 -.6220E+06   .9933233  .1030607 -.0518395
T 8052  1 .5695965E+07   1488000E+01  .1681E+06  .1826E+06   .9994920 -.0192702  .0253869
T 8053  1 .6739457E+07   1488000E+01 -.7776E+06 -.1901E+06   .9924511 -.1186405 -.0310681
T 8054  1 .6444737E+07   1488000E+01 -.1373E+06  .9885E+05   .9996274 -.0177166  .0207658
T 8055  1 .6600478E+07   1488000E+01  .2474E+06 -.2462E+06   .9964997  .0422453 -.0721368
T 8056  1 .6507363E+07   1488000E+01 -.1651E+06  .3600E+06   .9996979 -.0109802  .0219912
T 8057  1 .6432555E+07   1488000E+01 -.4558E+06  .3054E+06   .9947047 -.0825707  .0611932
T 8058  1 .6486737E+07   1488000E+01 -.9950E+05  .1214E+06   .9989914  .0126275  .0430893
T 8059  1 .6199823E+07   1488000E+01 -.2960E+06 -.3517E+06   .9992695  .0000490 -.0382159
T 8060  1 .6930908E+07   1488000E+01 -.2732E+06  .2665E+06   .9979269 -.0505484  .0398334
T 8061  1 .6466832E+07   1488000E+01 -.1472E+06 -.1742E+06   .9993854 -.0129101  .0325913
T 8062  1 .6979266E+07   1488000E+01  .4573E+06  .4605E+06   .9982844  .0190406  .0553688
T 8063  1 .6214911E+07   1488000E+01  .4735E+05  .6228E+05   .9991946  .0284170  .0283290
T 8064  1 .5910114E+07   1488000E+01  .6964E+05 -.1051E+06   .9997246  .0230057 -.0046263
T 8065  1 .6767826E+07   1488000E+01 -.1767E+06 -.3374E+05   .9987208 -.0502474 -.0056482
T 8066  1 .6352486E+07   1488000E+01 -.2998E+06  .9382E+05   .9979183 -.0643798  .0037849
T 8067  1 .6422797E+07   1488000E+01  .5035E+06 -.6853E+06   .9977025  .0328101 -.0592730
T 8068  1 .6603451E+07   1488000E+01  .7125E+06 -.1076E+07   .9902364  .0892138 -.1071106
T 8069  1 .6327799E+07   1488000E+01  .1596E+06 -.8803E+05   .9941837  .0219582 -.1054357
T 8070  1 .5854847E+07   1488000E+01  .3169E+06  .1563E+06   .9990152  .0111667  .0429402
T 8071  1 .6128188E+07   1488000E+01 -.6090E+06  .2043E+06   .9978681 -.0611041  .0229228
T 8072  1 .6517012E+07   1488000E+01  .3561E+06 -.6979E+06   .9953151 -.0311900 -.0915156
T 8073  1 .6025688E+07   1488000E+01  .4384E+05  .7099E+06   .9966268  .0306277  .0761374
T 8074  1 .7201693E+07   1488000E+01 -.2135E+06 -.1199E+06   .9998837  .0142668  .0053927
T 8075  1 .6667244E+07   1488000E+01  .6002E+06 -.8122E+05   .9998473  .0159290  .0071808
T 8076  1 .6594411E+07   1488000E+01 -.1630E+06 -.4440E+06   .9970098 -.0355681 -.0686035
T 8077  1 .6051291E+07   1488000E+01  .8715E+06 -.2058E+06   .9977391  .0662376 -.0113679
T 8078  1 .5957046E+07   1488000E+01 -.2095E+06 -.3773E+06   .9983595  .0073301 -.0567856
T 8079  1 .6413703E+07   1488000E+01  .1517E+06 -.8444E+05   .9980921  .0398938 -.0471247
T 8080  1 .6231238E+07   1488000E+01 -.2653E+06  .2988E+06   .9994698 -.0043275  .0322715
T 8081  1 .6736326E+07   1488000E+01  .4095E+06 -.5924E+06   .9874925  .1086717 -.1142320
T 8082  1 .6628594E+07   1488000E+01 -.2566E+06 -.4477E+06   .9981753 -.0353321 -.0489671
T 8083  1 .6113874E+07   1488000E+01 -.6803E+05  .3078E+06   .9977209 -.0278149  .0614757
T 8084  1 .6290365E+07   1488000E+01 -.7516E+05 -.7921E+05   .9999675  .0072768  .0034638
T 8085  1 .6607460E+07   1488000E+01  .1278E+06  .1774E+06   .9882047  .1351126 -.0720837
T 8086  1 .6719394E+07   1488000E+01 -.6365E+06 -.9776E+05   .9979878 -.0585978 -.0242204
T 8087  1 .6024114E+07   1488000E+01 -.2191E+06 -.3929E+05   .9994579 -.0272479 -.0184777
T 8088  1 .6543648E+07   1488000E+01  .7916E+05 -.2218E+06   .9992194 -.0321999 -.0228863
T 8089  1 .6825598E+07   1488000E+01  .5242E+06 -.4518E+06   .9960714  .0145586 -.0873485
T 8090  1 .5992722E+07   1488000E+01 -.8130E+06  .1516E+06   .9990748 -.0352332  .0246617
T 8091  1 .6267900E+07   1488000E+01 -.1349E+06  .9889E+05   .9990690 -.0120798  .0414149
T 8092  1 .6577387E+07   1488000E+01 -.1566E+07 -.1176E+07   .9835275 -.1461149 -.1064152
T 8093  1 .5994087E+07   1488000E+01 -.4726E+06 -.1149E+06   .9980773 -.0384998 -.0485743
T 8094  1 .6146013E+07   1488000E+01 -.3072E+06 -.2258E+06   .9993548 -.0082874  .0349473
T 8095  1 .6198376E+07   1488000E+01  .1705E+06 -.7884E+05   .9953018  .0928478 -.0274533
T 8096  1 .6390424E+07   1488000E+01 -.1340E+06 -.4480E+06   .9994756 -.0078448 -.0314175
T 8097  1 .6608279E+07   1488000E+01  .1101E+07  .4272E+05   .9818632  .1854973  .0391831
T 8098  1 .5595077E+07   1488000E+01  .2980E+06  .1565E+06   .9991806  .0403247 -.0034707
T 8099  1 .6113551E+07   1488000E+01  .7649E+04  .1216E+06   .9994200  .0271264  .0205859
T 8100  1 .6977525E+07   1488000E+01  .2901E+06 -.1242E+06   .9977980  .0392085 -.0534963
T 8101  1 .6424612E+07   1488000E+01  .3460E+06 -.2417E+06   .9926533  .0937762 -.0764561
T 8102  1 .6022133E+07   1488000E+01  .1917E+04  .8396E+05   .9997957  .0116880 -.0164922
T 8103  1 .6926463E+07   1488000E+01 -.7333E+05 -.4062E+06   .9978213 -.0186458 -.0632848
T 8104  1 .6680577E+07   1488000E+01 -.3275E+06 -.4999E+05   .9933826 -.1147029 -.0058454
T 8105  1 .6512032E+07   1488000E+01 -.1050E+06  .9181E+05   .9998820 -.0089407  .0124884
T 8106  1 .6175451E+07   1488000E+01 -.1909E+06 -.2395E+06   .9987738  .0084642 -.0487778
T 8107  1 .6547438E+07   1488000E+01 -.9165E+04  .3484E+06   .9986061 -.0224046  .0477894
T 8108  1 .6029923E+07   1488000E+01 -.1891E+06 -.1333E+05   .9823561 -.1409682  .1229001
T 8109  1 .5909180E+07   1488000E+01 -.4196E+06 -.3705E+06   .9969783 -.0481841 -.0609304
T 8110  1 .5681016E+07   1488000E+01  .6654E+06  .2530E+06   .9978399  .0511306  .0412465
T 8111  1 .6588196E+07   1488000E+01  .6517E+06  .1426E+07   .9847456  .0665439  .1607732
T 8112  1 .6167695E+07   1488000E+01 -.3639E+06  .3141E+06   .9997056 -.0183023  .0159295
T 8113  1 .7044983E+07   1488000E+01 -.2149E+06 -.6611E+06   .9910494 -.1198337 -.0588304
T 8114  1 .6589411E+07   1488000E+01  .7307E+06 -.1025E+06   .9847983  .1461862 -.0938189
T 8115  1 .6511529E+07   1488000E+01  .2374E+06  .2306E+06   .9993022  .0215603  .0305014
T 8116  1 .6657710E+07   1488000E+01 -.7520E+05  .3873E+06   .9989123  .0285685  .0368514
T 8117  1 .6458448E+07   1488000E+01 -.1436E+06  .1821E+06   .9999923 -.0004324 -.0039053
T 8118  1 .6860174E+07   1488000E+01  .1418E+06  .8382E+05   .9997634  .0195209  .0096007
T 8119  1 .6643818E+07   1488000E+01 -.2047E+06  .4239E+05   .9999666  .0015083  .0080297
T 8120  1 .6109952E+07   1488000E+01  .3320E+06  .5522E+06   .9963035  .0275760  .0813560
T 8121  1 .6464706E+07   1488000E+01 -.1987E+06  .8089E+05   .9983665  .0221955 -.0526463
T 8122  1 .6713519E+07   1488000E+01 -.3711E+06  .4405E+06   .9983137 -.0417884  .0402924
T 8123  1 .6362131E+07   1488000E+01  .6802E+06  .4696E+06   .9934442  .0929298  .0665779
T 8124  1 .6828006E+07   1488000E+01 -.6940E+06 -.2169E+06   .9978940 -.0468346 -.0448786
T 8125  1 .6982667E+07   1488000E+01  .9785E+05 -.4542E+06   .9974077 -.0381472 -.0610131
T 8126  1 .6495307E+07   1488000E+01 -.4723E+06  .3634E+06   .9986393 -.0491805  .0173428
T 8127  1 .6822767E+07   1488000E+01 -.8542E+05  .1538E+06   .9997124 -.0095221  .0220104
T 8128  1 .6680390E+07   1488000E+01  .2043E+06 -.7156E+05   .9995661  .0194049 -.0221587
T 8129  1 .6592247E+07   1488000E+01 -.5551E+06 -.1822E+06   .9997866  .0032216  .0204060
T 8130  1 .6465991E+07   1488000E+01  .5919E+05  .1485E+06   .9996057 -.0117862 -.0254859
T 8131  1 .6159441E+07   1488000E+01  .1357E+06 -.5663E+06   .9896190  .0231060 -.1418459
T 8132  1 .6093840E+07   1488000E+01 -.5845E+06  .6921E+06   .9946170 -.0335549  .0980357
T 8133  1 .6187493E+07   1488000E+01  .8722E+05 -.2083E+06   .9960793  .0689409 -.0554365
T 8134  1 .7195583E+07   1488000E+01  .2477E+06  .4864E+05   .9971094  .0557791  .0515898
T 8135  1 .6231168E+07   1488000E+01 -.3664E+06  .5690E+06   .9923470 -.0047512  .1233892
T 8136  1 .6101212E+07   1488000E+01  .3615E+06  .2389E+05   .9981698  .0580027  .0171099
T 8137  1 .6012355E+07   1488000E+01  .4587E+05 -.5576E+06   .9959481  .0360873 -.0823715
T 8138  1 .6437311E+07   1488000E+01  .3457E+06 -.7204E+06   .9910832  .0818922 -.1051085
T 8139  1 .5746644E+07   1488000E+01  .1606E+06 -.6231E+06   .9991717 -.0168601 -.0370355
T 8140  1 .5936605E+07   1488000E+01  .8192E+05 -.5935E+05   .9975109  .0246284  .0660717
T 8141  1 .5952980E+07   1488000E+01  .7638E+06 -.1158E+06   .9928289  .1188272 -.0130685
T 8142  1 .6428313E+07   1488000E+01  .3222E+06  .2971E+06   .9983388  .0263637  .0512309
T 8143  1 .6665032E+07   1488000E+01 -.1488E+07  .4570E+06   .9839621 -.1762524  .0274518
T 8144  1 .7079456E+07   1488000E+01  .1946E+05  .4000E+06   .9988912  .0103671  .0459220
T 8145  1 .6391036E+07   1488000E+01 -.3002E+06 -.1003E+06   .9953931 -.0958410  .0026581
T 8146  1 .6349225E+07   1488000E+01 -.3646E+06  .2974E+06   .9968663 -.0641374  .0463036
T 8147  1 .6522159E+07   1488000E+01  .4124E+06  .1416E+06   .9992120  .0272674 -.0288434
T 8148  1 .6212155E+07   1488000E+01  .2812E+06 -.7766E+05   .9998825  .0124510  .0089451
T 8149  1 .6235829E+07   1488000E+01  .1559E+06  .2532E+06   .9982990  .0442460  .0379657
T 8150  1 .5943227E+07   1488000E+01 -.2407E+05  .1819E+05   .9972297 -.0684557  .0290993
T 8151  1 .6187407E+07   1488000E+01 -.9020E+06  .4071E+06   .9904073 -.1296391  .0478230
T 8152  1 .6587202E+07   1488000E+01  .2075E+06  .7224E+05   .9959834  .0423184 -.0789065
T 8153  1 .6288810E+07   1488000E+01 -.8374E+06 -.1593E+06   .9923182 -.1045284 -.0661690
T 8154  1 .5884033E+07   1488000E+01 -.3242E+06 -.6335E+05   .9979284 -.0618938 -.0175538
T 8155  1 .5274216E+07   1488000E+01 -.2569E+06  .2621E+06   .9982249 -.0085954  .0589336
T 8156  1 .5739618E+07   1488000E+01  .6661E+04  .4907E+06   .9970739  .0186593  .0741310
T 8157  1 .6258008E+07   1488000E+01 -.2973E+06 -.2490E+06   .9988701 -.0288958 -.0377308
T 8158  1 .6932775E+07   1488000E+01  .1838E+05 -.1013E+06   .9999337 -.0063651  .0095960
T 8159  1 .7219743E+07   1488000E+01  .9194E+05 -.9603E+05   .9989619  .0053293 -.0452405
T 8160  1 .6196024E+07   1488000E+01  .1802E+06  .5258E+06   .9972055  .0047022  .0745598
T 8161  1 .6501580E+07   1488000E+01  .8075E+05  .1886E+06   .9985292  .0021419 -.0541739
T 8162  1 .6858805E+07   1488000E+01  .2464E+06  .4481E+06   .9999014  .0125429  .0063199
T 8163  1 .6281583E+07   1488000E+01 -.2582E+06  .1491E+06   .9940405 -.0830666  .0705931
T 8164  1 .6263461E+07   1488000E+01 -.1664E+06 -.9346E+06   .9985016 -.0366400 -.0406467
T 8165  1 .6081569E+07   1488000E+01 -.3498E+06 -.2734E+05   .9966424 -.0543123  .0612709
T 8166  1 .6942320E+07   1488000E+01  .3780E+06 -.1316E+06   .9998942  .0037181 -.0140646
T 8167  1 .6225986E+07   1488000E+01  .1663E+06 -.4820E+06   .9977142  .0238726 -.0632181
T 8168  1 .6244432E+07   1488000E+01  .2484E+06  .2660E+06   .9926770  .0828136  .0879453
T 8169  1 .6439254E+07   1488000E+01  .1108E+06 -.1085E+05   .9986258 -.0100958  .0514257
T 8170  1 .6914490E+07   1488000E+01  .3552E+05 -.3638E+06   .9981360 -.0294592 -.0534483
T 8171  1 .5893912E+07   1488000E+01  .9513E+05  .2841E+06   .9942638 -.1052119 -.0192349
T 8172  1 .6648937E+07   1488000E+01 -.3794E+06  .4533E+06   .9972390 -.0618034  .0411659
T 8173  1 .6226977E+07   1488000E+01 -.3614E+06  .1145E+06   .9967628 -.0663027  .0454748
T 8174  1 .6734435E+07   1488000E+01 -.8955E+05 -.1318E+06   .9980284 -.0168914 -.0604482
T 8175  1 .6708863E+07   1488000E+01 -.4375E+06 -.4101E+06   .9975552 -.0677976 -.0169465
T 8176  1 .6431727E+07   1488000E+01  .2507E+06 -.3007E+06   .9990655  .0171277 -.0396827
T 8177  1 .6693753E+07   1488000E+01  .3697E+06 -.7700E+05   .9983559  .0553337  .0149575
T 8178  1 .6451065E+07   1488000E+01 -.2219E+06 -.9201E+05   .9997244 -.0155838  .0175594
T 8179  1 .6333766E+07   1488000E+01 -.3188E+06  .4403E+06   .9950390 -.0148730  .0983679
T 8180  1 .6303807E+07   1488000E+01 -.5224E+06 -.1134E+06   .9964339 -.0799412 -.0269988
T 8181  1 .6224602E+07   1488000E+01  .3343E+06  .1230E+06   .9975569  .0529947 -.0455167
T 8182  1 .6700263E+07   1488000E+01 -.6017E+05  .5701E+06   .9951256  .0125761  .0978099
T 8183  1 .6511126E+07   1488000E+01  .2304E+06 -.5403E+06   .9943819 -.0309971 -.1012119
T 8184  1 .6684662E+07   1488000E+01 -.1572E+06 -.4032E+05   .9986077 -.0517803  .0100767
T 8185  1 .6154916E+07   1488000E+01  .1454E+06 -.2150E+06   .9995464  .0259238 -.0153313
T 8186  1 .7064915E+07   1488000E+01 -.8475E+05  .7476E+06   .9948608  .0321463  .0960140
T 8187  1 .6338475E+07   1488000E+01  .2815E+06 -.6537E+05   .9963117  .0840109  .0174685
T 8188  1 .6233669E+07   1488000E+01 -.7026E+05  .1408E+06   .9997559  .0220885  .0005697
T 8189  1 .5951144E+07   1488000E+01  .6342E+04 -.3720E+06   .9964461  .0021662 -.0842046
T 8190  1 .7025766E+07   1488000E+01 -.5512E+06 -.9119E+05   .9951516 -.0942445  .0281307
T 8191  1 .6114959E+07   1488000E+01 -.1792E+06 -.7264E+05   .9988532 -.0393656  .0272499
T 8192  1 .6327975E+07   1488000E+01  .1835E+06  .1349E+06   .9989750  .0154740  .0425385
T 8193  1 .6677607E+07   1488000E+01  .3350E+06 -.6316E+06   .9989230 -.0064426 -.0459487
T 8194  1 .6734526E+07   1488000E+01 -.1936E+06 -.3770E+06   .9958529 -.0028318 -.0909337
T 8195  1 .6688392E+07   1488000E+01  .3427E+06 -.8829E+06   .9985044  .0153403 -.0524757
T 8196  1 .6673845E+07   1488000E+01  .2729E+06  .9038E+04   .9971290  .0558676  .0511129
T 8197  1 .6412048E+07   1488000E+01  .2423E+06 -.5942E+06   .9962147  .0696037 -.0520738
T 8198  1 .6385416E+07   1488000E+01  .7817E+06  .6596E+06   .9951110  .0634567  .0756788
T 8199  1 .6568250E+07   1488000E+01 -.7623E+06 -.2849E+06   .9957958 -.0913947 -.0061343
T 8200  1 .5921632E+07   1488000E+01 -.2209E+06 -.3492E+05   .9999460 -.0040153 -.0095828
T 8201  1 .6544684E+07   1488000E+01  .5247E+06  .1662E+05   .9961179  .0823642 -.0310690
T 8202  1 .6680220E+07   1488000E+01  .2689E+06 -.3392E+06   .9985863  .0486001 -.0215272
T 8203  1 .6721406E+07   1488000E+01  .3635E+06 -.3229E+06   .9976111  .0188056 -.0664711
T 8204  1 .6196524E+07   1488000E+01  .8165E+05  .2666E+06   .9852628  .1414515  .0961698
T 8205  1 .6719814E+07   1488000E+01  .7475E+05 -.1042E+05   .9977348 -.0003147  .0672691
T 8206  1 .6633748E+07   1488000E+01 -.2494E+06  .1109E+05   .9997135 -.0226300  .0078011
T 8207  1 .6175265E+07   1488000E+01  .8992E+05 -.2071E+06   .9995354 -.0223206 -.0207569
T 8208  1 .6401851E+07   1488000E+01 -.1266E+06  .1605E+07   .9889572 -.0049065  .1481201
T 8209  1 .6463531E+07   1488000E+01  .4545E+06 -.7246E+06   .9925576  .0781586 -.0933846
T 8210  1 .6518047E+07   1488000E+01  .1968E+06 -.1166E+07   .9921110  .0632160 -.1082566
T 8211  1 .6382985E+07   1488000E+01  .1080E+06 -.3100E+06   .9991993  .0128445 -.0378915
T 8212  1 .6462346E+07   1488000E+01 -.2122E+06  .2652E+06   .9984844 -.0526786 -.0159323
T 8213  1 .6204067E+07   1488000E+01  .3109E+06  .8409E+06   .9959530  .0175132  .0881533
T 8214  1 .6067471E+07   1488000E+01 -.2274E+06 -.2121E+06   .9974166  .0577266  .0427519
T 8215  1 .5627598E+07   1488000E+01 -.4536E+06 -.1552E+07   .9825656 -.0942584 -.1602503
T 8216  1 .6241160E+07   1488000E+01 -.1937E+06  .2686E+06   .9974909 -.0216305  .0674089
T 8217  1 .6702896E+07   1488000E+01 -.2857E+06 -.2464E+06   .9993516  .0046357 -.0357061
T 8218  1 .6243847E+07   1488000E+01 -.6088E+06  .1133E+06   .9997506 -.0196749  .0105684
T 8219  1 .6630455E+07   1488000E+01 -.2143E+06  .1420E+06   .9995123  .0226959  .0214476
T 8220  1 .5979729E+07   1488000E+01 -.1672E+06 -.5558E+06   .9921760 -.0412997 -.1178183
T 8221  1 .6273171E+07   1488000E+01  .8218E+05  .1709E+06   .9996236  .0158729  .0223762
T 8222  1 .6645593E+07   1488000E+01 -.1999E+06 -.1116E+06   .9952219  .0159705 -.0963241
T 8223  1 .6165475E+07   1488000E+01 -.1106E+06 -.2093E+06   .9996217 -.0170091 -.0216151
T 8224  1 .6594920E+07   1488000E+01  .1610E+06 -.1754E+06   .9988178 -.0426226  .0233726
T 8225  1 .6199385E+07   1488000E+01 -.5547E+05 -.3336E+06   .9996504 -.0218166 -.0149345
T 8226  1 .6384878E+07   1488000E+01  .2648E+06  .2342E+06   .9993778  .0253461  .0245289
T 8227  1 .6360729E+07   1488000E+01  .1359E+06  .8353E+06   .9908131  .0722643  .1143124
T 8228  1 .6069790E+07   1488000E+01  .6244E+06 -.2014E+06   .9931210  .0975833 -.0647156
T 8229  1 .6959309E+07   1488000E+01  .2549E+05  .2673E+06   .9999808 -.0046126  .0041303
T 8230  1 .6549887E+07   1488000E+01 -.1205E+06 -.4005E+06   .9962526  .0618124 -.0604971
T 8231  1 .6396147E+07   1488000E+01  .1343E+06  .2489E+06   .9983258  .0140825  .0560999
T 8232  1 .6244197E+07   1488000E+01 -.8918E+05 -.8095E+04   .9960294 -.0703488  .0545580
T 8233  1 .6431356E+07   1488000E+01  .1962E+05 -.1469E+06   .9997563 -.0163830  .0147973
T 8234  1 .6081637E+07   1488000E+01  .2247E+05  .1767E+05   .9993938  .0147578 -.0315309
T 8235  1 .6500908E+07   1488000E+01 -.1672E+05  .8245E+05   .9999168  .0127739 -.0017996
T 8236  1 .6359998E+07   1488000E+01  .7968E+06 -.1184E+07   .9889822  .0697061 -.1305961
T 8237  1 .6681495E+07   1488000E+01 -.2028E+06  .1319E+06   .9977820 -.0662159 -.0068240
T 8238  1 .5933240E+07   1488000E+01  .1886E+06 -.6149E+06   .9930280  .0743341 -.0914865
T 8239  1 .6492196E+07   1488000E+01  .6654E+05  .1348E+05   .9993729  .0353640 -.0017948
T 8240  1 .6588638E+07   1488000E+01 -.4664E+06 -.6798E+06   .9961354 -.0371883 -.0795690
T 8241  1 .6619890E+07   1488000E+01 -.2068E+06  .2544E+06   .9993358  .0021852  .0363756
T 8242  1 .6419985E+07   1488000E+01  .6536E+05  .2566E+06   .9991981 -.0294845  .0270873
T 8243  1 .6302936E+07   1488000E+01 -.3905E+05  .1196E+06   .9997519 -.0186142 -.0122335
T 8244  1 .6171090E+07   1488000E+01  .1787E+06  .2463E+06   .9987575 -.0133204  .0480209
T 8245  1 .6319325E+07   1488000E+01 -.7668E+06  .7916E+06   .9880350 -.1338574  .0766094
T 8246  1 .6604559E+07   1488000E+01  .5396E+06  .7877E+06   .9913032  .0647238  .1145809
T 8247  1 .6335602E+07   1488000E+01  .5339E+06  .1175E+06   .9979297  .0618034 -.0177966
T 8248  1 .6355811E+07   1488000E+01  .1788E+06 -.4909E+05   .9987445  .0055234 -.0497895
T 8249  1 .6087411E+07   1488000E+01 -.6491E+06 -.6277E+06   .9961406 -.0494235 -.0725336
T 8250  1 .6431955E+07   1488000E+01 -.1561E+06  .1436E+06   .9993968 -.0278052  .0208055
T 8251  1 .6142545E+07   1488000E+01 -.8877E+05  .9167E+06   .9756125 -.0153687  .2189615
T 8252  1 .6410285E+07   1488000E+01 -.4010E+06  .1347E+06   .9996943 -.0206683  .0135693
T 8253  1 .6394164E+07   1488000E+01  .4843E+05  .2946E+06   .9987695  .0289218 -.0402865
T 8254  1 .6636587E+07   1488000E+01  .6995E+06  .3719E+05   .9977384  .0665626 -.0093514
T 8255  1 .6154309E+07   1488000E+01  .5406E+06  .2075E+06   .9927489  .1167424  .0286519
T 8256  1 .6067159E+07   1488000E+01 -.2240E+06  .4066E+06   .9998740  .0082385  .0135697
T 8257  1 .6042394E+07   1488000E+01 -.2632E+06  .2593E+05   .9995337 -.0167323 -.0255440
T 8258  1 .5872900E+07   1488000E+01 -.4196E+05 -.2465E+05   .9997032  .0233614  .0069045
T 8259  1 .6384427E+07   1488000E+01 -.6285E+06  .1594E+06   .9970385 -.0763939  .0088426
T 8260  1 .6392803E+07   1488000E+01 -.1781E+04  .6894E+05   .9997736  .0059362  .0204336
T 8261  1 .6214868E+07   1488000E+01  .1822E+05 -.3409E+06   .9936393  .0410557 -.1048592
T 8262  1 .6986597E+07   1488000E+01  .2109E+06  .4763E+04   .9999213  .0013622  .0124696
T 8263  1 .6604257E+07   1488000E+01  .4948E+06  .2879E+06   .9922680  .1165519  .0426595
T 8264  1 .6310637E+07   1488000E+01 -.6970E+06 -.7958E+06   .9872414 -.1092415 -.1158473
T 8265  1 .6162121E+07   1488000E+01 -.4205E+06  .3025E+06   .9954787 -.0758010  .0572392
T 8266  1 .6734987E+07   1488000E+01  .4631E+06  .4018E+06   .9963858  .0642912  .0555153
T 8267  1 .6561439E+07   1488000E+01 -.4053E+06  .1859E+06   .9988064 -.0458973  .0167125
T 8268  1 .6952797E+07   1488000E+01 -.1067E+06  .3514E+06   .9979935 -.0316580  .0548333
T 8269  1 .6603581E+07   1488000E+01 -.2029E+06 -.3787E+05   .9990505 -.0432757 -.0050303
T 8270  1 .6725078E+07   1488000E+01 -.2507E+06  .4243E+06   .9994759 -.0304074  .0111019
T 8271  1 .6744033E+07   1488000E+01 -.2896E+06  .3625E+06   .9982171 -.0478998  .0356123
T 8272  1 .6777618E+07   1488000E+01 -.6332E+06 -.1985E+06   .9925578 -.1216587 -.0053020
T 8273  1 .6567316E+07   1488000E+01 -.3924E+06 -.2347E+06   .9959030 -.0827371 -.0364924
T 8274  1 .5947905E+07   1488000E+01  .3539E+05 -.8629E+05   .9988362  .0014940 -.0482075
T 8275  1 .5575337E+07   1488000E+01  .9291E+06 -.1147E+05   .9948996  .0974285  .0261247
T 8276  1 .6657469E+07   1488000E+01  .2761E+06 -.1507E+06   .9992903  .0311335 -.0212029
T 8277  1 .6620639E+07   1488000E+01  .2260E+06 -.2145E+06   .9988918  .0461183 -.0094005
T 8278  1 .6063466E+07   1488000E+01  .3844E+06 -.6526E+05   .6806783  .6516653  .3346781
T 8279  1 .5937833E+07   1488000E+01 -.6198E+06 -.3866E+06   .9951876 -.0941236 -.0272451
T 8280  1 .6216935E+07   1488000E+01  .4873E+06 -.6724E+06   .9917030  .0538582 -.1167239
T 8281  1 .6225085E+07   1488000E+01 -.2646E+06 -.3418E+06   .9994992  .0080775 -.0305960
T 8282  1 .6251383E+07   1488000E+01  .2075E+06 -.4631E+06   .9942379  .1063294 -.0136000
T 8283  1 .6199314E+07   1488000E+01 -.1155E+06  .2715E+06   .9998650 -.0106914  .0124747
T 8284  1 .6592936E+07   1488000E+01  .1040E+06 -.1271E+07   .9947379  .0518874 -.0883419
T 8285  1 .6799917E+07   1488000E+01 -.1394E+06  .3024E+05   .9989013  .0270818  .0382453
T 8286  1 .6404636E+07   1488000E+01  .8871E+03 -.9703E+05   .9995007 -.0135848 -.0285274
T 8287  1 .5852523E+07   1488000E+01 -.1886E+06  .6190E+06   .9973351 -.0103835  .0722145
T 8288  1 .6632085E+07   1488000E+01  .3570E+06 -.3208E+06   .9960206  .0499757 -.0737924
T 8289  1 .6389122E+07   1488000E+01 -.3160E+06  .2107E+05   .9999782  .0064023 -.0016462
T 8290  1 .6600439E+07   1488000E+01 -.2178E+06  .5988E+06   .9310994 -.0257668  .3638545
T 8291  1 .6705310E+07   1488000E+01  .1271E+06 -.6252E+06   .9985982  .0163916 -.0503284
T 8292  1 .6717759E+07   1488000E+01  .3594E+06 -.3828E+06   .9856445  .1398221 -.0946290
T 8293  1 .5662022E+07   1488000E+01 -.6545E+06 -.1563E+06   .9985635 -.0341879 -.0412575
T 8294  1 .6173818E+07   1488000E+01  .4602E+06 -.1018E+05   .9998212  .0172955 -.0076409
T 8295  1 .6392057E+07   1488000E+01  .7107E+06 -.6445E+06   .9969264  .0573644 -.0533571
T 8296  1 .6255592E+07   1488000E+01  .5246E+06 -.2526E+06   .9996093  .0279205 -.0013326
T 8297  1 .6918751E+07   1488000E+01  .7504E+05 -.1538E+06   .9992321 -.0251714 -.0300277
T 8298  1 .6714754E+07   1488000E+01  .4669E+06 -.6785E+05   .9944103  .1041034  .0176249
T 8299  1 .6190249E+07   1488000E+01 -.2382E+06 -.4789E+06   .9961524 -.0699399 -.0528085
T 8300  1 .6771791E+07   1488000E+01  .3970E+06 -.1273E+06   .9990323  .0408592  .0162759
T 8301  1 .6120374E+07   1488000E+01  .1876E+06 -.2936E+06   .9890466  .1223071 -.0826302
T 8302  1 .6212522E+07   1488000E+01 -.4593E+05  .4931E+05   .9994700 -.0317614  .0071369
T 8303  1 .6954115E+07   1488000E+01 -.3322E+06 -.3636E+05   .9974589 -.0560093 -.0440310
T 8304  1 .6788949E+07   1488000E+01  .4189E+05  .1560E+06   .9956420 -.0437392  .0823646
T 8305  1 .6191208E+07   1488000E+01  .3010E+06 -.1755E+06   .9993891  .0342659  .0068741
T 8306  1 .6544148E+07   1488000E+01  .6158E+05  .1347E+06   .9992241  .0231872  .0318361
T 8307  1 .6922064E+07   1488000E+01 -.2575E+05  .2771E+06   .9973225 -.0404089  .0609505
T 8308  1 .6215029E+07   1488000E+01  .7309E+05  .8203E+05   .9994824 -.0082019 -.0311057
T 8309  1 .6111176E+07   1488000E+01  .4256E+05  .2187E+06   .9975915  .0133164  .0680718
T 8310  1 .6428538E+07   1488000E+01  .1221E+06  .4831E+06   .9990819 -.0367446  .0220251
T 8311  1 .6130022E+07   1488000E+01 -.2424E+06 -.2421E+06   .9973788 -.0089521 -.0718009
T 8312  1 .6597589E+07   1488000E+01 -.4767E+06  .5887E+06   .9975814 -.0506289  .0476241
T 8313  1 .6362757E+07   1488000E+01 -.1208E+05 -.4907E+06   .9974304  .0258567 -.0668141
T 8314  1 .6959219E+07   1488000E+01  .1304E+06  .7075E+05   .9977916  .0649575  .0138722
T 8315  1 .6445367E+07   1488000E+01 -.2141E+06  .7072E+05   .9980762  .0612690  .0094887
T 8316  1 .6309605E+07   1488000E+01 -.2593E+06  .2684E+06   .9987627 -.0147522  .0474918
T 8317  1 .6328627E+07   1488000E+01 -.3430E+06  .1754E+06   .9944970 -.0824121  .0646834
T 8318  1 .6100196E+07   1488000E+01  .3417E+06  .8945E+05   .9972728  .0633008  .0379481
T 8319  1 .6345628E+07   1488000E+01 -.3026E+06  .8213E+05   .9960593 -.0837114  .0292963
T 8320  1 .6023525E+07   1488000E+01 -.1332E+05 -.9138E+05   .9982562  .0191322 -.0558429
T 8321  1 .6099385E+07   1488000E+01 -.4825E+05  .1962E+04   .9936868  .0920009 -.0642057
T 8322  1 .6322928E+07   1488000E+01 -.6440E+06  .7447E+05   .9932156 -.1131180  .0269650
T 8323  1 .6581349E+07   1488000E+01  .3497E+06 -.2563E+06   .9968715  .0457174 -.0644756
T 8324  1 .6461627E+07   1488000E+01 -.4529E+05  .1126E+05   .9999777 -.0015007  .0065133
T 8325  1 .6343059E+07   1488000E+01  .3133E+05  .2525E+06   .9961030 -.0196391  .0859832
T 8326  1 .6476459E+07   1488000E+01  .7670E+06 -.3554E+06   .9985132  .0495532 -.0227147
T 8327  1 .6226270E+07   1488000E+01  .1086E+06 -.1018E+06   .9972246 -.0546265 -.0505877
T 8328  1 .6158428E+07   1488000E+01  .3844E+06  .4677E+06   .9981380  .0162969  .0587786
T 8329  1 .6400017E+07   1488000E+01 -.9967E+06 -.4727E+05   .9934894 -.1139241  .0004186
T 8330  1 .6621021E+07   1488000E+01  .1293E+06 -.7152E+03   .9802356  .1781111 -.0861080
T 8331  1 .6629653E+07   1488000E+01 -.2864E+05 -.1870E+06   .9978685 -.0589788 -.0279294
T 8332  1 .6383501E+07   1488000E+01 -.7709E+05  .5803E+06   .9912570 -.0166597  .1308890
T 8333  1 .5844073E+07   1488000E+01 -.4017E+06 -.5363E+06   .9988615 -.0455078 -.0143080
T 8334  1 .6218556E+07   1488000E+01 -.2763E+06  .1321E+06   .9997924 -.0166909 -.0116825
T 8335  1 .6695215E+07   1488000E+01 -.3294E+06 -.1857E+06   .9993385 -.0363278 -.0016678
T 8336  1 .6081698E+07   1488000E+01  .1667E+07  .1288E+07   .9656823  .1960015  .1704147
T 8337  1 .6397961E+07   1488000E+01  .3566E+06  .1390E+06   .9968936  .0226204  .0754424
T 8338  1 .6771989E+07   1488000E+01 -.3323E+06 -.7584E+05   .9973475 -.0491603 -.0536771
T 8339  1 .6173768E+07   1488000E+01 -.1213E+07 -.4112E+05   .9813895 -.1915553  .0134617
T 8340  1 .6404052E+07   1488000E+01 -.7487E+05 -.3619E+06   .9988035 -.0369924 -.0319879
T 8341  1 .6001910E+07   1488000E+01 -.3149E+06  .2156E+06   .9985089 -.0544990  .0031319
T 8342  1 .6096804E+07   1488000E+01  .8669E+06 -.5520E+05   .9966193  .0820794 -.0035898
T 8343  1 .6425459E+07   1488000E+01 -.2673E+06  .2256E+06   .9968766 -.0463600  .0639365
T 8344  1 .6020516E+07   1488000E+01  .7630E+05 -.3288E+06   .9949051  .1008149 -.0005415
T 8345  1 .6717884E+07   1488000E+01  .1842E+06 -.8165E+05   .9992300  .0331501  .0209870
T 8346  1 .5805901E+07   1488000E+01 -.4733E+06 -.4664E+06   .9981874 -.0576213  .0173716
T 8347  1 .5993680E+07   1488000E+01  .2272E+07 -.2210E+07   .9640976  .1757781 -.1990422
T 8348  1 .6511171E+07   1488000E+01  .9970E+05 -.2153E+06   .9989498 -.0167840  .0426326
T 8349  1 .6253738E+07   1488000E+01  .1479E+06  .2386E+06   .9985689  .0011216  .0534679
T 8350  1 .6366412E+07   1488000E+01 -.3496E+06 -.9570E+04   .9966074  .0550403 -.0611907
T 8351  1 .6749815E+07   1488000E+01 -.2906E+06 -.3896E+05   .9976310 -.0656373 -.0205935
T 8352  1 .6335425E+07   1488000E+01 -.1295E+06 -.3434E+06   .9942025 -.0970475 -.0462952
T 8353  1 .5936741E+07   1488000E+01  .3858E+05 -.3008E+06   .9974556 -.0061484 -.0710243
T 8354  1 .6013712E+07   1488000E+01  .4136E+06 -.1588E+06   .9974627  .0641515 -.0308674
T 8355  1 .6341832E+07   1488000E+01 -.1897E+06 -.2944E+06   .9986731 -.0514969  .0003088
T 8356  1 .7045439E+07   1488000E+01  .4532E+06  .1409E+06   .9983043  .0581620  .0023814
T 8357  1 .5814237E+07   1488000E+01 -.2656E+06  .1056E+06   .9951736 -.0770536  .0607639
T 8358  1 .6461326E+07   1488000E+01 -.2165E+06  .1627E+06   .9991928  .0025025 -.0400923
T 8359  1 .5923493E+07   1488000E+01 -.1200E+06 -.1349E+06   .9960172  .0117538 -.0883828
T 8360  1 .6542197E+07   1488000E+01 -.1716E+06 -.5528E+05   .9988206  .0187794 -.0447751
T 8361  1 .6544944E+07   1488000E+01 -.3351E+06 -.2335E+06   .9966379 -.0819320 -.0001881
T 8362  1 .6603094E+07   1488000E+01 -.2097E+05 -.2261E+06   .9996459 -.0074305  .0255518
T 8363  1 .6413223E+07   1488000E+01  .7520E+04  .9193E+06   .9880216 -.0075987  .1541287
T 8364  1 .6147953E+07   1488000E+01 -.1169E+06 -.2185E+06   .9979850 -.0580773 -.0255548
T 8365  1 .6686302E+07   1488000E+01  .7206E+05  .1070E+06   .9994620 -.0159338  .0286658
T 8366  1 .6009536E+07   1488000E+01  .5511E+06  .2204E+06   .9996349  .0270163 -.0003613
T 8367  1 .6128868E+07   1488000E+01 -.2691E+06 -.2032E+06   .9939263 -.1050338 -.0328384
T 8368  1 .7125647E+07   1488000E+01  .5103E+05  .1663E+05   .9888946  .0613960 -.1353438
T 8369  1 .5926446E+07   1488000E+01  .3625E+05  .2186E+06   .9982120 -.0383323  .0458633
T 8370  1 .6000844E+07   1488000E+01 -.2068E+06 -.3286E+06   .9944929 -.0510764 -.0915154
T 8371  1 .6463453E+07   1488000E+01 -.2640E+06 -.3188E+05   .9990414 -.0429737  .0083342
T 8372  1 .6274970E+07   1488000E+01 -.2909E+06  .8168E+06   .9895185 -.0730979  .1245383
T 8373  1 .5951263E+07   1488000E+01 -.2777E+06  .5043E+05   .9980733 -.0613659 -.0091646
T 8374  1 .6582819E+07   1488000E+01  .3264E+06 -.2243E+06   .9998256  .0041450  .0182113
T 8375  1 .6057795E+07   1488000E+01 -.2213E+06 -.3944E+06   .9955244  .0143842 -.0934032
T 8376  1 .6208336E+07   1488000E+01  .3342E+06 -.4122E+06   .9982403  .0402413 -.0435547
T 8377  1 .6257068E+07   1488000E+01 -.7127E+06 -.8311E+05   .9978374 -.0651023  .0090660
T 8378  1 .6524170E+07   1488000E+01 -.1675E+06  .1766E+06   .9967941 -.0792570  .0109501
T 8379  1 .6514027E+07   1488000E+01  .8320E+05  .3363E+06   .9994987  .0256454  .0185644
T 8380  1 .6400413E+07   1488000E+01  .6083E+05  .2050E+06   .9895257  .0647825  .1290046
T 8381  1 .5794837E+07   1488000E+01 -.4415E+06 -.7221E+06   .9914613 -.1021110 -.0811043
T 8382  1 .6243023E+07   1488000E+01  .7616E+05  .2813E+06   .9998237  .0062725  .0176955
T 8383  1 .6467881E+07   1488000E+01  .2258E+06  .1734E+06   .9995616 -.0147104  .0256936
T 8384  1 .6446618E+07   1488000E+01 -.1590E+06 -.9363E+06   .9997657 -.0204942 -.0069693
T 8385  1 .6654228E+07   1488000E+01  .8150E+05  .3096E+06   .9991267  .0106469  .0404043
T 8386  1 .6474637E+07   1488000E+01 -.3539E+06 -.1134E+06   .9984392 -.0557683  .0030121
T 8387  1 .6334107E+07   1488000E+01 -.2358E+06 -.1833E+06   .9974661 -.0176730 -.0689134
T 8388  1 .5984953E+07   1488000E+01 -.1155E+06  .3710E+06   .9946633 -.0114385  .1025379
T 8389  1 .6393758E+07   1488000E+01 -.1210E+05 -.4003E+06   .9952250  .0249077 -.0943763
T 8390  1 .6168177E+07   1488000E+01  .7484E+06 -.3180E+06   .9970614  .0555295 -.0527739
T 8391  1 .6345683E+07   1488000E+01  .7221E+05  .9521E+06   .9834791  .1184211  .1369136
T 8392  1 .6192165E+07   1488000E+01  .9988E+05  .1543E+06   .9990573 -.0077363  .0427167
T 8393  1 .6394167E+07   1488000E+01  .6569E+05 -.3752E+06   .9968928  .0430899 -.0659397
T 8394  1 .6416535E+07   1488000E+01 -.3134E+05  .2834E+06   .9999485  .0100625 -.0013357
T 8395  1 .6679496E+07   1488000E+01 -.1198E+06 -.5177E+05   .9978031 -.0607114  .0265167
T 8396  1 .6218359E+07   1488000E+01  .3672E+06 -.3967E+06   .9903896  .0406153 -.1322078
T 8397  1 .5999814E+07   1488000E+01  .6784E+06 -.8505E+05   .9937189  .1098139 -.0215338
T 8398  1 .6361722E+07   1488000E+01  .3074E+06 -.2331E+06   .9990789  .0293873 -.0312688
T 8399  1 .6435984E+07   1488000E+01 -.5120E+06 -.8399E+06   .9808732 -.1392638 -.1359904
T 8400  1 .6208813E+07   1488000E+01  .1873E+06  .4418E+06   .9995154 -.0044389  .0308085
T 8401  1 .6535541E+07   1488000E+01  .3658E+05  .7518E+06   .9992151  .0111657  .0380068
T 8402  1 .6458977E+07   1488000E+01  .3145E+06  .2241E+06   .9986709 -.0196696  .0476396
T 8403  1 .6389596E+07   1488000E+01 -.5950E+05 -.4677E+06   .9995577  .0029880 -.0295888
T 8404  1 .6548062E+07   1488000E+01  .4292E+06  .3688E+06   .9970628  .0492062  .0586905
T 8405  1 .6704254E+07   1488000E+01 -.4131E+06 -.6089E+05   .9974182 -.0655883 -.0292425
T 8406  1 .6456366E+07   1488000E+01 -.1135E+06  .3628E+06   .9980466  .0613088  .0120063
T 8407  1 .6231124E+07   1488000E+01  .1752E+06  .2315E+06   .9983728  .0566422  .0065939
T 8408  1 .6520917E+07   1488000E+01  .3379E+06  .6217E+06   .9979945  .0157391  .0613127
T 8409  1 .5766437E+07   1488000E+01  .3623E+06  .7379E+05   .9959986  .0875731 -.0178228
T 8410  1 .7055219E+07   1488000E+01 -.2975E+06  .2481E+04   .9993349 -.0176182 -.0319272
T 8411  1 .6225802E+07   1488000E+01 -.4191E+06 -.2624E+06   .9999508  .0089379 -.0042949
T 8412  1 .6182784E+07   1488000E+01  .4168E+06 -.6015E+06   .9967053  .0523559 -.0619469
T 8413  1 .6758231E+07   1488000E+01  .4183E+05 -.1181E+04   .9970861  .0170315 -.0743587
T 8414  1 .6345442E+07   1488000E+01  .1223E+07 -.9190E+05   .9941452  .1054825 -.0234249
T 8415  1 .6331571E+07   1488000E+01 -.8834E+05 -.8159E+06   .9950284  .0230500 -.0968876
T 8416  1 .6685760E+07   1488000E+01  .1140E+05 -.2070E+06   .9971726 -.0239544 -.0712252
T 8417  1 .6671054E+07   1488000E+01 -.3668E+05 -.4385E+06   .9997029 -.0112015 -.0216479
T 8418  1 .6888554E+07   1488000E+01  .4802E+05  .1177E+06   .9999982 -.0005758  .0018143
T 8419  1 .7028334E+07   1488000E+01 -.1404E+06  .9858E+05   .9990751 -.0129255  .0410118
T 8420  1 .6216922E+07   1488000E+01 -.1163E+07 -.1149E+07   .9854515 -.1224970 -.1178124
T 8421  1 .7065202E+07   1488000E+01  .5326E+06  .2048E+06   .9970754  .0727648 -.0233649
T 8422  1 .6102293E+07   1488000E+01 -.8765E+05  .1625E+06   .9998701 -.0075906 -.0142203
T 8423  1 .6880881E+07   1488000E+01  .3893E+06  .9727E+06   .9922093  .0400147  .1179812
T 8424  1 .6210916E+07   1488000E+01 -.5616E+06  .1576E+06   .9990010 -.0260686  .0362951
T 8425  1 .6513903E+07   1488000E+01  .5474E+06  .3665E+06   .9967462  .0653014  .0472513
T 8426  1 .6902461E+07   1488000E+01  .1935E+06 -.2508E+06   .9996092  .0097122  .0262122
T 8427  1 .6649111E+07   1488000E+01 -.3761E+06  .3458E+05   .9987287 -.0403594  .0302008
T 8428  1 .7047263E+07   1488000E+01 -.3636E+06  .1210E+06   .9995159 -.0182586  .0251924
T 8429  1 .6026402E+07   1488000E+01 -.1241E+06 -.4254E+06   .9998060 -.0163663  .0109597
T 8430  1 .6259839E+07   1488000E+01 -.1066E+06 -.9530E+06   .9953519 -.0323124 -.0907217
T 8431  1 .6381914E+07   1488000E+01  .4832E+06 -.3246E+06   .9927600  .0906675 -.0787844
T 8432  1 .6025971E+07   1488000E+01  .6376E+06  .5136E+06   .9932008  .0841724  .0804191
T 8433  1 .6087759E+07   1488000E+01  .4544E+06  .2994E+06   .9989958  .0434737 -.0108380
T 8434  1 .6144387E+07   1488000E+01 -.1037E+07 -.9375E+05   .9915099 -.1275473  .0252946
T 8435  1 .5915711E+07   1488000E+01 -.1434E+06  .7859E+06   .9896036 -.0973132  .1059000
T 8436  1 .6501769E+07   1488000E+01  .3694E+06  .4101E+06   .9974570  .0264999  .0661609
T 8437  1 .6422224E+07   1488000E+01  .1500E+03  .2582E+06   .9999156 -.0129638  .0008795
T 8438  1 .6755149E+07   1488000E+01  .1799E+06 -.2436E+06   .9966911  .0745127 -.0324778
T 8439  1 .6612982E+07   1488000E+01  .2782E+06  .3257E+06   .9962007  .0667249  .0559638
T 8440  1 .6419226E+07   1488000E+01  .1529E+06 -.8233E+05   .9994520  .0156022 -.0291934
T 8441  1 .6208846E+07   1488000E+01  .1223E+07 -.5600E+06   .9899834  .1282126 -.0591125
T 8442  1 .6834919E+07   1488000E+01 -.3391E+05 -.1531E+06   .9997444 -.0033004 -.0223659
T 8443  1 .6224512E+07   1488000E+01  .9865E+04 -.3368E+06   .9993712  .0004364 -.0354538
T 8444  1 .6365607E+07   1488000E+01  .2592E+06 -.2422E+06   .9979701  .0592778 -.0232770
T 8445  1 .6693217E+07   1488000E+01  .1920E+06 -.4095E+05   .9970528 -.0755353 -.0134241
T 8446  1 .6402160E+07   1488000E+01  .8791E+06 -.1069E+07   .9872527  .1070921 -.1177430
T 8447  1 .6301250E+07   1488000E+01 -.4880E+05 -.5754E+06   .9945553 -.0053116 -.1040750
T 8448  1 .6015143E+07   1488000E+01  .2765E+06  .4718E+06   .9963822  .0552319  .0645903
T 8449  1 .6826593E+07   1488000E+01  .1620E+05 -.8995E+06   .9957414  .0051301 -.0920472
T 8450  1 .6265273E+07   1488000E+01  .1987E+06  .1543E+06   .9978330  .0580752 -.0309272
T 8451  1 .5929821E+07   1488000E+01 -.4505E+05 -.4894E+06   .9996638  .0004855 -.0259231
T 8452  1 .6804330E+07   1488000E+01 -.3013E+06  .3851E+06   .9981875  .0175232  .0575732
T 8453  1 .6043831E+07   1488000E+01  .2946E+06 -.4495E+06   .9987117  .0465132 -.0202839
T 8454  1 .6486742E+07   1488000E+01 -.3200E+06 -.1445E+06   .9989797 -.0430740 -.0135712
T 8455  1 .6992222E+07   1488000E+01 -.3272E+06  .3856E+05   .9945182 -.0843716 -.0617657
T 8456  1 .6146639E+07   1488000E+01 -.1620E+06 -.2220E+06   .9978059  .0552660 -.0364575
T 8457  1 .6459044E+07   1488000E+01 -.1076E+06  .1711E+06   .9982040 -.0385592  .0458482
T 8458  1 .6266705E+07   1488000E+01 -.1315E+06 -.9082E+06   .9907660 -.0576832 -.1227001
T 8459  1 .6062413E+07   1488000E+01 -.4084E+06 -.6255E+06   .9966772 -.0733784 -.0353574
T 8460  1 .6539376E+07   1488000E+01  .6808E+06 -.9884E+05   .9944160  .1054437  .0042931
T 8461  1 .6365193E+07   1488000E+01 -.2449E+06 -.3650E+06   .9988740 -.0309016 -.0359989
T 8462  1 .6119618E+07   1488000E+01 -.2927E+07  .1940E+06   .9260134 -.3766984  .0244445
T 8463  1 .6417191E+07   1488000E+01  .4305E+06  .5849E+06   .9943836  .0467817  .0949357
T 8464  1 .6315280E+07   1488000E+01  .3425E+06  .3378E+05   .9943891  .1057367  .0031666
T 8465  1 .6402838E+07   1488000E+01 -.3811E+06 -.1467E+06   .9975131 -.0416417 -.0568646
T 8466  1 .6646857E+07   1488000E+01 -.1214E+06  .1664E+06   .9945826 -.0944362  .0434424
T 8467  1 .6239486E+07   1488000E+01  .1589E+06  .2003E+06   .9995247  .0226920  .0208668
T 8468  1 .6820659E+07   1488000E+01  .4089E+06 -.2780E+05   .9989221  .0222651  .0407298
T 8469  1 .6616836E+07   1488000E+01 -.5407E+06  .1003E+06   .9998465 -.0154394  .0082797
T 8470  1 .6832574E+07   1488000E+01  .2252E+06  .2963E+06   .9988629 -.0010802  .0476622
T 8471  1 .6239690E+07   1488000E+01 -.3177E+06  .1055E+04   .9997632 -.0131819  .0173159
T 8472  1 .6858201E+07   1488000E+01  .1036E+06 -.2698E+06   .9987690  .0238510 -.0434921
T 8473  1 .6325676E+07   1488000E+01  .4940E+05  .4820E+06   .9989400  .0184298  .0421800
T 8474  1 .6440468E+07   1488000E+01 -.1520E+06 -.2757E+05   .9996157 -.0068852 -.0268529
T 8475  1 .6566126E+07   1488000E+01  .2659E+06  .3014E+06   .9995861  .0271320  .0095676
T 8476  1 .6386988E+07   1488000E+01  .1818E+06  .9643E+04   .9994903  .0309311  .0078980
T 8477  1 .6304398E+07   1488000E+01  .2613E+06  .4394E+06   .9987290 -.0170171  .0474432
T 8478  1 .6007742E+07   1488000E+01  .4169E+05  .1927E+06   .9950254 -.0272788  .0958136
T 8479  1 .6858551E+07   1488000E+01  .2079E+06 -.2725E+05   .9995047  .0107537 -.0295771
T 8480  1 .6661220E+07   1488000E+01 -.2367E+06 -.2966E+06   .9979362 -.0467322 -.0440400
T 8481  1 .6102819E+07   1488000E+01  .4702E+06  .1485E+06   .9968925  .0708949  .0343394
T 8482  1 .6205740E+07   1488000E+01  .6587E+06 -.1007E+06   .9979545  .0551983 -.0322496
T 8483  1 .6362480E+07   1488000E+01  .6653E+06  .1292E+06   .9892911  .1350548  .0553477
T 8484  1 .6170999E+07   1488000E+01 -.3068E+06 -.1733E+06   .9973648 -.0721081  .0079953
T 8485  1 .6446596E+07   1488000E+01 -.3751E+06  .1421E+06   .9984698 -.0540554  .0116683
T 8486  1 .6200299E+07   1488000E+01  .4700E+06 -.1197E+06   .9992263  .0377750 -.0109501
T 8487  1 .5790860E+07   1488000E+01 -.3465E+05 -.4433E+06   .9966607  .0794358 -.0189027
T 8488  1 .6254209E+07   1488000E+01  .1300E+05  .5181E+05   .9971328 -.0755126 -.0048950
T 8489  1 .6862604E+07   1488000E+01 -.5986E+06  .2306E+06   .9936333 -.1086427 -.0298277
T 8490  1 .6768798E+07   1488000E+01 -.3029E+06  .2808E+06   .9995649 -.0294596  .0014512
T 8491  1 .6316416E+07   1488000E+01  .1174E+06  .1294E+06   .9976831  .0599345  .0321904
T 8492  1 .6323802E+07   1488000E+01  .3087E+06  .2947E+06   .9988166  .0437254 -.0212955
T 8493  1 .6252294E+07   1488000E+01 -.2455E+06  .2818E+06   .9982548 -.0416677 -.0418462
T 8494  1 .6722368E+07   1488000E+01 -.7659E+06  .3523E+06   .9888489 -.1131571  .0968163
T 8495  1 .6524690E+07   1488000E+01  .1797E+06 -.1256E+06   .9988272  .0312828 -.0369539
T 8496  1 .5813979E+07   1488000E+01 -.4142E+06  .1031E+07   .9890293 -.1059711  .1029130
T 8497  1 .6427003E+07   1488000E+01 -.5241E+06  .3458E+06   .9882812 -.1281317  .0829604
T 8498  1 .6020203E+07   1488000E+01 -.1139E+06 -.1001E+07   .9962876 -.0255154 -.0822191
T 8499  1 .6279420E+07   1488000E+01  .1450E+06 -.4913E+06   .9971796 -.0028565 -.0749975
T 8500  1 .6253739E+07   1488000E+01  .7788E+06  .5106E+05   .9991660  .0344766  .0218798
T 8501  1 .6198450E+07   1488000E+01 -.4316E+06  .6700E+05   .9934201 -.1141695  .0090442
T 8502  1 .6353939E+07   1488000E+01 -.1728E+06  .2275E+06   .9999971 -.0023488 -.0004677
T 8503  1 .6180099E+07   1488000E+01 -.1409E+06  .7116E+05   .9979309 -.0399617  .0503679
T 8504  1 .6421561E+07   1488000E+01  .4752E+05  .5175E+06   .9948590 -.0716519  .0715655
T 8505  1 .6266074E+07   1488000E+01 -.4606E+05  .1706E+06   .9976765 -.0609273  .0304864
T 8506  1 .6651407E+07   1488000E+01 -.3242E+06  .3408E+06   .9926515 -.0803996  .0904374
T 8507  1 .6621409E+07   1488000E+01 -.2487E+06 -.5616E+06   .9988446 -.0190333 -.0441280
T 8508  1 .6141694E+07   1488000E+01  .5009E+04  .1750E+06   .9989758  .0076888  .0445885
T 8509  1 .6116474E+07   1488000E+01  .6224E+06  .7865E+05   .9979492  .0602016 -.0217527
T 8510  1 .7166584E+07   1488000E+01 -.2428E+05  .2042E+06   .9991406 -.0284846 -.0301109
T 8511  1 .6276956E+07   1488000E+01  .2062E+06 -.2010E+06   .9994393  .0334793 -.0003667
T 8512  1 .5989978E+07   1488000E+01  .1489E+06  .6691E+05   .9998753  .0008142 -.0157695
T 8513  1 .6308477E+07   1488000E+01  .1216E+06 -.2611E+06   .9998188 -.0187249 -.0034169
T 8514  1 .6004996E+07   1488000E+01  .3171E+06 -.2314E+05   .9999169  .0110176  .0066953
T 8515  1 .6335321E+07   1488000E+01 -.4682E+05 -.2888E+06   .9988083 -.0132457 -.0469733
T 8516  1 .6643492E+07   1488000E+01  .8923E+05 -.2185E+06   .9989344  .0439355  .0141339
T 8517  1 .6306138E+07   1488000E+01 -.1555E+06  .4836E+06   .9970409 -.0188025  .0745379
T 8518  1 .6364311E+07   1488000E+01  .3328E+06  .1812E+06   .9984545  .0550583 -.0075602
T 8519  1 .6266484E+07   1488000E+01  .8035E+04 -.1419E+06   .9997415 -.0108000 -.0200089
T 8520  1 .6358074E+07   1488000E+01  .3645E+06 -.9821E+05   .9971009  .0739176  .0180571
T 8521  1 .6579820E+07   1488000E+01 -.1398E+06 -.9549E+05   .9980993 -.0549617 -.0278737
T 8522  1 .7024422E+07   1488000E+01 -.2972E+06  .5946E+06   .9954251 -.0319361  .0900495
T 8523  1 .6350342E+07   1488000E+01 -.1399E+06 -.2112E+06   .9978890 -.0036044 -.0648419
T 8524  1 .5991449E+07   1488000E+01 -.1502E+06  .4377E+06   .9982674  .0026326  .0587809
T 8525  1 .6127203E+07   1488000E+01 -.6422E+06 -.3231E+06   .9963937 -.0659661 -.0533681
T 8526  1 .6757442E+07   1488000E+01 -.9026E+05  .3295E+06   .9991919 -.0160974  .0368296
T 8527  1 .6175114E+07   1488000E+01 -.5714E+06  .3428E+06   .9961098 -.0614617  .0631477
T 8528  1 .6133881E+07   1488000E+01  .1834E+06  .3712E+06   .9988281  .0409752  .0257588
T 8529  1 .6455445E+07   1488000E+01 -.5839E+05 -.2196E+06   .9996024  .0120345  .0254996
T 8530  1 .6340308E+07   1488000E+01 -.3265E+05 -.1880E+06   .9997770  .0207594  .0038692
T 8531  1 .5733589E+07   1488000E+01 -.3869E+06  .1667E+06   .9978052 -.0267431  .0605771
T 8532  1 .6790646E+07   1488000E+01  .4761E+06 -.4579E+06   .9936740  .0720282 -.0861620
T 8533  1 .6346857E+07   1488000E+01  .1295E+06  .6165E+05   .9949748  .0758974  .0653056
T 8534  1 .6375316E+07   1488000E+01 -.3561E+06 -.6759E+05   .9996009  .0281250 -.0026629
T 8535  1 .6723301E+07   1488000E+01  .5956E+05  .1388E+06   .9990813  .0266808  .0335356
T 8536  1 .6442713E+07   1488000E+01 -.3128E+06  .2617E+06   .9979430 -.0496693  .0405308
T 8537  1 .5762737E+07   1488000E+01 -.4518E+06  .8111E+05   .9913910 -.0755246  .1069578
T 8538  1 .6811840E+07   1488000E+01 -.1963E+06  .5795E+05   .9989664 -.0272250 -.0363998
T 8539  1 .6742371E+07   1488000E+01  .1080E+06 -.3968E+06   .9999041  .0138359  .0005683
T 8540  1 .6277453E+07   1488000E+01  .7589E+06  .6517E+06   .9947608  .0966068  .0334380
T 8541  1 .6764918E+07   1488000E+01 -.3368E+06 -.2203E+06   .9966500 -.0585520 -.0571011
T 8542  1 .6502054E+07   1488000E+01  .5516E+05 -.1950E+06   .9984511  .0476636 -.0286967
T 8543  1 .6325035E+07   1488000E+01 -.1609E+06 -.4032E+06   .9996495 -.0188559 -.0185821
T 8544  1 .5878151E+07   1488000E+01  .8316E+06 -.3837E+06   .9975230  .0564923 -.0419114
T 8545  1 .7065574E+07   1488000E+01 -.5687E+06  .2398E+06   .9978705 -.0506308  .0411210
T 8546  1 .7065657E+07   1488000E+01  .4886E+05  .2928E+06   .9994860  .0075495  .0311558
T 8547  1 .5899129E+07   1488000E+01 -.9255E+05  .5756E+06   .9980038 -.0404180  .0485261
T 8548  1 .6848055E+07   1488000E+01  .7061E+05 -.2830E+06   .9991835  .0166616 -.0368069
T 8549  1 .6747600E+07   1488000E+01 -.2573E+06 -.3748E+06   .9992845 -.0375103 -.0048410
T 8550  1 .5823166E+07   1488000E+01 -.8932E+05 -.1461E+06   .9999197 -.0014371 -.0125879
T 8551  1 .5966970E+07   1488000E+01 -.4663E+05  .4549E+06   .9947766 -.0465160  .0908615
T 8552  1 .6643839E+07   1488000E+01  .2057E+06  .9236E+05   .9999618 -.0022453 -.0084439
T 8553  1 .6589102E+07   1488000E+01  .1133E+06 -.2120E+05   .9990207  .0039730  .0440673
T 8554  1 .6319545E+07   1488000E+01  .1091E+06  .7719E+06   .9940755  .0576419  .0921481
T 8555  1 .6137104E+07   1488000E+01 -.2438E+06 -.1295E+06   .9975411  .0221380  .0664963
T 8556  1 .6127935E+07   1488000E+01  .3803E+06  .1069E+06   .9982203  .0495189  .0332285
T 8557  1 .6000499E+07   1488000E+01  .1542E+06  .1773E+06   .9956682  .0675203  .0639200
T 8558  1 .6403582E+07   1488000E+01 -.4149E+05  .1059E+06   .9999728 -.0050345 -.0053992
T 8559  1 .6255938E+07   1488000E+01  .4856E+06 -.1070E+06   .9935851  .1053724  .0410522
T 8560  1 .6364084E+07   1488000E+01  .2892E+06 -.2657E+05   .9999189  .0035491 -.0122294
T 8561  1 .6380728E+07   1488000E+01 -.8612E+04 -.1246E+04   .9996966  .0197891 -.0146669
T 8562  1 .6036506E+07   1488000E+01  .2311E+06  .6954E+05   .9997377 -.0015347  .0228500
T 8563  1 .5601927E+07   1488000E+01  .7630E+05 -.6711E+06   .9966569 -.0727956 -.0370912
T 8564  1 .6735538E+07   1488000E+01  .2895E+06  .3103E+06   .9993414  .0174322 -.0318265
T 8565  1 .5795785E+07   1488000E+01  .8343E+05  .1549E+06   .9992507 -.0170067  .0347675
T 8566  1 .6756535E+07   1488000E+01 -.1369E+07  .1117E+07   .9876049 -.0972075  .1232367
T 8567  1 .6434809E+07   1488000E+01 -.2909E+06  .1307E+06   .9948419 -.0896293  .0475001
T 8568  1 .6494634E+07   1488000E+01  .2941E+06  .2619E+06   .9993156  .0126724  .0347523
T 8569  1 .6786492E+07   1488000E+01  .3464E+06 -.7154E+06   .9930445 -.0651258 -.0980883
T 8570  1 .6333846E+07   1488000E+01 -.2026E+05 -.2153E+06   .9998260 -.0122654 -.0140510
T 8571  1 .6349333E+07   1488000E+01  .3296E+06 -.1692E+07   .8841341  .4653237 -.0421988
T 8572  1 .6135043E+07   1488000E+01 -.1039E+06  .6895E+05   .9998818 -.0112416 -.0104863
T 8573  1 .6329362E+07   1488000E+01 -.2704E+06 -.1654E+06   .9986964 -.0432391 -.0271269
T 8574  1 .6567159E+07   1488000E+01 -.8856E+05 -.3446E+06   .9964407  .0218959 -.0814027
T 8575  1 .5822550E+07   1488000E+01 -.4654E+06 -.6397E+05   .9966260 -.0808250  .0142784
T 8576  1 .5730960E+07   1488000E+01 -.4147E+06 -.4389E+06   .9910423 -.0686693 -.1145410
T 8577  1 .6784021E+07   1488000E+01 -.6407E+06 -.1087E+06   .9975091 -.0596947 -.0375779
T 8578  1 .6698095E+07   1488000E+01  .3222E+06 -.3461E+06   .9950752  .0288882 -.0948199
T 8579  1 .6980050E+07   1488000E+01  .2343E+06 -.2864E+06   .9961163  .0333981 -.0814666
T 8580  1 .6633100E+07   1488000E+01 -.2854E+06 -.3468E+06   .9967647 -.0371842 -.0712563
T 8581  1 .6047347E+07   1488000E+01  .3540E+06  .2848E+04   .9995146 -.0060319  .0305645
T 8582  1 .6985442E+07   1488000E+01  .4811E+05 -.1773E+06   .9996976  .0004078 -.0245859
T 8583  1 .6993861E+07   1488000E+01 -.5084E+06 -.1355E+06   .9948019 -.1008058  .0143982
T 8584  1 .6683773E+07   1488000E+01 -.3591E+06 -.4261E+06   .9970601 -.0538059 -.0545542
T 8585  1 .5405976E+07   1488000E+01 -.4456E+06  .2195E+06   .9989422 -.0329304 -.0320954
T 8586  1 .6338525E+07   1488000E+01  .3337E+06 -.5190E+06   .9963599  .0497645 -.0692131
T 8587  1 .6187493E+07   1488000E+01 -.1873E+06 -.5804E+06   .9972409  .0025035 -.0741916
T 8588  1 .6303828E+07   1488000E+01  .4130E+06 -.2102E+06   .9998055  .0196051 -.0021506
T 8589  1 .6026137E+07   1488000E+01  .1879E+06  .1023E+06   .9985109  .0343389  .0423892
T 8590  1 .6365329E+07   1488000E+01  .4374E+05  .3354E+06   .9995450  .0019705  .0300986
T 8591  1 .6846668E+07   1488000E+01 -.6520E+06 -.2990E+06   .9944524 -.0683299 -.0799720
T 8592  1 .5877987E+07   1488000E+01  .8430E+06  .4505E+06   .9911823  .1296950  .0271465
T 8593  1 .6323972E+07   1488000E+01 -.6602E+05 -.3671E+06   .9961378 -.0303685 -.0823851
T 8594  1 .6410822E+07   1488000E+01  .5441E+06 -.4129E+06   .9931340  .0276408 -.1136702
T 8595  1 .6184290E+07   1488000E+01 -.1379E+06  .2388E+06   .9913826 -.1231748 -.0445920
T 8596  1 .5819231E+07   1488000E+01 -.6378E+05 -.6528E+06   .9928459  .0303207 -.1154891
T 8597  1 .6304166E+07   1488000E+01  .9597E+06 -.1891E+07   .9528164  .0839163 -.2917173
T 8598  1 .6308820E+07   1488000E+01 -.3650E+06  .5629E+05   .9978911 -.0533004 -.0370463
T 8599  1 .6617025E+07   1488000E+01  .1144E+06  .8862E+05   .9992024 -.0024403  .0398582
T 8600  1 .6490569E+07   1488000E+01 -.3313E+05 -.2675E+06   .9999764  .0017013 -.0066595
T 8601  1 .6025517E+07   1488000E+01 -.2103E+06  .5349E+06   .9992595 -.0307835  .0230838
T 8602  1 .6728319E+07   1488000E+01 -.4133E+06 -.3185E+04   .9993044 -.0360552  .0095263
T 8603  1 .6177467E+07   1488000E+01  .1506E+06 -.4649E+06   .9989720  .0339565 -.0300323
T 8604  1 .6461060E+07   1488000E+01 -.1517E+06 -.3543E+06   .9986730  .0033577 -.0513903
T 8605  1 .5854157E+07   1488000E+01 -.1329E+06 -.2929E+06   .9997068 -.0010992  .0241907
T 8606  1 .6397354E+07   1488000E+01 -.3450E+06  .1224E+06   .9973544 -.0625449  .0370461
T 8607  1 .6257514E+07   1488000E+01  .2544E+06  .7226E+05   .9979789  .0470602  .0427028
T 8608  1 .6869398E+07   1488000E+01  .3352E+06 -.1145E+06   .9999785  .0037072 -.0054001
T 8609  1 .6320271E+07   1488000E+01  .2395E+06  .3799E+06   .9965866  .0766968  .0305408
T 8610  1 .6560915E+07   1488000E+01  .4593E+06 -.3813E+06   .9967729  .0754528 -.0273967
T 8611  1 .6005613E+07   1488000E+01 -.5197E+06  .1840E+06   .9974567 -.0680957  .0210512
T 8612  1 .6904864E+07   1488000E+01 -.4538E+06  .1841E+06   .9984316 -.0351393  .0435830
T 8613  1 .6492460E+07   1488000E+01  .3999E+06  .2314E+05   .9986596  .0458461  .0240242
T 8614  1 .6390048E+07   1488000E+01 -.2082E+06 -.1161E+06   .9989910 -.0447318  .0040146
T 8615  1 .6360934E+07   1488000E+01 -.9791E+06 -.1255E+07   .9607121 -.1853063 -.2066248
T 8616  1 .6190675E+07   1488000E+01  .1205E+06 -.9145E+05   .9984566  .0124745 -.0541191
T 8617  1 .6741635E+07   1488000E+01  .6460E+06  .1287E+06   .9888227  .1417726  .0461539
T 8618  1 .6775619E+07   1488000E+01  .8487E+06 -.6407E+05   .9938265  .1108741 -.0039861
T 8619  1 .6474013E+07   1488000E+01 -.5858E+06  .5957E+06   .9973965 -.0671453  .0263015
T 8620  1 .6592286E+07   1488000E+01 -.2595E+06 -.3687E+06   .9979372 -.0627716 -.0134551
T 8621  1 .6786225E+07   1488000E+01  .2072E+06 -.1747E+06   .9986604  .0343878 -.0386626
T 8622  1 .6588326E+07   1488000E+01  .8834E+05 -.1132E+05   .9978902  .0148040 -.0632139
T 8623  1 .6778724E+07   1488000E+01 -.1405E+05  .3130E+04   .9963404 -.0431666  .0737724
T 8624  1 .6205335E+07   1488000E+01  .2147E+06 -.4238E+06   .9948687 -.0475182 -.0893216
T 8625  1 .6418781E+07   1488000E+01  .4627E+06  .4774E+04   .9989647  .0442666 -.0104842
T 8626  1 .6408183E+07   1488000E+01 -.3930E+04 -.4064E+06   .9971933 -.0107038 -.0741006
T 8627  1 .5933067E+07   1488000E+01 -.4636E+06 -.2056E+06   .9960228 -.0888575 -.0065530
T 8628  1 .6545277E+07   1488000E+01  .8083E+05 -.2956E+04   .9995074  .0156985 -.0271766
T 8629  1 .6782463E+07   1488000E+01  .1050E+06 -.4965E+06   .9980991 -.0562571 -.0251675
T 8630  1 .6192362E+07   1488000E+01 -.6977E+05  .1994E+06   .9988133 -.0367548  .0319542
T 8631  1 .6738090E+07   1488000E+01  .6316E+05  .3062E+06   .9962351 -.0542493  .0676212
T 8632  1 .6633670E+07   1488000E+01 -.2060E+06 -.1408E+05   .9994618 -.0247968 -.0214775
T 8633  1 .6237893E+07   1488000E+01 -.2006E+06 -.2839E+06   .9989710 -.0117567 -.0438040
T 8634  1 .6371151E+07   1488000E+01 -.3066E+06  .1008E+05   .9996492  .0071407  .0255034
T 8635  1 .7019735E+07   1488000E+01  .2132E+04 -.1004E+06   .9995536  .0131745 -.0268139
T 8636  1 .6490448E+07   1488000E+01 -.6812E+05 -.3958E+06   .9992646 -.0214368 -.0317908
T 8637  1 .5693465E+07   1488000E+01 -.8414E+06 -.1350E+07   .9936614 -.0921769 -.0643468
T 8638  1 .6839172E+07   1488000E+01  .6022E+06 -.2696E+06   .9953137  .0966283 -.0036799
T 8639  1 .6435822E+07   1488000E+01  .4014E+05 -.1640E+06   .9993772 -.0106730 -.0336338
T 8640  1 .6617337E+07   1488000E+01  .1203E+06 -.7479E+06   .9951698 -.0328756 -.0925003
T 8641  1 .6052854E+07   1488000E+01  .4965E+05 -.5667E+06   .9974717  .0122235 -.0700050
T 8642  1 .6290056E+07   1488000E+01 -.3097E+06 -.6359E+05   .9998409 -.0166672 -.0063577
T 8643  1 .6608621E+07   1488000E+01  .2489E+06 -.1928E+06   .9982114  .0447539 -.0396363
T 8644  1 .6397289E+07   1488000E+01  .1925E+06  .1620E+06   .9969177  .0223394  .0752073
T 8645  1 .7338256E+07   1488000E+01  .1151E+06  .2080E+06   .9994714  .0254672  .0202079
T 8646  1 .6496410E+07   1488000E+01  .7568E+05  .2701E+06   .9981641 -.0152023  .0586287
T 8647  1 .6364471E+07   1488000E+01 -.1637E+06 -.3208E+06   .9995983  .0029407 -.0281892
T 8648  1 .6026029E+07   1488000E+01  .1240E+06  .1268E+06   .9981064  .0234885  .0568498
T 8649  1 .6511846E+07   1488000E+01  .2964E+06 -.6854E+05   .9959244  .0612048 -.0662462
T 8650  1 .6001767E+07   1488000E+01 -.3891E+06 -.3462E+06   .9970488 -.0699736 -.0315820
T 8651  1 .6141780E+07   1488000E+01  .3410E+06  .1642E+06   .9963002  .0730073  .0453422
T 8652  1 .6838782E+07   1488000E+01 -.3078E+05  .1889E+06   .9986942 -.0146706  .0489356
T 8653  1 .6559636E+07   1488000E+01  .1126E+06 -.4889E+06   .9951672 -.0121780 -.0974367
T 8654  1 .6673637E+07   1488000E+01 -.7893E+04 -.7546E+06   .9884293  .0033527 -.1516451
T 8655  1 .6794979E+07   1488000E+01  .3283E+06 -.3625E+06   .9990670  .0365085 -.0230709
T 8656  1 .6171584E+07   1488000E+01 -.5134E+06  .2056E+06   .9995493 -.0298805 -.0028913
T 8657  1 .6163024E+07   1488000E+01 -.8557E+05 -.3790E+06   .9961684  .0306390 -.0819136
T 8658  1 .6406801E+07   1488000E+01 -.8049E+05 -.2005E+06   .9972068  .0730606 -.0155159
T 8659  1 .6639434E+07   1488000E+01  .1507E+06  .3766E+06   .9979830  .0574241  .0270640
T 8660  1 .6274899E+07   1488000E+01  .2607E+06  .4197E+06   .9952624  .0655723  .0717840
T 8661  1 .6670376E+07   1488000E+01 -.8536E+04 -.1079E+06   .9985735  .0225997 -.0483751
T 8662  1 .6878738E+07   1488000E+01 -.1546E+05 -.8663E+05   .9998489 -.0040219  .0169126
T 8663  1 .6725697E+07   1488000E+01 -.3841E+06  .6003E+06   .9909195 -.0412952  .1279576
T 8664  1 .6621431E+07   1488000E+01 -.1442E+06  .9040E+05   .9984378 -.0517079  .0211737
T 8665  1 .5876038E+07   1488000E+01  .3535E+06  .4951E+04   .9996667  .0247107 -.0074707
T 8666  1 .6088898E+07   1488000E+01 -.3210E+06 -.4453E+05   .9907810 -.1218042  .0593018
T 8667  1 .6089421E+07   1488000E+01 -.1259E+06  .4978E+06   .9979201 -.0137354  .0629827
T 8668  1 .7115948E+07   1488000E+01 -.3802E+06 -.3246E+06   .9947501 -.0903723 -.0480111
T 8669  1 .6442825E+07   1488000E+01 -.2389E+06 -.7341E+05   .9993951 -.0339198 -.0076767
T 8670  1 .6063898E+07   1488000E+01 -.3658E+06 -.6164E+05   .9976122 -.0531531 -.0440985
T 8671  1 .6049530E+07   1488000E+01  .1921E+06 -.7246E+06   .9902787 -.0667222 -.1220504
T 8672  1 .6596993E+07   1488000E+01  .4005E+06  .6878E+06   .9940119  .0606644  .0908856
T 8673  1 .5824960E+07   1488000E+01  .2791E+06  .3904E+06   .9956430  .0333152  .0870928
T 8674  1 .6419373E+07   1488000E+01  .4497E+06 -.9178E+06   .9769433  .1720899 -.1263601
T 8675  1 .6336269E+07   1488000E+01 -.3409E+06 -.3078E+06   .9973129 -.0460532 -.0569738
T 8676  1 .6722863E+07   1488000E+01  .2641E+05 -.1926E+06   .9997580  .0218191 -.0027885
T 8677  1 .6870979E+07   1488000E+01  .6448E+05  .2328E+05   .9992420 -.0235413  .0310054
T 8678  1 .6726448E+07   1488000E+01  .4615E+06  .4089E+06   .9986760  .0445787  .0256705
T 8679  1 .6492257E+07   1488000E+01  .3631E+06 -.1337E+06   .9972438  .0655707 -.0347162
T 8680  1 .6451335E+07   1488000E+01  .1215E+06 -.6242E+06   .9968416  .0277355 -.0744144
T 8681  1 .6253401E+07   1488000E+01 -.2470E+06  .2100E+06   .9992708 -.0318068 -.0211217
T 8682  1 .6762872E+07   1488000E+01  .5491E+05 -.4533E+06   .9978739 -.0123846 -.0639861
T 8683  1 .6591948E+07   1488000E+01 -.6445E+06 -.2676E+05   .9964904 -.0836699  .0024822
T 8684  1 .6242566E+07   1488000E+01  .8446E+05 -.5782E+06   .9969446 -.0019442 -.0780879
T 8685  1 .6792124E+07   1488000E+01 -.5133E+06 -.4985E+04   .9962471 -.0074628  .0862327
T 8686  1 .6658193E+07   1488000E+01 -.2802E+05  .8072E+05   .9999782 -.0030961  .0058262
T 8687  1 .6010261E+07   1488000E+01  .1004E+06  .4217E+06   .9926064 -.0200073  .1197171
T 8688  1 .5999848E+07   1488000E+01 -.2480E+06 -.4836E+06   .9953666  .0291096 -.0916400
T 8689  1 .6165900E+07   1488000E+01  .7080E+05  .2102E+06   .9979288  .0604120  .0221008
T 8690  1 .6145669E+07   1488000E+01 -.1938E+06 -.9864E+05   .9997004  .0206893 -.0130753
T 8691  1 .6296187E+07   1488000E+01  .1760E+06  .1497E+06   .9999966 -.0026170  .0001731
T 8692  1 .6701589E+07   1488000E+01 -.1762E+06  .8024E+05   .9999927  .0028127  .0025867
T 8693  1 .6696819E+07   1488000E+01 -.1719E+06  .5174E+06   .9984518 -.0555664  .0025456
T 8694  1 .6319296E+07   1488000E+01 -.5035E+06  .3914E+05   .9945926 -.0982782  .0335714
T 8695  1 .6149650E+07   1488000E+01 -.1734E+06  .2494E+06   .9608234 -.1154785  .2519587
T 8696  1 .6829978E+07   1488000E+01  .2164E+06 -.2401E+06   .9991960  .0393056 -.0079066
T 8697  1 .6303298E+07   1488000E+01  .1075E+07 -.5678E+06   .9909222  .1158193 -.0682570
T 8698  1 .5699239E+07   1488000E+01  .1120E+06  .2361E+06   .9993574  .0347093  .0089428
T 8699  1 .6617362E+07   1488000E+01  .1558E+06 -.3586E+06   .9989177  .0304947 -.0351203
T 8700  1 .6283035E+07   1488000E+01  .1720E+06  .4287E+06   .9991766  .0183285  .0361972
T 8701  1 .6140360E+07   1488000E+01  .9154E+05  .7544E+05   .9991504  .0345306  .0224949
T 8702  1 .6464052E+07   1488000E+01  .7369E+06 -.3960E+06   .9923663  .1143207 -.0462594
T 8703  1 .6436765E+07   1488000E+01  .2004E+06  .1661E+06   .9996864 -.0150230  .0200368
T 8704  1 .6419761E+07   1488000E+01  .1260E+06  .8297E+06   .9962252  .0349133  .0794762
T 8705  1 .6290426E+07   1488000E+01  .4251E+05 -.2878E+06   .9971387  .0377178 -.0655116
T 8706  1 .6220084E+07   1488000E+01  .1243E+06  .6315E+04   .9997335  .0109440  .0203258
T 8707  1 .6695667E+07   1488000E+01  .2566E+06  .1945E+06   .9995216  .0307387  .0034137
T 8708  1 .6533283E+07   1488000E+01 -.2102E+06 -.1560E+06   .9993905 -.0299571  .0179233
T 8709  1 .6383140E+07   1488000E+01 -.2485E+06  .7069E+06   .9288179 -.0828817  .3611481
T 8710  1 .5969259E+07   1488000E+01 -.3914E+06  .5187E+06   .9929051 -.0425492  .1110362
T 8711  1 .6633903E+07   1488000E+01  .2662E+05  .7252E+05   .9992216  .0303612 -.0251876
T 8712  1 .5970645E+07   1488000E+01 -.1554E+06  .3280E+06   .9986225 -.0295661  .0433464
T 8713  1 .6677500E+07   1488000E+01 -.2138E+06  .1834E+05   .9991358 -.0079597  .0407947
T 8714  1 .6550729E+07   1488000E+01  .3876E+06 -.1464E+06   .9967707  .0718949  .0357664
T 8715  1 .6206660E+07   1488000E+01  .9742E+05 -.1969E+06   .9965171 -.0082757 -.0829764
T 8716  1 .6312115E+07   1488000E+01  .1827E+06 -.2156E+06   .9970375  .0171115 -.0749899
T 8717  1 .7189832E+07   1488000E+01 -.2633E+06 -.9398E+05   .9991832 -.0323398  .0242304
T 8718  1 .6429213E+07   1488000E+01 -.1816E+06  .2889E+06   .9992361 -.0157810  .0357504
T 8719  1 .7135184E+07   1488000E+01  .2971E+06  .1400E+05   .9979436  .0471026 -.0434721
T 8720  1 .6455700E+07   1488000E+01 -.2036E+05  .4265E+06   .9987792 -.0125613  .0477736
T 8721  1 .5431028E+07   1488000E+01 -.7191E+06 -.1234E+07   .9838682 -.0005319 -.1788940
T 8722  1 .5616920E+07   1488000E+01  .4224E+06  .3541E+06   .9976747  .0558096  .0391217
T 8723  1 .6524399E+07   1488000E+01  .2696E+06 -.2305E+06   .9957606 -.0347167 -.0851796
T 8724  1 .6338365E+07   1488000E+01 -.1850E+06 -.3554E+06   .9974309 -.0659490 -.0279691
T 8725  1 .6664255E+07   1488000E+01 -.1496E+06  .2587E+06   .9994012 -.0343949 -.0037599
T 8726  1 .7014176E+07   1488000E+01  .3319E+06  .4273E+06   .9978404  .0604290  .0257480
T 8727  1 .6504281E+07   1488000E+01  .2569E+06  .3241E+06   .9949485  .0897418  .0449886
T 8728  1 .6683869E+07   1488000E+01  .1471E+06  .5199E+05   .9995721 -.0061299 -.0286029
T 8729  1 .5979513E+07   1488000E+01 -.3064E+05  .9949E+06   .9883470  .0166282  .1513068
T 8730  1 .6186015E+07   1488000E+01 -.1774E+06  .2794E+06   .9956359 -.0737950  .0571259
T 8731  1 .6768821E+07   1488000E+01  .2004E+05 -.5196E+03   .9945084 -.0081314 -.1043405
T 8732  1 .6820553E+07   1488000E+01 -.4736E+06  .1717E+06   .9996171  .0177118  .0212574
T 8733  1 .6509048E+07   1488000E+01  .4183E+06 -.1304E+06   .9976161  .0401565 -.0561204
T 8734  1 .6025728E+07   1488000E+01  .2889E+06  .4896E+06   .9989269  .0198400  .0418507
T 8735  1 .7029220E+07   1488000E+01  .1156E+06  .4053E+06   .9967105  .0105768  .0803511
T 8736  1 .6185154E+07   1488000E+01  .2669E+06  .1979E+05   .9993250  .0349974  .0111670
T 8737  1 .6661121E+07   1488000E+01 -.1510E+06 -.8361E+06   .9925093 -.0669435 -.1021955
T 8738  1 .6122301E+07   1488000E+01  .3244E+06  .2957E+06   .9980745 -.0355044  .0508598
T 8739  1 .6141479E+07   1488000E+01  .9282E+05 -.1316E+06   .9974127  .0307472 -.0649805
T 8740  1 .6572931E+07   1488000E+01  .1541E+06  .3222E+06   .9987582 -.0075166  .0492492
T 8741  1 .6817757E+07   1488000E+01  .3214E+05  .2395E+06   .9997192  .0018122  .0236280
T 8742  1 .6273952E+07   1488000E+01  .1235E+06  .4145E+06   .9984219  .0189991  .0528459
T 8743  1 .6012916E+07   1488000E+01 -.3462E+06 -.3448E+06   .9963568 -.0681157 -.0513168
T 8744  1 .6556791E+07   1488000E+01  .9164E+05  .1357E+06   .9993636  .0143455  .0326588
T 8745  1 .6378333E+07   1488000E+01 -.2075E+06 -.1077E+06   .9974537 -.0407021 -.0585612
T 8746  1 .6577071E+07   1488000E+01  .3191E+06  .4181E+06   .9973221  .0279177  .0675960
T 8747  1 .6136019E+07   1488000E+01 -.2693E+05  .5028E+06   .9968522 -.0254828  .0750761
T 8748  1 .6330435E+07   1488000E+01 -.1576E+06  .1259E+07   .9924503 -.0258258  .1198979
T 8749  1 .6258776E+07   1488000E+01 -.2513E+06  .3757E+06   .9966271 -.0009785  .0820575
T 8750  1 .7208965E+07   1488000E+01  .1546E+06  .4162E+06   .9978883 -.0141515  .0633924
T 8751  1 .6520303E+07   1488000E+01 -.6635E+05  .3030E+06   .9976329  .0361965  .0584664
T 8752  1 .6375238E+07   1488000E+01  .6137E+05 -.4698E+06   .9975947  .0271073 -.0637967
T 8753  1 .6268341E+07   1488000E+01  .2613E+06 -.2809E+06   .9933524  .1068709 -.0427735
T 8754  1 .6218899E+07   1488000E+01 -.5813E+06 -.8064E+05   .9984661 -.0496121 -.0245776
T 8755  1 .6016472E+07   1488000E+01  .2179E+06  .1767E+06   .9985376  .0423302  .0336288
T 8756  1 .6491554E+07   1488000E+01 -.2875E+06  .3827E+06   .9993204 -.0224857  .0292072
T 8757  1 .6168243E+07   1488000E+01 -.4308E+05 -.1257E+06   .9991973  .0349327 -.0196052
T 8758  1 .5938206E+07   1488000E+01 -.1244E+06  .3762E+06   .9937658  .0458012  .1016457
T 8759  1 .6579553E+07   1488000E+01 -.1078E+07  .2708E+05   .9956094 -.0856413 -.0377813
T 8760  1 .6651648E+07   1488000E+01  .1404E+06 -.1065E+06   .9970458 -.0758396  .0121668
T 8761  1 .5848174E+07   1488000E+01  .2159E+05  .2312E+06   .9990426 -.0145023  .0412748
T 8762  1 .6023074E+07   1488000E+01  .4285E+06  .4668E+06   .9961701  .0541707  .0686336
T 8763  1 .6786159E+07   1488000E+01 -.9938E+05 -.1603E+06   .9995238  .0178656 -.0251607
T 8764  1 .6356243E+07   1488000E+01 -.9314E+06 -.2927E+06   .9922958 -.1226862 -.0172374
T 8765  1 .6420895E+07   1488000E+01  .5944E+06 -.1690E+06   .9961634  .0790471 -.0375500
T 8766  1 .6744206E+07   1488000E+01  .8017E+04  .1806E+05   .9979230  .0064897  .0640901
T 8767  1 .6085525E+07   1488000E+01  .3989E+06  .4041E+06   .9986974  .0295608 -.0415893
T 8768  1 .5994696E+07   1488000E+01 -.2192E+06  .2871E+05   .9991195  .0170633 -.0383275
T 8769  1 .6303733E+07   1488000E+01  .3013E+05 -.1695E+05   .9905101 -.0459800 -.1295205
T 8770  1 .6449614E+07   1488000E+01  .4506E+06 -.3316E+06   .9992465  .0380871 -.0074641
T 8771  1 .6362379E+07   1488000E+01  .6342E+05 -.5466E+06   .9983683 -.0084238 -.0564782
T 8772  1 .6956157E+07   1488000E+01 -.1402E+06  .2579E+06   .9968429  .0014352  .0793863
T 8773  1 .6320377E+07   1488000E+01  .3062E+06 -.4933E+06   .9991415 -.0051159 -.0411101
T 8774  1 .6705948E+07   1488000E+01 -.2054E+06  .1693E+06   .9984582 -.0466765  .0300413
T 8775  1 .6451404E+07   1488000E+01  .4068E+06 -.3813E+06   .9991792  .0383623 -.0130126
T 8776  1 .5817514E+07   1488000E+01  .2750E+06  .2358E+06   .9988433  .0317265  .0361311
T 8777  1 .5916762E+07   1488000E+01 -.1264E+05  .5883E+06   .9986284 -.0085538  .0516546
T 8778  1 .6386394E+07   1488000E+01 -.3951E+06  .6702E+05   .9982809 -.0272772 -.0518770
T 8779  1 .6461256E+07   1488000E+01 -.7602E+05  .1722E+06   .9978795 -.0633929  .0147594
T 8780  1 .6571376E+07   1488000E+01 -.2025E+06 -.1949E+06   .9978298 -.0644926 -.0132799
T 8781  1 .6733778E+07   1488000E+01 -.7757E+06 -.2782E+06   .9928409 -.1189172  .0112112
T 8782  1 .6324278E+07   1488000E+01 -.2050E+06 -.7518E+06   .9957265 -.0513022 -.0767905
T 8783  1 .6396574E+07   1488000E+01 -.2419E+06 -.3839E+06   .9958489 -.0366489 -.0833172
T 8784  1 .6526471E+07   1488000E+01  .1813E+06  .3068E+06   .9987248  .0393615  .0316140
T 8785  1 .6664612E+07   1488000E+01 -.9995E+05 -.4368E+06   .9993847  .0209121 -.0281580
T 8786  1 .7131331E+07   1488000E+01 -.6316E+06 -.5252E+05   .9926936 -.0993492  .0684779
T 8787  1 .6641602E+07   1488000E+01  .3600E+06  .2135E+06   .9620952  .2582521  .0876283
T 8788  1 .6063327E+07   1488000E+01  .5753E+06  .5300E+06   .9912212  .0675922  .1136302
T 8789  1 .6498267E+07   1488000E+01 -.3548E+06  .5187E+06   .9980083 -.0260229  .0574647
T 8790  1 .6398747E+07   1488000E+01  .3836E+05  .1048E+06   .9998819  .0151742 -.0024270
T 8791  1 .6149047E+07   1488000E+01  .1030E+04 -.1183E+06   .9968957 -.0321237 -.0718822
T 8792  1 .6078443E+07   1488000E+01 -.3806E+06 -.2796E+06   .9986048 -.0332584 -.0410171
T 8793  1 .5959322E+07   1488000E+01 -.1727E+06  .1746E+05   .9999087 -.0096635  .0094437
T 8794  1 .6393106E+07   1488000E+01  .1202E+06  .2606E+06   .9998907  .0059846  .0135217
T 8795  1 .6722109E+07   1488000E+01 -.1386E+06  .6802E+05   .9988811  .0262804  .0393166
T 8796  1 .6201221E+07   1488000E+01 -.1827E+06 -.9244E+05   .9987547  .0494515  .0066035
T 8797  1 .6880041E+07   1488000E+01  .3864E+06 -.1373E+06   .9976718  .0551426 -.0401274
T 8798  1 .6501474E+07   1488000E+01 -.2225E+06  .9259E+05   .9995133 -.0235869 -.0204141
T 8799  1 .5919717E+07   1488000E+01  .1581E+07 -.1425E+07   .9919419  .1179131 -.0463437
T 8800  1 .6563310E+07   1488000E+01  .4676E+06  .2802E+06   .9998872  .0146230  .0034407
T 8801  1 .5962206E+07   1488000E+01  .1253E+06  .6525E+05   .9999660  .0053377  .0062799
T 8802  1 .5982771E+07   1488000E+01 -.9141E+05  .6010E+05   .9999963  .0026477  .0005650
T 8803  1 .6014805E+07   1488000E+01 -.2325E+06  .4732E+05   .9996198 -.0274878  .0021518
T 8804  1 .6029124E+07   1488000E+01 -.5993E+06  .1706E+06   .9961992 -.0258166  .0831903
T 8805  1 .5853546E+07   1488000E+01  .1761E+06 -.9863E+05   .9996671 -.0099483 -.0238053
T 8806  1 .6994610E+07   1488000E+01 -.3520E+06 -.3323E+06   .9958121 -.0831099 -.0380917
T 8807  1 .6310255E+07   1488000E+01  .4576E+06  .9429E+06   .9953788  .0959593  .0035929
T 8808  1 .6849491E+07   1488000E+01  .5498E+05 -.4319E+06   .9996952 -.0209721  .0130294
T 8809  1 .6238150E+07   1488000E+01 -.9986E+05  .1083E+06   .9998476 -.0174560  .0003282
T 8810  1 .6291741E+07   1488000E+01  .3902E+06  .1609E+06   .9980539  .0421144 -.0459876
T 8811  1 .6190443E+07   1488000E+01  .4657E+06  .3097E+06   .9939281  .1069812  .0257304
T 8812  1 .6452960E+07   1488000E+01  .2862E+06 -.2169E+06   .9997738  .0163072 -.0136549
T 8813  1 .6834278E+07   1488000E+01  .3820E+06  .3505E+06   .9979926  .0308183  .0553256
T 8814  1 .6304303E+07   1488000E+01  .9782E+05  .3778E+06   .9983749 -.0215606  .0527522
T 8815  1 .6737459E+07   1488000E+01  .2206E+06 -.3035E+06   .9961298  .0772204 -.0419821
T 8816  1 .6528503E+07   1488000E+01  .1636E+05  .2015E+06   .9984499 -.0531317  .0165783
T 8817  1 .6370345E+07   1488000E+01 -.3553E+06 -.9375E+05   .9980253 -.0372853 -.0505496
T 8818  1 .5531540E+07   1488000E+01 -.4154E+06 -.1281E+07   .9739659 -.0220555 -.2256191
T 8819  1 .6216212E+07   1488000E+01 -.1736E+05 -.2856E+06   .9982832 -.0065720 -.0582019
T 8820  1 .6430025E+07   1488000E+01 -.2187E+06  .1935E+06   .9854730 -.1682773 -.0229299
T 8821  1 .5870858E+07   1488000E+01 -.1498E+06 -.2430E+06   .9988952  .0226330 -.0411839
T 8822  1 .6268823E+07   1488000E+01 -.3080E+06  .1378E+06   .9642895 -.0756151  .2538268
T 8823  1 .6455564E+07   1488000E+01 -.1659E+06  .3315E+05   .9996014 -.0230893  .0162464
T 8824  1 .6658376E+07   1488000E+01  .6311E+05  .2559E+05   .9987377  .0287371  .0411981
T 8825  1 .5947341E+07   1488000E+01 -.5541E+06 -.1353E+07   .9870565 -.0949881 -.1292160
T 8826  1 .6803520E+07   1488000E+01  .1935E+06 -.2394E+06   .9949153 -.0091255 -.1003007
T 8827  1 .6300749E+07   1488000E+01 -.8048E+06 -.4324E+06   .9910209 -.1153346 -.0676421
T 8828  1 .6350223E+07   1488000E+01  .3370E+06  .2671E+06   .9973883  .0527732  .0493108
T 8829  1 .6807672E+07   1488000E+01 -.6002E+06  .2333E+06   .9913586 -.1215397  .0493578
T 8830  1 .6100099E+07   1488000E+01 -.4873E+06  .6502E+06   .9972274 -.0626370  .0401754
T 8831  1 .6368156E+07   1488000E+01  .3461E+06  .1729E+06   .9960832  .0444349  .0764453
T 8832  1 .6169647E+07   1488000E+01  .9988E+05 -.8949E+05   .9991566  .0173724 -.0372062
T 8833  1 .6243651E+07   1488000E+01 -.3912E+06 -.8345E+05   .9979192 -.0604772 -.0223567
T 8834  1 .7072865E+07   1488000E+01 -.8194E+05 -.1013E+06   .9955032 -.0731180 -.0602254
T 8835  1 .6520532E+07   1488000E+01 -.5517E+06 -.2648E+06   .9983046 -.0461381 -.0354857
T 8836  1 .6458332E+07   1488000E+01 -.1832E+06 -.1406E+06   .9957817 -.0660441 -.0636947
T 8837  1 .6458330E+07   1488000E+01  .9147E+05 -.3929E+06   .9986742  .0083858 -.0507882
T 8838  1 .6279330E+07   1488000E+01 -.1797E+06  .4434E+06   .9996120  .0102693 -.0258932
T 8839  1 .6169383E+07   1488000E+01  .1144E+05 -.2153E+06   .9998215  .0095090  .0163258
T 8840  1 .6140461E+07   1488000E+01 -.4603E+05  .7971E+06   .9954688  .0237706  .0920692
T 8841  1 .6515148E+07   1488000E+01 -.4583E+06  .3362E+06   .9999995 -.0001518 -.0010149
T 8842  1 .6049889E+07   1488000E+01  .5411E+05 -.3232E+06   .9923647 -.0139983 -.1225415
T 8843  1 .6544873E+07   1488000E+01 -.1346E+06 -.4794E+05   .9989770 -.0452042 -.0012622
T 8844  1 .6468418E+07   1488000E+01 -.1119E+06  .4733E+06   .9989183 -.0007230  .0464946
T 8845  1 .6368079E+07   1488000E+01 -.3689E+04  .6785E+05   .9996899  .0212266  .0130244
T 8846  1 .6032055E+07   1488000E+01  .8272E+06 -.1244E+06   .9987370  .0441960 -.0238991
T 8847  1 .6341769E+07   1488000E+01  .1394E+07 -.6368E+06   .9896499  .1387873 -.0364852
T 8848  1 .6085895E+07   1488000E+01 -.5904E+05  .4795E+06   .9972623 -.0408075  .0616662
T 8849  1 .6426430E+07   1488000E+01 -.5212E+05 -.9191E+06   .9617607 -.1918616 -.1954625
T 8850  1 .6099969E+07   1488000E+01  .1255E+05  .9095E+05   .9989275 -.0448981  .0113158
T 8851  1 .6121559E+07   1488000E+01 -.2872E+06 -.2160E+05   .9989668 -.0454446  .0001743
T 8852  1 .6222780E+07   1488000E+01 -.3673E+06  .5215E+06   .9937053 -.0403123  .1045210
T 8853  1 .6117939E+07   1488000E+01 -.2356E+06  .2432E+06   .9978591 -.0436328  .0487177
T 8854  1 .6660533E+07   1488000E+01  .4777E+06 -.1322E+06   .9948099  .0963587 -.0326832
T 8855  1 .6128052E+07   1488000E+01 -.4944E+05 -.4325E+05   .9994064 -.0226630  .0259470
T 8856  1 .6273729E+07   1488000E+01 -.5745E+06  .4920E+06   .9953708 -.0824938  .0493117
T 8857  1 .6288510E+07   1488000E+01 -.7214E+06  .1558E+05   .9961025 -.0878678 -.0076903
T 8858  1 .6154836E+07   1488000E+01 -.6025E+06 -.9170E+05   .9973337 -.0626534  .0374170
T 8859  1 .5984364E+07   1488000E+01  .4492E+06  .7529E+06   .9977226  .0619331  .0267200
T 8860  1 .6415335E+07   1488000E+01  .5079E+05 -.1225E+06   .9993316  .0330092 -.0157092
T 8861  1 .6097056E+07   1488000E+01 -.2070E+06 -.1521E+06   .9977809 -.0613122 -.0259632
T 8862  1 .6687250E+07   1488000E+01 -.1508E+06  .1705E+06   .9978164 -.0564573  .0342773
T 8863  1 .6315121E+07   1488000E+01 -.2795E+06  .2393E+06   .9996222 -.0259213  .0091371
T 8864  1 .6837552E+07   1488000E+01 -.9451E+06  .7224E+06   .9907553 -.1114563  .0773392
T 8865  1 .6625067E+07   1488000E+01  .9216E+04 -.9829E+05   .9999805 -.0061307 -.0012024
T 8866  1 .6484827E+07   1488000E+01  .5845E+06  .1224E+06   .9990892  .0406948 -.0128306
T 8867  1 .6148965E+07   1488000E+01  .4936E+06  .5982E+06   .9928887  .1030581  .0595899
T 8868  1 .6667988E+07   1488000E+01 -.1812E+06  .1482E+06   .9962593 -.0573439  .0646458
T 8869  1 .6558576E+07   1488000E+01  .3297E+05  .3368E+06   .9949688  .0116762  .0995027
T 8870  1 .6118045E+07   1488000E+01 -.2349E+06 -.2888E+06   .9956487 -.0454394 -.0813570
T 8871  1 .6067246E+07   1488000E+01 -.1369E+06 -.4309E+05   .9994749 -.0320164  .0049972
T 8872  1 .6456924E+07   1488000E+01 -.3307E+06  .7915E+06   .9994742 -.0057492  .0319117
T 8873  1 .6873686E+07   1488000E+01 -.9388E+06  .4413E+06   .9829840 -.1604111  .0895027
T 8874  1 .6610187E+07   1488000E+01 -.8096E+06 -.4680E+06   .9937269 -.0639630 -.0917363
T 8875  1 .5855770E+07   1488000E+01 -.2051E+05 -.5028E+06   .9981418  .0336371 -.0508092
T 8876  1 .6744258E+07   1488000E+01 -.1714E+06 -.6283E+05   .9985839 -.0530948  .0033327
T 8877  1 .6765519E+07   1488000E+01  .1469E+06  .2769E+06   .9980842  .0121564  .0606637
T 8878  1 .6865564E+07   1488000E+01 -.1911E+07 -.4222E+06   .9871844 -.1582950 -.0202377
T 8879  1 .6760040E+07   1488000E+01 -.6111E+05  .4306E+05   .9994137  .0327275 -.0100538
T 8880  1 .5958577E+07   1488000E+01  .5173E+06  .2366E+06   .9976660 -.0384076  .0564578
T 8881  1 .6478842E+07   1488000E+01 -.1165E+04  .1279E+06   .9950839 -.0705375  .0695161
T 8882  1 .6169270E+07   1488000E+01 -.5024E+06 -.4181E+06   .9991252  .0257512 -.0329506
T 8883  1 .6532067E+07   1488000E+01 -.1817E+06  .5259E+05   .9993376 -.0338602 -.0133376
T 8884  1 .6625159E+07   1488000E+01  .1182E+05 -.1806E+06   .9980211 -.0173468  .0604405
T 8885  1 .6592312E+07   1488000E+01 -.2985E+05  .4558E+06   .9996803 -.0031389  .0250885
T 8886  1 .5983386E+07   1488000E+01  .6117E+05 -.2826E+06   .9999267 -.0109817 -.0051082
T 8887  1 .6001129E+07   1488000E+01  .2432E+06  .5476E+06   .9929353  .0762425  .0909205
T 8888  1 .6610414E+07   1488000E+01 -.1291E+06  .9463E+05   .9992127  .0043432  .0394353
T 8889  1 .6112810E+07   1488000E+01  .2908E+06  .6317E+05   .9994852  .0169819  .0272217
T 8890  1 .7075441E+07   1488000E+01 -.2694E+06 -.3426E+05   .9994413 -.0186241  .0277516
T 8891  1 .6682848E+07   1488000E+01 -.1992E+06 -.5897E+06   .9996376 -.0240907 -.0120162
T 8892  1 .6429911E+07   1488000E+01  .1006E+07 -.1471E+06   .9900580  .1406533  .0013614
T 8893  1 .6473792E+07   1488000E+01 -.2091E+06  .1734E+06   .9966893 -.0606714  .0541250
T 8894  1 .6231098E+07   1488000E+01 -.2498E+06 -.4655E+06   .9954693 -.0895834 -.0318695
T 8895  1 .7192627E+07   1488000E+01 -.5150E+05 -.8557E+05   .9986087 -.0000399 -.0527323
T 8896  1 .6075333E+07   1488000E+01 -.4952E+06 -.6268E+06   .9976640 -.0563556 -.0386086
T 8897  1 .5994175E+07   1488000E+01  .7004E+06  .3729E+06   .9957247  .0912757  .0141792
T 8898  1 .6809962E+07   1488000E+01  .4974E+05  .3149E+06   .9990461 -.0080826  .0429139
T 8899  1 .6139513E+07   1488000E+01  .9407E+06  .2192E+06   .9948098  .0796799  .0632814
T 8900  1 .5881476E+07   1488000E+01  .3035E+06  .2289E+06   .9999347 -.0091869 -.0067898
T 8901  1 .6493216E+07   1488000E+01  .3316E+06  .2924E+06   .9961854  .0275099  .0828116
T 8902  1 .5940953E+07   1488000E+01  .9114E+05  .1665E+06   .9988702 -.0449954  .0152881
T 8903  1 .6368602E+07   1488000E+01 -.3208E+06  .4680E+06   .9961137 -.0502775  .0723167
T 8904  1 .6344182E+07   1488000E+01  .4854E+06 -.3145E+05   .9941823  .1048546 -.0246373
T 8905  1 .6426498E+07   1488000E+01 -.4160E+06  .3016E+05   .9968074 -.0755419  .0258546
T 8906  1 .6375412E+07   1488000E+01  .2934E+05  .5553E+06   .9979988 -.0000722  .0632324
T 8907  1 .6324665E+07   1488000E+01 -.2731E+06  .4779E+06   .9976993 -.0081376  .0673048
T 8908  1 .6360320E+07   1488000E+01 -.5714E+06  .1592E+06   .9960491 -.0887879  .0016793
T 8909  1 .6699265E+07   1488000E+01  .6278E+05  .1930E+05   .9996048  .0111484 -.0258060
T 8910  1 .6794352E+07   1488000E+01 -.1629E+06 -.6537E+06   .9992597 -.0066336 -.0378954
T 8911  1 .6427012E+07   1488000E+01 -.2263E+06 -.2086E+06   .9980846 -.0603437 -.0136285
T 8912  1 .6965218E+07   1488000E+01 -.4276E+06  .1349E+06   .9972797 -.0672936  .0300794
T 8913  1 .6660785E+07   1488000E+01  .5732E+06  .4316E+06   .9971578  .0752366  .0039608
T 8914  1 .6446784E+07   1488000E+01 -.3486E+05 -.4711E+06   .9976654  .0498923 -.0466310
T 8915  1 .6431222E+07   1488000E+01 -.5249E+05  .5779E+05   .9996291  .0205465  .0178768
T 8916  1 .5928852E+07   1488000E+01  .1036E+07 -.2486E+06   .9953134  .0707712 -.0658987
T 8917  1 .6745280E+07   1488000E+01 -.2794E+06 -.2639E+06   .9992296 -.0328491 -.0214723
T 8918  1 .6328913E+07   1488000E+01 -.2554E+05  .3495E+06   .9990362  .0136183  .0417289
T 8919  1 .6411123E+07   1488000E+01 -.4527E+05  .8031E+06   .9903706 -.0017965  .1384296
T 8920  1 .6596919E+07   1488000E+01  .1846E+06  .1680E+06   .9987038  .0450164 -.0237549
T 8921  1 .6547370E+07   1488000E+01 -.1421E+06 -.2631E+06   .9998770  .0149426 -.0047595
T 8922  1 .7211426E+07   1488000E+01 -.4711E+05  .2203E+06   .9995736 -.0288603  .0044355
T 8923  1 .6515366E+07   1488000E+01  .3314E+06 -.2771E+05   .9999749 -.0010750 -.0070011
T 8924  1 .6495985E+07   1488000E+01  .1772E+06 -.6061E+05   .9999601  .0071983 -.0052817
T 8925  1 .5913690E+07   1488000E+01 -.8087E+05 -.1309E+06   .9974083 -.0154554  .0702689
T 8926  1 .6549149E+07   1488000E+01 -.4630E+05 -.1110E+05   .9997705  .0211850  .0031872
T 8927  1 .5952895E+07   1488000E+01  .7519E+06 -.8958E+06   .9966982  .0639950 -.0499730
T 8928  1 .6003260E+07   1488000E+01 -.2052E+06  .4533E+06   .9944088 -.0356031  .0994159
T 8929  1 .6834534E+07   1488000E+01  .1498E+06 -.1084E+06   .9965946  .0035274 -.0823824
T 8930  1 .5645312E+07   1488000E+01 -.9335E+05 -.1514E+06   .9977133  .0660497  .0143383
T 8931  1 .5787309E+07   1488000E+01  .2576E+06 -.7909E+05   .9974408  .0520361  .0490325
T 8932  1 .6459305E+07   1488000E+01 -.1950E+06  .1984E+06   .9980209 -.0619635  .0107179
T 8933  1 .6875294E+07   1488000E+01  .1542E+06  .2466E+06   .9978250 -.0057485  .0656670
T 8934  1 .6129173E+07   1488000E+01  .3273E+06 -.3028E+06   .9972362  .0438649  .0599646
T 8935  1 .6422469E+07   1488000E+01  .3556E+06  .1345E+05   .9963250  .0818501  .0252390
T 8936  1 .6821010E+07   1488000E+01 -.7291E+05 -.1145E+06   .9992104 -.0265688 -.0295399
T 8937  1 .6147300E+07   1488000E+01  .3565E+05  .3011E+06   .9988686  .0096400  .0465677
T 8938  1 .6093414E+07   1488000E+01 -.7288E+05  .3477E+06   .9995795  .0149892  .0248222
T 8939  1 .6038283E+07   1488000E+01  .2435E+06  .2947E+06   .9977641  .0660842  .0099793
T 8940  1 .6848691E+07   1488000E+01 -.3466E+06  .4962E+06   .9994490 -.0001520  .0331913
T 8941  1 .5432582E+07   1488000E+01  .6179E+06 -.1104E+07   .7343269  .3199799 -.5986458
T 8942  1 .5000936E+07   1488000E+01  .2275E+07 -.2058E+06   .8848792  .4653536 -.0208532
T 8943  1 .6543999E+07   1488000E+01  .8076E+06 -.6471E+05   .9988710  .0475047 -.0001449
T 8944  1 .6307339E+07   1488000E+01  .1516E+06 -.4715E+04   .9991069  .0422492  .0006633
T 8945  1 .6299991E+07   1488000E+01 -.7855E+05 -.3268E+06   .9950225 -.0725292 -.0683359
T 8946  1 .6355004E+07   1488000E+01  .4103E+06  .5360E+06   .9885577  .0789051  .1285596
T 8947  1 .6481702E+07   1488000E+01  .3062E+06 -.2878E+06   .9938872  .0553119 -.0955452
T 8948  1 .5830016E+07   1488000E+01 -.1562E+07 -.2931E+06   .9851744 -.1714534 -.0059208
T 8949  1 .6672320E+07   1488000E+01  .8081E+05 -.3513E+06   .9921775  .0583261 -.1103717
T 8950  1 .5964252E+07   1488000E+01  .1264E+06  .4911E+06   .9982485  .0326327  .0493467
T 8951  1 .6396277E+07   1488000E+01 -.5159E+06 -.2341E+06   .9939136 -.1099592 -.0066854
T 8952  1 .6186639E+07   1488000E+01  .2591E+06  .7073E+06   .9993647 -.0241424  .0262167
T 8953  1 .6394977E+07   1488000E+01 -.1948E+06 -.1598E+06   .9999222 -.0123108  .0019939
T 8954  1 .6406225E+07   1488000E+01  .7076E+06 -.1641E+06   .9963089  .0706115 -.0488117
T 8955  1 .5868800E+07   1488000E+01 -.9755E+06  .4419E+06   .9367170 -.2858063  .2021784
T 8956  1 .6328769E+07   1488000E+01 -.7876E+05 -.1921E+06   .9999041 -.0046560 -.0130451
T 8957  1 .6328665E+07   1488000E+01 -.3241E+06  .6163E+06   .9929579 -.0862057  .0812595
T 8958  1 .6821248E+07   1488000E+01 -.8490E+05 -.3404E+06   .9993448  .0097688 -.0348493
T 8959  1 .6332553E+07   1488000E+01 -.7517E+06 -.5828E+06   .9634734 -.1763259 -.2015642
T 8960  1 .6304478E+07   1488000E+01  .4465E+06  .2385E+06   .9922216  .1087733  .0605367
T 8961  1 .6193986E+07   1488000E+01  .4080E+05  .1501E+06   .9986813 -.0002729  .0513387
T 8962  1 .6407424E+07   1488000E+01  .4070E+06 -.2031E+06   .9986607 -.0079249 -.0511266
T 8963  1 .6586555E+07   1488000E+01  .1916E+06  .5286E+06   .9907848  .0951320  .0964128
T 8964  1 .6244086E+07   1488000E+01 -.3074E+04  .3150E+06   .9925787 -.0737916  .0966554
T 8965  1 .6696425E+07   1488000E+01  .8207E+06  .1271E+07   .9903332  .0724255  .1182989
T 8966  1 .3795767E+07   1488000E+01 -.1864E+07  .6036E+07   .9212383 -.1190391  .3703372
T 8967  1 .6058847E+07   1488000E+01  .2766E+06 -.1217E+06   .9994915  .0312162  .0064994
T 8968  1 .6336915E+07   1488000E+01  .2607E+06  .1362E+06   .9868550  .0357448  .1576057
T 8969  1 .6750772E+07   1488000E+01  .1447E+06 -.8526E+06   .9916563 -.0534007 -.1173293
T 8970  1 .6108699E+07   1488000E+01  .1794E+05  .1290E+05   .9992328 -.0067570  .0385754
T 8971  1 .6924152E+07   1488000E+01 -.1120E+06  .1351E+06   .9991662 -.0226816  .0339481
T 8972  1 .6574842E+07   1488000E+01  .2925E+06  .3442E+06   .9983931 -.0205871  .0527955
T 8973  1 .6365480E+07   1488000E+01 -.7776E+05  .2765E+06   .9977861 -.0034708  .0664139
T 8974  1 .6309773E+07   1488000E+01 -.2023E+06 -.5215E+06   .9960092 -.0034465 -.0891839
T 8975  1 .6294781E+07   1488000E+01  .5680E+05 -.1712E+06   .9997547  .0110706 -.0191850
T 8976  1 .5592369E+07   1488000E+01  .2777E+05  .1405E+07   .9845372  .0857635  .1527451
T 8977  1 .6692926E+07   1488000E+01 -.2958E+06  .2214E+06   .9932511 -.1157251 -.0077463
T 8978  1 .6930229E+07   1488000E+01 -.8185E+05 -.6245E+05   .9867949 -.0715146 -.1453326
T 8979  1 .6403333E+07   1488000E+01 -.9566E+06 -.7153E+06   .9945164 -.0863181 -.0590450
T 8980  1 .6406911E+07   1488000E+01  .6325E+06 -.8710E+05   .9950599  .0967699  .0221683
T 8981  1 .6120990E+07   1488000E+01  .7857E+06 -.1116E+06   .9977780  .0590535  .0308489
T 8982  1 .6446115E+07   1488000E+01  .5567E+06 -.7632E+06   .9990155  .0306911 -.0320329
T 8983  1 .6642855E+07   1488000E+01  .2028E+06  .2584E+06   .9987986 -.0079126  .0483611
T 8984  1 .5947057E+07   1488000E+01 -.1141E+06  .1062E+06   .9983860  .0360698  .0438677
T 8985  1 .6725530E+07   1488000E+01 -.1283E+05 -.4879E+06   .9964833 -.0413686 -.0728681
T 8986  1 .6631466E+07   1488000E+01 -.2127E+06  .5803E+05   .9999164 -.0098368 -.0083966
T 8987  1 .6532066E+07   1488000E+01  .1251E+06  .4091E+06   .9982528  .0021062  .0590504
T 8988  1 .6050095E+07   1488000E+01 -.2495E+06  .1125E+05   .9966730  .0026793  .0814602
T 8989  1 .6366560E+07   1488000E+01  .2296E+06  .1900E+06   .9950917  .0865809  .0479182
T 8990  1 .6497092E+07   1488000E+01 -.1888E+06 -.2754E+06   .9999575 -.0090380 -.0018174
T 8991  1 .6860182E+07   1488000E+01 -.1738E+06  .2630E+06   .9987376  .0127703  .0485813
T 8992  1 .6291241E+07   1488000E+01  .2907E+05  .5664E+05   .9994324  .0336519  .0015555
T 8993  1 .6557737E+07   1488000E+01  .3776E+05  .4746E+06   .9999034 -.0067400 -.0121569
T 8994  1 .6226512E+07   1488000E+01  .4604E+05 -.1629E+06   .9984690  .0551585  .0041533
T 8995  1 .6155056E+07   1488000E+01  .1697E+07  .1753E+07   .9884558  .0439965  .1449805
T 8996  1 .6541109E+07   1488000E+01  .4956E+05 -.4535E+06   .9987241  .0036320 -.0503677
T 8997  1 .6132094E+07   1488000E+01  .1636E+05 -.2432E+06   .9994722  .0282625  .0160202
T 8998  1 .6198665E+07   1488000E+01  .3853E+06 -.3842E+06   .9980970  .0310741 -.0532620
T 8999  1 .6047248E+07   1488000E+01  .3977E+06 -.4866E+06   .9943294  .0824643 -.0671464
T 9000  1 .6952609E+07   1488000E+01  .3087E+06 -.2484E+06   .9983375  .0233893 -.0526796
T 9001  1 .5994787E+07   1488000E+01 -.1363E+06  .2156E+06   .9996289 -.0172730 -.0210666
T 9002  1 .6377788E+07   1488000E+01 -.3422E+06 -.6328E+05   .9940689 -.0665803 -.0859885
T 9003  1 .6169499E+07   1488000E+01 -.3068E+06  .6252E+05   .9995031 -.0244219  .0199277
T 9004  1 .6177450E+07   1488000E+01 -.3232E+06  .2741E+06   .9973775 -.0658652  .0299998
T 9005  1 .6854363E+07   1488000E+01  .1762E+06  .1551E+06   .9966614  .0769888  .0271806
T 9006  1 .5729852E+07   1488000E+01  .3994E+06 -.6347E+06   .9935305  .0647162 -.0933216
T 9007  1 .6250133E+07   1488000E+01  .2785E+06  .1045E+06   .9996314  .0117944  .0244522
T 9008  1 .6065236E+07   1488000E+01 -.8111E+05  .2935E+06   .9976983 -.0351805  .0579692
T 9009  1 .6890395E+07   1488000E+01  .1707E+06 -.1794E+06   .9962093  .0851763  .0176649
T 9010  1 .6082358E+07   1488000E+01  .1761E+06 -.1140E+07   .9709013  .0740535 -.2277429
T 9011  1 .6029954E+07   1488000E+01 -.9649E+04  .1911E+06   .9990200  .0438444  .0060604
T 9012  1 .6371703E+07   1488000E+01  .1288E+06 -.2131E+06   .9981602 -.0605801 -.0025095
T 9013  1 .6706290E+07   1488000E+01  .2681E+06  .3872E+06   .9999933 -.0033249  .0015278
T 9014  1 .6330209E+07   1488000E+01  .7039E+06  .1681E+06   .9920827  .1177772 -.0435942
T 9015  1 .6566569E+07   1488000E+01 -.1703E+06  .2567E+03   .9976842 -.0310081  .0605372
T 9016  1 .5973012E+07   1488000E+01 -.3725E+06 -.2355E+06   .9995167  .0003254 -.0310833
T 9017  1 .6890751E+07   1488000E+01 -.1533E+05  .4776E+05   .9998865 -.0065843 -.0135483
T 9018  1 .6324600E+07   1488000E+01 -.2070E+06 -.1077E+06   .9996425 -.0260949 -.0058298
T 9019  1 .6397207E+07   1488000E+01 -.4843E+05  .7549E+06   .9863686  .0168662  .1636842
T 9020  1 .6555537E+07   1488000E+01  .2349E+06 -.3589E+06   .9958900  .0280547 -.0861170
T 9021  1 .6901197E+07   1488000E+01  .2627E+05 -.2314E+06   .9978551  .0602555 -.0255811
T 9022  1 .6218527E+07   1488000E+01 -.3851E+06 -.1347E+06   .9983751 -.0400745 -.0405126
T 9023  1 .6368624E+07   1488000E+01 -.3110E+06 -.6887E+06   .9978335 -.0117366 -.0647341
T 9024  1 .6105923E+07   1488000E+01  .1966E+06  .4906E+06   .9981289  .0530246  .0304468
T 9025  1 .7023245E+07   1488000E+01  .2597E+06  .2085E+06   .9992443  .0226671  .0315743
T 9026  1 .6529312E+07   1488000E+01  .2604E+06  .1829E+06   .9987196  .0412247  .0293205
T 9027  1 .6425808E+07   1488000E+01  .2015E+06  .2051E+06   .9930641  .1171868  .0095346
T 9028  1 .6412779E+07   1488000E+01 -.2303E+06  .1956E+05   .9997372 -.0204751 -.0103146
T 9029  1 .6249855E+07   1488000E+01  .4577E+06 -.3879E+06   .9740402  .1818512 -.1348180
T 9030  1 .6419689E+07   1488000E+01  .3172E+06 -.8610E+05   .9950027  .0785089 -.0616926
T 9031  1 .6001004E+07   1488000E+01  .3457E+05 -.2577E+06   .9976406  .0673560  .0132798
T 9032  1 .6325392E+07   1488000E+01 -.2084E+06  .2043E+06   .9917913 -.0916336  .0891809
T 9033  1 .6677925E+07   1488000E+01 -.1231E+06 -.1501E+06   .9951771 -.0557425 -.0807172
T 9034  1 .6495916E+07   1488000E+01  .1501E+06 -.7934E+06   .9883895  .0250871 -.1498561
T 9035  1 .6144264E+07   1488000E+01 -.2325E+06  .6486E+06   .9954410 -.0529143  .0793557
T 9036  1 .5985446E+07   1488000E+01 -.2672E+06 -.1203E+07   .9921509  .0206093 -.1233362
T 9037  1 .6451414E+07   1488000E+01  .1036E+06 -.2751E+06   .9990727  .0353057 -.0246437
T 9038  1 .6351822E+07   1488000E+01  .4279E+06 -.7955E+05   .9977634  .0637754 -.0200239
T 9039  1 .5419003E+07   1488000E+01  .1820E+06  .4184E+06   .9973923  .0308844  .0652287
T 9040  1 .6018415E+07   1488000E+01  .1136E+06 -.2273E+05   .9988430  .0245964 -.0413236
T 9041  1 .6155903E+07   1488000E+01  .1056E+05  .5441E+06   .9964594  .0414083  .0731716
T 9042  1 .6336596E+07   1488000E+01  .3228E+05 -.1476E+06   .9987094 -.0438815  .0255728
T 9043  1 .6387801E+07   1488000E+01 -.1001E+07 -.7374E+06   .9875507 -.1180811 -.1039256
T 9044  1 .6137734E+07   1488000E+01  .3143E+06 -.5158E+06   .9926621  .0387042 -.1145601
T 9045  1 .7020954E+07   1488000E+01 -.2182E+06 -.4488E+06   .9936747 -.0795950 -.0792165
T 9046  1 .7087218E+07   1488000E+01  .2112E+06 -.3448E+06   .9996882  .0213671 -.0129185
T 9047  1 .6641720E+07   1488000E+01  .3852E+06  .5435E+04   .9978942  .0634657  .0133909
T 9048  1 .6532844E+07   1488000E+01  .1074E+06  .1286E+06   .9965684 -.0361363 -.0744683
T 9049  1 .6285139E+07   1488000E+01 -.5811E+06  .7114E+05   .9958135 -.0679680 -.0611210
T 9050  1 .6000405E+07   1488000E+01 -.2688E+05  .4177E+06   .9989946 -.0056102  .0444785
T 9051  1 .6845030E+07   1488000E+01  .4005E+06  .6201E+05   .9946169  .1001568  .0265672
T 9052  1 .6306538E+07   1488000E+01 -.1943E+06  .1621E+06   .9997998 -.0152881  .0129092
T 9053  1 .6494932E+07   1488000E+01 -.1998E+06 -.1288E+06   .9996595 -.0199144 -.0168595
T 9054  1 .6129198E+07   1488000E+01  .6641E+06  .1558E+06   .9927947  .1195647 -.0079287
T 9055  1 .6491637E+07   1488000E+01  .3092E+06  .4812E+06   .9929501  .0691091  .0963021
T 9056  1 .6253895E+07   1488000E+01  .2676E+06  .4308E+05   .9994739  .0234985  .0223534
T 9057  1 .5992572E+07   1488000E+01  .2632E+06  .2044E+06   .9987797  .0333466 -.0364292
T 9058  1 .6184638E+07   1488000E+01 -.6383E+06 -.4958E+05   .9973327 -.0618547  .0387490
T 9059  1 .6225935E+07   1488000E+01  .2225E+06 -.2251E+06   .9955492  .0710843 -.0618782
T 9060  1 .6294899E+07   1488000E+01 -.1980E+06  .1150E+06   .9988843 -.0471721  .0022027
T 9061  1 .6548596E+07   1488000E+01  .8083E+06  .1200E+06   .9989982  .0380543  .0235453
T 9062  1 .5759653E+07   1488000E+01 -.3604E+06 -.1414E+06   .9972906 -.0518339 -.0521985
T 9063  1 .6389117E+07   1488000E+01  .6138E+05 -.1311E+06   .9995966  .0133235 -.0250826
T 9064  1 .5802121E+07   1488000E+01 -.4665E+06 -.3924E+06   .9940580 -.0861792 -.0664966
T 9065  1 .6536379E+07   1488000E+01  .3102E+06  .1987E+06   .9954046  .0859678  .0421801
T 9066  1 .6872545E+07   1488000E+01  .8004E+05 -.1358E+06   .9992490 -.0387474  .0001364
T 9067  1 .6466125E+07   1488000E+01 -.2091E+05 -.3112E+06   .9978345  .0419813 -.0506350
T 9068  1 .5973225E+07   1488000E+01  .1080E+06 -.1279E+06   .9997762  .0053276 -.0204739
T 9069  1 .6532782E+07   1488000E+01  .2784E+05 -.7441E+06   .9983664  .0209967 -.0531378
T 9070  1 .6361189E+07   1488000E+01  .1529E+06 -.1588E+06   .9995281 -.0191328 -.0240328
T 9071  1 .5864734E+07   1488000E+01  .8601E+04 -.3449E+06   .9960097  .0249114 -.0856973
T 9072  1 .6208483E+07   1488000E+01 -.2809E+06 -.2466E+06   .9978137 -.0421443 -.0509091
T 9073  1 .6695544E+07   1488000E+01  .1156E+06 -.5251E+06   .9937463  .0237542 -.1091054
T 9074  1 .5812733E+07   1488000E+01  .4199E+05  .3734E+05   .9986162 -.0247263  .0464153
T 9075  1 .6730693E+07   1488000E+01 -.4570E+06  .2040E+06   .9987248 -.0438315  .0250497
T 9076  1 .6534090E+07   1488000E+01  .4332E+05 -.4200E+05   .9993022  .0064229  .0367940
T 9077  1 .6104204E+07   1488000E+01  .4210E+06 -.3210E+06   .9982426  .0575751 -.0140306
T 9078  1 .6720190E+07   1488000E+01  .4770E+05 -.1253E+06   .9986016  .0256940 -.0462032
T 9079  1 .6152472E+07   1488000E+01  .4677E+06 -.1478E+06   .9971814  .0726288 -.0188232
T 9080  1 .6133954E+07   1488000E+01 -.5431E+05  .4105E+05   .9999098 -.0002076  .0134265
T 9081  1 .6361055E+07   1488000E+01 -.3345E+06  .3345E+06   .9984736 -.0428561  .0348411
T 9082  1 .6507501E+07   1488000E+01 -.2450E+06  .7838E+05   .9983238 -.0492015 -.0304778
T 9083  1 .6586162E+07   1488000E+01  .5006E+06 -.2279E+06   .9905579  .1225572 -.0614397
T 9084  1 .7019594E+07   1488000E+01  .6451E+05  .3782E+06   .9986362 -.0028975  .0521277
T 9085  1 .6078481E+07   1488000E+01 -.2780E+05 -.3208E+06   .9971806  .0370777 -.0652381
T 9086  1 .6411050E+07   1488000E+01  .3764E+06 -.1069E+06   .9975219  .0687953  .0147427
T 9087  1 .6570677E+07   1488000E+01  .7910E+05 -.3928E+06   .9953017  .0765657 -.0592647
T 9088  1 .6222627E+07   1488000E+01 -.4186E+06  .2172E+06   .9932153 -.0844528  .0799439
T 9089  1 .6815867E+07   1488000E+01  .2229E+06  .3595E+06   .9976695  .0502089  .0462019
T 9090  1 .6308015E+07   1488000E+01  .3797E+05  .4471E+05   .9999215 -.0093981  .0082909
T 9091  1 .6470614E+07   1488000E+01 -.2381E+05 -.2310E+06   .9985388 -.0023757 -.0539867
T 9092  1 .7087960E+07   1488000E+01  .6250E+06 -.4800E+06   .9432401  .3293452 -.0427776
T 9093  1 .6131990E+07   1488000E+01  .5406E+06  .6565E+06   .9938771  .0511476  .0979402
T 9094  1 .6905443E+07   1488000E+01  .5796E+04 -.4500E+06   .9957784  .0639854 -.0658127
T 9095  1 .6433018E+07   1488000E+01  .4692E+06  .2344E+06   .9995295  .0287639 -.0106475
T 9096  1 .6843557E+07   1488000E+01 -.2750E+06 -.4555E+05   .9996228  .0082698  .0261877
T 9097  1 .6595261E+07   1488000E+01  .5052E+06  .1948E+05   .9977830  .0558088 -.0362552
T 9098  1 .5979016E+07   1488000E+01 -.7559E+05  .1244E+07   .9181760 -.0069495  .3961118
T 9099  1 .6381073E+07   1488000E+01 -.2878E+05 -.5715E+05   .9997746 -.0194353 -.0085415
T 9100  1 .6405627E+07   1488000E+01  .2652E+06  .7616E+05   .9982118  .0278239  .0529060
T 9101  1 .6262636E+07   1488000E+01 -.1561E+06  .6464E+06   .9963063 -.0323540  .0795419
T 9102  1 .6428253E+07   1488000E+01 -.9006E+05  .6213E+05   .9992232 -.0336430  .0205235
T 9103  1 .6373392E+07   1488000E+01 -.2747E+06 -.3181E+05   .9978751 -.0504405 -.0412431
T 9104  1 .6861469E+07   1488000E+01 -.1649E+06 -.1836E+06   .9992134 -.0375440 -.0127696
T 9105  1 .6394140E+07   1488000E+01  .1379E+06 -.1949E+06   .9954641  .0951370  .0003844
T 9106  1 .6462903E+07   1488000E+01 -.9030E+05 -.3405E+05   .9994248 -.0178550  .0288314
T 9107  1 .6330804E+07   1488000E+01 -.1778E+06 -.2188E+06   .9966997 -.0591959 -.0555486
T 9108  1 .6356325E+07   1488000E+01 -.5282E+05  .1530E+06   .9976586  .0275794  .0625828
T 9109  1 .6377836E+07   1488000E+01 -.3108E+06  .5324E+05   .9999988  .0015072  .0002094
T 9110  1 .6010121E+07   1488000E+01  .6756E+06  .1627E+06   .9977317  .0639217 -.0211062
T 9111  1 .6322117E+07   1488000E+01 -.1530E+06  .4005E+06   .9993795 -.0233445  .0263767
T 9112  1 .6815013E+07   1488000E+01  .1342E+05 -.1206E+06   .9986114 -.0503419  .0155235
T 9113  1 .6326399E+07   1488000E+01  .2414E+06 -.2448E+06   .9991413 -.0352610 -.0217569
T 9114  1 .6953868E+07   1488000E+01 -.1527E+06 -.4181E+06   .9951270 -.0489429 -.0855975
T 9115  1 .6480967E+07   1488000E+01  .1825E+06  .1481E+06   .9979581  .0422797  .0478756
T 9116  1 .6069430E+07   1488000E+01 -.5287E+06  .2615E+06   .9961551 -.0827177  .0288587
T 9117  1 .6418708E+07   1488000E+01  .1470E+06  .4599E+06   .9987060 -.0266161  .0433344
T 9118  1 .5993257E+07   1488000E+01  .9505E+06 -.7609E+04   .9891968  .1279462 -.0715497
T 9119  1 .6533509E+07   1488000E+01 -.5250E+05 -.1936E+06   .9994191 -.0051066 -.0336950
T 9120  1 .6482093E+07   1488000E+01  .2233E+06  .6892E+06   .9936680  .0186082  .1108044
T 9121  1 .6424915E+07   1488000E+01 -.1587E+06  .2987E+05   .9991969 -.0370746 -.0152000
T 9122  1 .6972672E+07   1488000E+01 -.6081E+06  .3636E+06   .9878594 -.1396917  .0679711
T 9123  1 .6424572E+07   1488000E+01 -.8183E+05  .1761E+06   .9978668 -.0066687  .0649421
T 9124  1 .6583251E+07   1488000E+01  .4381E+06  .2787E+06   .9889046  .0961767  .1132152
T 9125  1 .5479561E+07   1488000E+01 -.7545E+06  .7552E+06   .9862140 -.0826947  .1433302
T 9126  1 .6194992E+07   1488000E+01 -.7970E+05  .3651E+06   .9947270 -.0274250  .0988239
T 9127  1 .6425359E+07   1488000E+01 -.3649E+06  .3743E+06   .9980348 -.0253445 -.0573085
T 9128  1 .6663155E+07   1488000E+01 -.2566E+06  .2197E+06   .9994242  .0156886 -.0300850
T 9129  1 .6388306E+07   1488000E+01  .4364E+05 -.9693E+05   .9993673  .0019027 -.0355152
T 9130  1 .6414569E+07   1488000E+01  .4100E+06  .4074E+06   .9969077  .0291705  .0729668
T 9131  1 .6214847E+07   1488000E+01  .8470E+05 -.2237E+06   .9992900 -.0222690 -.0303921
T 9132  1 .6029757E+07   1488000E+01  .1408E+06 -.5099E+05   .9998485 -.0150058 -.0088176
T 9133  1 .6253135E+07   1488000E+01 -.2044E+06  .5927E+06   .9965590 -.0543704  .0625619
T 9134  1 .6326181E+07   1488000E+01 -.1592E+06  .2088E+06   .9988545  .0155573  .0452513
T 9135  1 .6206499E+07   1488000E+01  .2602E+06  .5143E+05   .9961015  .0873928 -.0120101
T 9136  1 .6364370E+07   1488000E+01 -.6686E+06  .1473E+07   .9650093 -.1154242  .2354449
T 9137  1 .6348448E+07   1488000E+01 -.2130E+06  .2182E+06   .9985202  .0036477  .0542599
T 9138  1 .6276741E+07   1488000E+01 -.4783E+05 -.2053E+06   .9996878  .0046535 -.0245476
T 9139  1 .6856689E+07   1488000E+01  .7052E+06  .2522E+06   .9979663  .0636390  .0036454
T 9140  1 .6559540E+07   1488000E+01 -.5795E+06  .9700E+05   .9981504 -.0514135  .0324401
T 9141  1 .6654289E+07   1488000E+01 -.3185E+04  .5370E+06   .9975203  .0276122  .0647366
T 9142  1 .6733710E+07   1488000E+01 -.9563E+05  .2605E+05   .9988437 -.0466292  .0117035
T 9143  1 .6956229E+07   1488000E+01  .6723E+05  .4536E+06   .9976133 -.0174309  .0668121
T 9144  1 .6360917E+07   1488000E+01  .3765E+06  .4511E+05   .9967392  .0806373  .0029281
T 9145  1 .6629587E+07   1488000E+01  .9172E+05 -.9390E+05   .9995115 -.0155012  .0271385
T 9146  1 .6694378E+07   1488000E+01  .3817E+06  .2751E+06   .9974315  .0716097  .0015777
T 9147  1 .6492166E+07   1488000E+01  .1843E+06 -.5080E+04   .9987834  .0010383  .0493025
T 9148  1 .6356949E+07   1488000E+01  .1003E+06  .4626E+06   .9995142 -.0306325  .0057372
T 9149  1 .6166650E+07   1488000E+01 -.1330E+06  .1437E+06   .9985613 -.0276929  .0459170
T 9150  1 .6785774E+07   1488000E+01  .1102E+06  .2664E+06   .9987550  .0283454  .0410495
T 9151  1 .6126357E+07   1488000E+01 -.5357E+06  .1919E+06   .9992918 -.0187923  .0325991
T 9152  1 .6719641E+07   1488000E+01  .7700E+06  .1224E+06   .9920905  .1122819  .0561174
T 9153  1 .6363080E+07   1488000E+01 -.4411E+06 -.9845E+05   .9966648 -.0789780 -.0205360
T 9154  1 .6702771E+07   1488000E+01 -.4309E+05  .1399E+06   .9981618  .0391206  .0462875
T 9155  1 .6386447E+07   1488000E+01 -.1967E+06 -.5928E+05   .9990375  .0337682  .0279945
T 9156  1 .6572942E+07   1488000E+01  .5953E+06  .2484E+06   .9959910  .0350334  .0823073
T 9157  1 .6587340E+07   1488000E+01  .1378E+06  .2328E+06   .9977658  .0569165  .0349855
T 9158  1 .6121831E+07   1488000E+01  .1162E+07 -.9860E+06   .9901174  .1038965 -.0941963
T 9159  1 .6551168E+07   1488000E+01 -.1160E+06  .8595E+06   .9919934  .0093651  .1259423
T 9160  1 .6343585E+07   1488000E+01  .2630E+06  .2970E+06   .9999981  .0014041  .0013857
T 9161  1 .5974146E+07   1488000E+01  .4435E+06 -.2671E+06   .9964423  .0535148 -.0651069
T 9162  1 .6472869E+07   1488000E+01 -.2233E+06 -.3425E+06   .9998519 -.0011390  .0171745
T 9163  1 .6172907E+07   1488000E+01  .1068E+06 -.3472E+06   .9988013  .0386888 -.0299850
T 9164  1 .6207590E+07   1488000E+01  .1068E+06 -.4724E+04   .9994286  .0233873  .0244037
T 9165  1 .6799247E+07   1488000E+01 -.1477E+06  .2517E+05   .9976990 -.0587531 -.0338347
T 9166  1 .6080904E+07   1488000E+01 -.1043E+06 -.3224E+06   .9935304 -.0473153 -.1032408
T 9167  1 .6319016E+07   1488000E+01  .6594E+06 -.5509E+06   .9905030  .0928177 -.1014333
T 9168  1 .6020369E+07   1488000E+01 -.5696E+06 -.8805E+06   .9818303 -.1395927 -.1285421
T 9169  1 .6624316E+07   1488000E+01 -.9799E+05  .1510E+06   .9993651  .0297462  .0196088
T 9170  1 .6209906E+07   1488000E+01 -.1886E+06  .2500E+06   .9976617 -.0679360  .0074759
T 9171  1 .6710824E+07   1488000E+01 -.4574E+06  .4796E+06   .9966972 -.0538330  .0608005
T 9172  1 .6220947E+07   1488000E+01 -.5459E+05  .5001E+06   .9975836  .0094619  .0688294
T 9173  1 .6340487E+07   1488000E+01  .4551E+06 -.3242E+06   .9939329 -.0316309 -.1053415
T 9174  1 .5802623E+07   1488000E+01  .2286E+06  .4486E+06   .9925744  .0320831  .1173318
T 9175  1 .6644215E+07   1488000E+01  .1152E+06  .1891E+06   .9997019  .0039437  .0240931
T 9176  1 .6665482E+07   1488000E+01  .1818E+06  .8039E+05   .9997461  .0190332 -.0120599
T 9177  1 .6204583E+07   1488000E+01 -.1439E+06 -.7049E+06   .9059348  .0718188 -.4172820
T 9178  1 .6425436E+07   1488000E+01 -.1460E+06  .2268E+06   .9976876 -.0205873  .0647737
T 9179  1 .6134124E+07   1488000E+01  .2121E+06 -.2713E+06   .9959114  .0146540 -.0891387
T 9180  1 .5956391E+07   1488000E+01 -.6404E+06 -.1989E+06   .9959996 -.0888884  .0091426
T 9181  1 .6431315E+07   1488000E+01  .3336E+06 -.5951E+06   .9919467  .0722548 -.1040236
T 9182  1 .6425706E+07   1488000E+01  .4537E+06 -.1598E+06   .9974020  .0684690  .0223904
T 9183  1 .6382463E+07   1488000E+01 -.2020E+06 -.3748E+05   .9987203 -.0457470 -.0215618
T 9184  1 .6329755E+07   1488000E+01  .4463E+06  .4442E+06   .9941128  .0673422  .0848812
T 9185  1 .6577518E+07   1488000E+01 -.2589E+06 -.1218E+06   .9999655  .0020542 -.0080460
T 9186  1 .7081845E+07   1488000E+01  .4205E+05 -.4505E+06   .9976442  .0097032 -.0679105
T 9187  1 .6232497E+07   1488000E+01 -.6139E+06  .7775E+05   .9974850 -.0699530  .0114139
T 9188  1 .6089874E+07   1488000E+01 -.3644E+06 -.3041E+06   .9998119 -.0186576  .0052904
T 9189  1 .6843817E+07   1488000E+01  .1724E+06  .2952E+06   .9932777  .0670256  .0943764
T 9190  1 .6344465E+07   1488000E+01  .2092E+06 -.6991E+06   .9986313  .0289592 -.0435535
T 9191  1 .5887829E+07   1488000E+01  .2916E+06 -.3578E+04   .9998986 -.0088012  .0111910
T 9192  1 .6247633E+07   1488000E+01 -.8059E+05 -.1591E+06   .9933549  .0512345 -.1030582
T 9193  1 .6311951E+07   1488000E+01  .4089E+06  .1232E+06   .9952108  .0957954  .0194630
T 9194  1 .5995333E+07   1488000E+01 -.5704E+04 -.1563E+06   .9962971  .0567349 -.0646008
T 9195  1 .6231908E+07   1488000E+01 -.1340E+06  .3258E+06   .9981206 -.0544925 -.0280318
T 9196  1 .6042964E+07   1488000E+01 -.2431E+06  .8010E+05   .9969724 -.0758692 -.0170268
T 9197  1 .6196766E+07   1488000E+01 -.1050E+06  .5440E+05   .9983004  .0355992  .0461409
T 9198  1 .6577849E+07   1488000E+01 -.4915E+06  .5851E+06   .9927970 -.0967433  .0706739
T 9199  1 .6127723E+07   1488000E+01  .2739E+05  .2172E+06   .9981419 -.0147036 -.0591309
T 9200  1 .6664262E+07   1488000E+01 -.1017E+06 -.1819E+05   .9999148  .0043833 -.0122989
T 9201  1 .6145876E+07   1488000E+01  .8227E+05 -.2025E+06   .9958857 -.0276673 -.0862915
T 9202  1 .6231981E+07   1488000E+01 -.6566E+06 -.1591E+06   .9853966 -.1651926 -.0412905
T 9203  1 .7096491E+07   1488000E+01  .5789E+06 -.9415E+06   .9929743  .0631623 -.1000629
T 9204  1 .6090714E+07   1488000E+01 -.1910E+06  .3311E+06   .9963010 -.0071031  .0856386
T 9205  1 .6917432E+07   1488000E+01  .9258E+05 -.1780E+06   .9983555  .0321163 -.0474859
T 9206  1 .6123510E+07   1488000E+01 -.4649E+06 -.1285E+05   .9985135 -.0502989  .0209975
T 9207  1 .5808799E+07   1488000E+01 -.4713E+06 -.3243E+05   .9958031 -.0914317  .0040410
T 9208  1 .6702039E+07   1488000E+01  .5011E+05 -.2139E+06   .9999361 -.0044598 -.0103876
T 9209  1 .5977217E+07   1488000E+01 -.5693E+06 -.3059E+06   .9968862 -.0602199 -.0509071
T 9210  1 .5889928E+07   1488000E+01  .2430E+06 -.4159E+06   .9814047  .0898699 -.1696117
T 9211  1 .6013603E+07   1488000E+01  .1779E+05 -.2751E+05   .9982894  .0218661  .0542239
T 9212  1 .6312466E+07   1488000E+01  .8251E+06 -.4641E+06   .9989829  .0438247  .0106061
T 9213  1 .6524571E+07   1488000E+01 -.2867E+06  .1968E+06   .9991417 -.0147095  .0387241
T 9214  1 .6784139E+07   1488000E+01  .3921E+06 -.1296E+06   .9980433  .0622537 -.0058437
T 9215  1 .6497531E+07   1488000E+01 -.1661E+03 -.4543E+06   .9962990  .0004870 -.0859539
T 9216  1 .6356883E+07   1488000E+01 -.1553E+05  .6675E+06   .9926425  .0573767  .1066247
T 9217  1 .6318249E+07   1488000E+01  .1176E+07 -.6198E+06   .9854285  .1553948 -.0691609
T 9218  1 .6021601E+07   1488000E+01 -.1468E+05 -.3354E+06   .9999063  .0129342 -.0044766
T 9219  1 .5870795E+07   1488000E+01 -.1109E+06  .9916E+05   .9974179  .0672243  .0252681
T 9220  1 .5771538E+07   1488000E+01 -.3191E+06 -.7141E+05   .9945267  .0540773  .0893996
T 9221  1 .6011696E+07   1488000E+01 -.2213E+05  .2960E+06   .9964937 -.0069014  .0833823
T 9222  1 .6634547E+07   1488000E+01 -.2376E+03 -.4324E+06   .9956749 -.0244451 -.0896326
T 9223  1 .6230062E+07   1488000E+01 -.3617E+06  .7345E+06   .9977522  .0009998  .0670045
T 9224  1 .6403314E+07   1488000E+01 -.3912E+05 -.7350E+06   .9991396 -.0037411 -.0413054
T 9225  1 .6498746E+07   1488000E+01  .7424E+06  .3341E+06   .9956411  .0868424  .0340169
T 9226  1 .6395548E+07   1488000E+01  .1593E+06  .1982E+06   .9990463  .0185346  .0395345
T 9227  1 .6413661E+07   1488000E+01  .3005E+06  .1895E+06   .9954348  .0673759  .0676024
T 9228  1 .6429452E+07   1488000E+01 -.2846E+06  .6377E+05   .9981125 -.0470022 -.0395242
T 9229  1 .6685953E+07   1488000E+01 -.7666E+06  .1170E+06   .9899133 -.1410045  .0137605
T 9230  1 .5995479E+07   1488000E+01 -.6124E+06 -.1713E+05   .9938087 -.1073193  .0287552
T 9231  1 .6739931E+07   1488000E+01 -.3018E+05 -.1782E+06   .9945926 -.0048685 -.1037391
T 9232  1 .6267785E+07   1488000E+01 -.1300E+06  .3393E+05   .9976018 -.0603630 -.0338670
T 9233  1 .6361770E+07   1488000E+01  .1841E+06  .2361E+06   .9996665  .0240616 -.0093751
T 9234  1 .6161995E+07   1488000E+01 -.1282E+06  .1362E+06   .9949008 -.0839745  .0558630
T 9235  1 .6429322E+07   1488000E+01  .5036E+05  .4169E+06   .9986923 -.0157642  .0486325
T 9236  1 .6377352E+07   1488000E+01 -.3886E+06  .5895E+06   .9929812 -.0427172  .1102888
T 9237  1 .6324007E+07   1488000E+01  .6529E+06 -.3284E+06   .9965323  .0636913 -.0535433
T 9238  1 .6836613E+07   1488000E+01  .1606E+06  .7840E+06   .9984424 -.0017689  .0557648
T 9239  1 .6984086E+07   1488000E+01  .2588E+06  .1666E+06   .9982694  .0583835 -.0070406
T 9240  1 .6459490E+07   1488000E+01  .1460E+06  .1487E+05   .9997368 -.0081090  .0214631
T 9241  1 .6480191E+07   1488000E+01  .4561E+05  .3074E+05   .9995480 -.0082122  .0289192
T 9242  1 .6663743E+07   1488000E+01 -.6057E+06  .1268E+06   .9974642 -.0696280 -.0147337
T 9243  1 .6432663E+07   1488000E+01  .7094E+06 -.2210E+06   .9910024  .1214047 -.0563484
T 9244  1 .6754001E+07   1488000E+01  .6539E+06 -.7193E+06   .9945920  .0608076 -.0841971
T 9245  1 .5947023E+07   1488000E+01  .2241E+06 -.1967E+06   .9988335 -.0149432 -.0459169
T 9246  1 .6729123E+07   1488000E+01 -.3556E+06  .4344E+05   .9995832 -.0261200  .0122939
T 9247  1 .6438448E+07   1488000E+01  .3502E+06  .3159E+06   .9951165  .0749625  .0642172
T 9248  1 .6650379E+07   1488000E+01 -.8300E+06 -.4330E+05   .9966479 -.0701053  .0421695
T 9249  1 .6859135E+07   1488000E+01 -.2858E+06 -.1870E+06   .9993314 -.0214910  .0295787
T 9250  1 .6169803E+07   1488000E+01  .5990E+06 -.1860E+06   .9968382  .0781812 -.0141849
T 9251  1 .6260475E+07   1488000E+01  .3514E+04  .3337E+05   .9983077 -.0479465  .0329076
T 9252  1 .6048864E+07   1488000E+01 -.7891E+06  .1898E+06   .9940856 -.1009648  .0400004
T 9253  1 .6712080E+07   1488000E+01 -.3731E+06  .8801E+05   .9993961 -.0330812 -.0106341
T 9254  1 .6528509E+07   1488000E+01 -.3004E+06 -.8164E+06   .9870039 -.0657832 -.1466147
T 9255  1 .6496470E+07   1488000E+01  .1056E+06  .5266E+05   .9998108 -.0089060  .0172942
T 9256  1 .6543230E+07   1488000E+01  .1238E+06 -.5762E+06   .9995112  .0053910 -.0307946
T 9257  1 .6795774E+07   1488000E+01  .3083E+06  .2560E+06   .9981245  .0466654  .0396207
T 9258  1 .6917839E+07   1488000E+01  .2780E+05  .5958E+06   .9948289 -.0079229  .1012557
T 9259  1 .6006287E+07   1488000E+01  .5746E+05  .1759E+06   .9986262 -.0298591  .0430591
T 9260  1 .6121432E+07   1488000E+01 -.4094E+06  .4613E+06   .9878082 -.0465525  .1485524
T 9261  1 .6386740E+07   1488000E+01 -.3543E+06  .1841E+06   .9988715 -.0385491 -.0277431
T 9262  1 .6587980E+07   1488000E+01 -.6315E+06  .9332E+05   .9985355 -.0540791  .0015143
T 9263  1 .6855003E+07   1488000E+01 -.5465E+05  .1030E+06   .9986667 -.0123578  .0501209
T 9264  1 .6238068E+07   1488000E+01 -.4376E+06 -.1840E+06   .9937773 -.1072560 -.0300465
T 9265  1 .6209240E+07   1488000E+01 -.4969E+05  .8864E+05   .9970923 -.0615502  .0449273
T 9266  1 .5196735E+07   1488000E+01 -.3629E+07  .1696E+06   .9673865 -.2338392  .0973784
T 9267  1 .6345119E+07   1488000E+01 -.2510E+06  .4537E+06   .9997526 -.0198650 -.0100100
T 9268  1 .6677203E+07   1488000E+01 -.1553E+05  .1419E+06   .9991845  .0270889 -.0299436
T 9269  1 .6226961E+07   1488000E+01  .2766E+06  .1473E+06   .9993284  .0339619  .0137565
T 9270  1 .6274320E+07   1488000E+01  .1564E+06  .2736E+06   .9987927  .0425910  .0244790
T 9271  1 .6612655E+07   1488000E+01  .3301E+06  .1100E+06   .9995217  .0207658  .0229149
T 9272  1 .7011836E+07   1488000E+01 -.4714E+05  .4190E+06   .9992112  .0115096  .0380070
T 9273  1 .6543625E+07   1488000E+01 -.9605E+05 -.8135E+05   .9994813 -.0094332 -.0307921
T 9274  1 .6817596E+07   1488000E+01  .4068E+06  .1180E+06   .9975543  .0688145 -.0122473
T 9275  1 .6702334E+07   1488000E+01 -.3773E+06 -.2045E+06   .9997411 -.0137043 -.0181661
T 9276  1 .6911544E+07   1488000E+01 -.5044E+06  .1399E+06   .9976157 -.0636453  .0266857
T 9277  1 .6656720E+07   1488000E+01 -.4588E+06  .2332E+06   .9970407 -.0643999  .0419814
T 9278  1 .6754419E+07   1488000E+01  .4400E+04  .3125E+06   .9996709  .0225154 -.0122944
T 9279  1 .6364894E+07   1488000E+01 -.6001E+06 -.8305E+06   .9933753 -.0648119 -.0948942
T 9280  1 .6744134E+07   1488000E+01  .1166E+07  .7141E+03   .9929597  .1074328  .0498923
T 9281  1 .5990393E+07   1488000E+01 -.1317E+06 -.1300E+05   .9996353 -.0244187 -.0115293
T 9282  1 .6618647E+07   1488000E+01  .4050E+06  .1331E+06   .9993050  .0369198 -.0051341
T 9283  1 .6411955E+07   1488000E+01  .1087E+07 -.2538E+06   .9911628  .1316143 -.0165495
T 9284  1 .6245512E+07   1488000E+01  .9597E+05  .2740E+06   .9992929 -.0238425  .0290737
T 9285  1 .6129091E+07   1488000E+01  .5222E+06  .1618E+06   .9920624  .1224865 -.0284469
T 9286  1 .6076905E+07   1488000E+01  .3374E+06 -.1043E+06   .9912327  .0918469 -.0949838
T 9287  1 .6353779E+07   1488000E+01  .3533E+06 -.1506E+06   .9956338  .0606997 -.0709144
T 9288  1 .6023457E+07   1488000E+01 -.1981E+05  .6772E+05   .9993344 -.0122153  .0343730
T 9289  1 .6793014E+07   1488000E+01 -.2393E+06  .5211E+06   .9959351  .0405831  .0804138
T 9290  1 .5940671E+07   1488000E+01 -.8218E+06 -.3814E+06   .9875470 -.1183825 -.1036170
T 9291  1 .6147790E+07   1488000E+01  .1233E+06 -.3236E+05   .9999306 -.0043506 -.0109521
T 9292  1 .6447950E+07   1488000E+01 -.7530E+05 -.1868E+04   .9980866 -.0343465 -.0514148
T 9293  1 .6469167E+07   1488000E+01  .4795E+06  .7948E+06   .9931081  .0356076  .1116616
T 9294  1 .6088779E+07   1488000E+01  .1473E+06 -.2973E+06   .9984335  .0300663 -.0471869
T 9295  1 .6839227E+07   1488000E+01  .1085E+06  .2457E+06   .9982967  .0225253  .0538169
T 9296  1 .5638144E+07   1488000E+01 -.3247E+06  .2477E+06   .9954283 -.0949899 -.0099666
T 9297  1 .6164381E+07   1488000E+01 -.1813E+06 -.4882E+06   .9964839 -.0495632 -.0675527
T 9298  1 .6402781E+07   1488000E+01  .4992E+05  .2271E+06   .9987678 -.0109001  .0484149
T 9299  1 .6439135E+07   1488000E+01 -.4657E+06  .5568E+05   .9963384 -.0854778 -.0018546
T 9300  1 .6421336E+07   1488000E+01 -.3442E+06 -.1738E+06   .9995939 -.0278589  .0059911
T 9301  1 .6158138E+07   1488000E+01  .1975E+06  .4973E+06   .9896017  .0719497  .1245458
T 9302  1 .7001335E+07   1488000E+01  .5384E+06 -.1474E+06   .9973033  .0680992 -.0273604
T 9303  1 .6140670E+07   1488000E+01  .1910E+06  .3633E+06   .9965807  .0752858  .0340434
T 9304  1 .6066236E+07   1488000E+01  .4220E+06 -.7202E+06   .9983412  .0272694 -.0507065
T 9305  1 .4726414E+07   1488000E+01 -.6301E+06  .9638E+06   .6639401 -.2203490  .7145837
T 9306  1 .6197178E+07   1488000E+01 -.2030E+03  .1795E+06   .9998117 -.0172162  .0089580
T 9307  1 .6296714E+07   1488000E+01 -.1170E+06 -.1651E+06   .9999565 -.0092825 -.0008648
T 9308  1 .6639679E+07   1488000E+01  .8717E+05 -.3760E+06   .9975049  .0232714 -.0666507
T 9309  1 .6763813E+07   1488000E+01  .4103E+06  .5902E+06   .9961152  .0323656  .0818960
T 9310  1 .5499886E+07   1488000E+01  .4530E+06  .9808E+05   .9960278  .0649173  .0609452
T 9311  1 .6532244E+07   1488000E+01 -.2974E+06 -.1801E+06   .9963841 -.0521055 -.0671099
T 9312  1 .6230133E+07   1488000E+01 -.1593E+06 -.6081E+06   .9925308 -.0378881 -.1159613
T 9313  1 .6259471E+07   1488000E+01  .1133E+06  .1913E+06   .9998379  .0155948  .0089934
T 9314  1 .6915423E+07   1488000E+01 -.6132E+05 -.1059E+06   .9941589 -.0798865 -.0725690
T 9315  1 .6663657E+07   1488000E+01 -.8096E+05 -.2217E+06   .9997623  .0217498 -.0015023
T 9316  1 .5844419E+07   1488000E+01 -.1778E+06  .3990E+06   .9975261 -.0043305  .0701635
T 9317  1 .6249637E+07   1488000E+01 -.1981E+06  .2860E+06   .9966135 -.0287730  .0770300
T 9318  1 .6496847E+07   1488000E+01  .1319E+06  .2716E+05   .9994138  .0307312 -.0150874
T 9319  1 .7066028E+07   1488000E+01 -.2583E+06 -.4601E+06   .9943874 -.0796608 -.0696267
T 9320  1 .6363153E+07   1488000E+01 -.5575E+04 -.8997E+05   .9992844 -.0009797 -.0378112
T 9321  1 .6456506E+07   1488000E+01 -.3708E+06  .2769E+06   .9956488 -.0664328  .0653460
T 9322  1 .6766961E+07   1488000E+01  .1222E+06 -.2508E+06   .9954556  .0255898 -.0917242
T 9323  1 .6833695E+07   1488000E+01  .4153E+05 -.3642E+05   .9989415  .0058192  .0456289
T 9324  1 .5945610E+07   1488000E+01  .5244E+05 -.6435E+06   .9959591  .0108869 -.0891459
T 9325  1 .6219746E+07   1488000E+01  .1445E+06 -.2700E+06   .9947070  .0490978 -.0902632
T 9326  1 .6307993E+07   1488000E+01 -.2621E+06 -.1569E+06   .9994677 -.0296079  .0136988
T 9327  1 .6300773E+07   1488000E+01  .1162E+06 -.2151E+06   .9971092 -.0409021 -.0640332
T 9328  1 .6045348E+07   1488000E+01  .1560E+06 -.1110E+06   .9989502 -.0015665 -.0457818
T 9329  1 .6196266E+07   1488000E+01  .4124E+06 -.8572E+05   .9983086  .0425872 -.0395760
T 9330  1 .6144254E+07   1488000E+01 -.4868E+06 -.7444E+05   .9917517 -.1125023  .0614142
T 9331  1 .6851870E+07   1488000E+01 -.7794E+05 -.6799E+06   .9882930  .0669899 -.1370743
T 9332  1 .6720838E+07   1488000E+01  .1314E+06  .3914E+06   .9996288 -.0130531  .0239147
T 9333  1 .6534961E+07   1488000E+01  .4849E+06 -.3175E+06   .9998927  .0140905 -.0040139
T 9334  1 .6988331E+07   1488000E+01 -.1198E+06  .1051E+06   .9948794 -.0375532  .0938334
T 9335  1 .6661548E+07   1488000E+01 -.2026E+06  .7606E+05   .9996964 -.0212034  .0125479
T 9336  1 .6762710E+07   1488000E+01 -.4035E+06  .5225E+05   .9967353 -.0771248  .0238863
T 9337  1 .6915597E+07   1488000E+01  .8097E+05  .1890E+06   .9980983 -.0118894  .0604849
T 9338  1 .5712244E+07   1488000E+01 -.2565E+06 -.2751E+06   .9990772  .0037368 -.0427874
T 9339  1 .6042767E+07   1488000E+01 -.2375E+06 -.2309E+06   .6748985 -.6252232 -.3919285
T 9340  1 .5728404E+07   1488000E+01  .4961E+06 -.4909E+06   .9830277  .1640295 -.0821630
T 9341  1 .6778698E+07   1488000E+01 -.2367E+06  .1163E+06   .9998060  .0159734  .0115284
T 9342  1 .6269352E+07   1488000E+01 -.3278E+06  .3128E+06   .9987188 -.0506027  .0001980
T 9343  1 .6198635E+07   1488000E+01  .5194E+06 -.2181E+06   .9971149  .0720569 -.0238683
T 9344  1 .6634314E+07   1488000E+01  .3094E+06 -.5901E+05   .9996058  .0064972 -.0273130
T 9345  1 .6421291E+07   1488000E+01  .3109E+06 -.2076E+06   .9971516  .0722819 -.0215422
T 9346  1 .6344520E+07   1488000E+01 -.2175E+06 -.8338E+05   .9989678 -.0421360  .0169700
T 9347  1 .6151629E+07   1488000E+01  .1504E+06 -.5404E+05   .9997432  .0119489 -.0192565
T 9348  1 .6391831E+07   1488000E+01 -.1523E+07 -.6658E+06   .9900634 -.1068071 -.0914702
T 9349  1 .6185424E+07   1488000E+01  .1240E+06  .4435E+06   .9969901  .0448536  .0632374
T 9350  1 .6383370E+07   1488000E+01 -.2052E+06  .1684E+06   .9994338 -.0324479 -.0089021
T 9351  1 .5248335E+07   1488000E+01 -.7436E+05 -.1835E+05   .9991835 -.0311579 -.0257203
T 9352  1 .6004200E+07   1488000E+01 -.5236E+05 -.4273E+06   .9987154 -.0187310 -.0470823
T 9353  1 .6616887E+07   1488000E+01  .8443E+05  .4534E+06   .9963713  .0585112  .0618119
T 9354  1 .6753865E+07   1488000E+01 -.6988E+04  .5169E+06   .9988692 -.0151640  .0450589
T 9355  1 .6853548E+07   1488000E+01 -.2829E+06  .2418E+06   .9978687 -.0647954  .0077232
T 9356  1 .6184311E+07   1488000E+01  .1404E+06 -.4329E+06   .9919940  .0465952 -.1173743
T 9357  1 .6480838E+07   1488000E+01  .4598E+05  .1009E+06   .9998213  .0108717  .0154664
T 9358  1 .6240867E+07   1488000E+01  .2160E+06  .3724E+06   .9992878  .0259081 -.0274362
T 9359  1 .6448005E+07   1488000E+01 -.1051E+06  .3943E+06   .9997347  .0217302 -.0076397
T 9360  1 .6639479E+07   1488000E+01 -.4913E+06  .5180E+06   .9924089 -.0598623  .1074297
T 9361  1 .6178208E+07   1488000E+01  .4744E+05 -.1641E+06   .9976431  .0312619 -.0610820
T 9362  1 .6389427E+07   1488000E+01 -.2029E+06  .1634E+05   .9999924 -.0013380  .0036613
T 9363  1 .6009540E+07   1488000E+01  .1284E+06  .1032E+06   .9963080  .0199159 -.0835084
T 9364  1 .6824786E+07   1488000E+01 -.1752E+06 -.1562E+06   .9994182 -.0338740  .0039768
T 9365  1 .6423060E+07   1488000E+01  .2375E+06 -.1634E+05   .9993451 -.0314082  .0179666
T 9366  1 .6503729E+07   1488000E+01 -.4129E+06 -.2971E+06   .9833707 -.1815140 -.0058914
T 9367  1 .6233257E+07   1488000E+01  .3858E+06  .3298E+05   .9989263  .0436520 -.0155172
T 9368  1 .6477352E+07   1488000E+01 -.8659E+06 -.3155E+06   .9914945 -.1007228 -.0824234
T 9369  1 .5918658E+07   1488000E+01  .4598E+06 -.3240E+06   .9960425  .0614532 -.0642095
T 9370  1 .6490020E+07   1488000E+01  .3510E+06  .5336E+06   .9974143  .0548591  .0464244
T 9371  1 .6185054E+07   1488000E+01 -.2962E+06 -.1425E+06   .9988751 -.0372391 -.0293547
T 9372  1 .6716274E+07   1488000E+01 -.3058E+04 -.5644E+06   .9931727  .0000618 -.1166534
T 9373  1 .6496814E+07   1488000E+01  .4648E+06  .2623E+06   .9944957  .1044526  .0082497
T 9374  1 .6121115E+07   1488000E+01 -.1662E+06  .2391E+06   .9974435 -.0292183  .0652125
T 9375  1 .6270903E+07   1488000E+01  .5978E+06 -.2820E+06   .9939510  .0989243 -.0477016
T 9376  1 .6492667E+07   1488000E+01  .1235E+06 -.2472E+06   .9997235 -.0116025  .0204531
T 9377  1 .6435693E+07   1488000E+01 -.2956E+06  .1471E+06   .9985601 -.0335670  .0418438
T 9378  1 .6694805E+07   1488000E+01 -.4429E+05 -.5469E+06   .9977116 -.0043267 -.0674751
T 9379  1 .5740649E+07   1488000E+01  .1128E+07 -.1797E+07   .9804859  .0954670 -.1718531
T 9380  1 .6147363E+07   1488000E+01  .3152E+06  .4071E+06   .9994414  .0302371  .0142345
T 9381  1 .6344789E+07   1488000E+01  .2471E+06  .1640E+05   .9992941  .0119397  .0356192
T 9382  1 .6330234E+07   1488000E+01 -.4453E+05 -.6975E+04   .9997060  .0218724 -.0104601
T 9383  1 .6425373E+07   1488000E+01 -.3650E+06  .3788E+05   .9988390 -.0449729 -.0172651
T 9384  1 .6498313E+07   1488000E+01 -.1026E+06  .5768E+05   .9982522 -.0050291  .0588834
T 9385  1 .5997123E+07   1488000E+01 -.3889E+06 -.1242E+06   .9991167 -.0330908  .0259014
T 9386  1 .6654953E+07   1488000E+01 -.4314E+06  .1039E+06   .9946017 -.1026062  .0154727
T 9387  1 .6553568E+07   1488000E+01  .7843E+06 -.1260E+06   .9979855  .0563350 -.0291781
T 9388  1 .5723057E+07   1488000E+01  .1150E+07 -.7428E+06   .9788745  .1394274 -.1495483
T 9389  1 .6516051E+07   1488000E+01  .1278E+06  .2145E+06   .9988284  .0382268  .0296739
T 9390  1 .6104479E+07   1488000E+01  .7405E+06 -.1740E+06   .9965525  .0792307 -.0246096
T 9391  1 .6585463E+07   1488000E+01 -.2122E+06 -.4487E+06   .9996017 -.0208784 -.0189864
T 9392  1 .6490501E+07   1488000E+01  .1441E+06  .3099E+06   .9973958  .0624064  .0361527
T 9393  1 .6596140E+07   1488000E+01 -.3237E+04  .8796E+05   .9999873  .0039085 -.0031933
T 9394  1 .6367956E+07   1488000E+01  .7840E+05 -.7107E+05   .9999242  .0066188  .0103790
T 9395  1 .6567178E+07   1488000E+01 -.2416E+05 -.2852E+06   .9948023 -.0206191 -.0997156
T 9396  1 .6297486E+07   1488000E+01  .5507E+06 -.3268E+06   .9992275 -.0076185 -.0385527
T 9397  1 .6573699E+07   1488000E+01  .5273E+06 -.8790E+06   .9910728  .0973134 -.0911304
T 9398  1 .6220450E+07   1488000E+01 -.2541E+06 -.1572E+06   .9986926 -.0463725  .0215116
T 9399  1 .6373419E+07   1488000E+01 -.9364E+05 -.1446E+06   .9998276 -.0015255 -.0185061
T 9400  1 .6416926E+07   1488000E+01 -.2399E+06  .1451E+06   .9994329  .0062732  .0330836
T 9401  1 .6753418E+07   1488000E+01 -.1171E+06  .1852E+06   .9998599 -.0106259 -.0129362
T 9402  1 .6100209E+07   1488000E+01  .1249E+06  .2287E+06   .9988818  .0375693  .0286985
T 9403  1 .6607422E+07   1488000E+01  .1064E+06 -.6379E+05   .9996958  .0246453 -.0009837
T 9404  1 .7050543E+07   1488000E+01  .4878E+06  .2187E+06   .9987003  .0264757  .0435508
T 9405  1 .5880254E+07   1488000E+01 -.2430E+06 -.1559E+06   .9876205 -.0742768 -.1381615
T 9406  1 .6606771E+07   1488000E+01  .7501E+06 -.1381E+05   .9988457  .0416042 -.0240091
T 9407  1 .6698041E+07   1488000E+01  .2235E+06  .2387E+04   .9993537  .0074719 -.0351609
T 9408  1 .6170984E+07   1488000E+01 -.5761E+06  .3253E+06   .9915515 -.1043670  .0770270
T 9409  1 .6116501E+07   1488000E+01 -.3090E+06  .6150E+06   .9941949 -.0530310  .0936176
T 9410  1 .6439025E+07   1488000E+01  .5723E+06  .2126E+06   .9414277  .1800992  .2850932
T 9411  1 .6284487E+07   1488000E+01 -.1478E+06 -.1200E+06   .9983763 -.0508276 -.0257146
T 9412  1 .5934095E+07   1488000E+01 -.2070E+06 -.2164E+07   .9002928 -.0811431 -.4276548
T 9413  1 .6796835E+07   1488000E+01 -.3433E+05  .5854E+05   .9990859 -.0389390  .0176368
T 9414  1 .6812037E+07   1488000E+01 -.1198E+06  .3965E+06   .9941346 -.0984954  .0446669
T 9415  1 .6637886E+07   1488000E+01 -.4991E+06 -.2660E+06   .9932507 -.1121574 -.0295586
T 9416  1 .6195157E+07   1488000E+01 -.6181E+05  .3300E+06   .9986178 -.0377511  .0365687
T 9417  1 .6045309E+07   1488000E+01 -.3161E+05 -.2172E+05   .9997856  .0202596 -.0042757
T 9418  1 .6825613E+07   1488000E+01 -.7796E+05 -.2287E+06   .9976931 -.0499669 -.0459540
T 9419  1 .6517735E+07   1488000E+01  .1028E+06 -.5084E+06   .9969347 -.0766130 -.0158606
T 9420  1 .6297753E+07   1488000E+01  .1442E+06 -.5027E+06   .9951497  .0173307 -.0968338
T 9421  1 .5996845E+07   1488000E+01  .3582E+06  .2996E+06   .9954395  .0191842  .0934462
T 9422  1 .6103343E+07   1488000E+01  .5334E+06  .3011E+06   .9936058  .1022700  .0478358
T 9423  1 .6313476E+07   1488000E+01 -.3192E+05 -.1710E+06   .9995377 -.0299352 -.0053252
T 9424  1 .6478953E+07   1488000E+01  .4175E+06  .5639E+06   .9981453  .0223833  .0566129
T 9425  1 .6264818E+07   1488000E+01  .3913E+06  .1412E+06   .9987517  .0394130  .0306849
T 9426  1 .6360058E+07   1488000E+01 -.1515E+06  .1223E+07   .9929659 -.0365032  .1126332
T 9427  1 .6605103E+07   1488000E+01  .2656E+06 -.8072E+05   .9986339 -.0422698  .0307171
T 9428  1 .6677940E+07   1488000E+01 -.3773E+06  .5496E+06   .9976961 -.0243641  .0633150
T 9429  1 .6591869E+07   1488000E+01  .1954E+06 -.3679E+05   .9981598 -.0154993  .0586245
T 9430  1 .6254740E+07   1488000E+01 -.3644E+06  .2595E+06   .9985146 -.0117737  .0531983
T 9431  1 .6236498E+07   1488000E+01  .4523E+06  .7859E+05   .9964205  .0809533  .0243449
T 9432  1 .6442858E+07   1488000E+01 -.1892E+05 -.2890E+06   .9999946  .0031661  .0009205
T 9433  1 .6547576E+07   1488000E+01 -.5636E+05  .4404E+06   .9940997 -.0463989  .0980460
T 9434  1 .7249410E+07   1488000E+01  .2575E+06  .9406E+05   .9995048  .0097808 -.0299065
T 9435  1 .6440162E+07   1488000E+01  .3427E+06  .3869E+04   .9997313  .0172861  .0154453
T 9436  1 .5949619E+07   1488000E+01 -.2900E+05 -.3198E+06   .9962396  .0757700 -.0420195
T 9437  1 .6584501E+07   1488000E+01 -.1161E+06 -.8739E+05   .9994785  .0306914  .0100402
T 9438  1 .6723214E+07   1488000E+01  .3098E+06  .2852E+06   .9955628  .0626908  .0701750
T 9439  1 .6580572E+07   1488000E+01  .4480E+06  .1819E+06   .9998367  .0147214 -.0104836
T 9440  1 .6252268E+07   1488000E+01 -.3337E+06 -.3845E+06   .9980457 -.0590368 -.0204782
T 9441  1 .6157960E+07   1488000E+01  .1923E+06 -.8642E+06   .9986672  .0465696 -.0222500
T 9442  1 .6650585E+07   1488000E+01  .9005E+05 -.6296E+05   .9983599  .0439132 -.0367304
T 9443  1 .6811320E+07   1488000E+01  .5533E+06  .3073E+06   .9991019  .0364532 -.0216008
T 9444  1 .6112851E+07   1488000E+01 -.7427E+05 -.9686E+06   .9920992  .0286068 -.1221509
T 9445  1 .6525910E+07   1488000E+01  .5569E+05  .2455E+06   .9984892 -.0184859  .0517455
T 9446  1 .5903516E+07   1488000E+01  .1275E+06  .1789E+06   .9940757  .1072261  .0177794
T 9447  1 .6964368E+07   1488000E+01  .5629E+06  .2429E+06   .9991365  .0411521  .0057234
T 9448  1 .6338249E+07   1488000E+01 -.3546E+06 -.1402E+06   .9988056 -.0488492 -.0010348
T 9449  1 .6241946E+07   1488000E+01  .3221E+06 -.2255E+06   .9988483  .0360717 -.0316377
T 9450  1 .6384840E+07   1488000E+01  .5611E+05 -.3218E+06   .9997344  .0199648  .0115137
T 9451  1 .6989025E+07   1488000E+01  .2119E+06  .9688E+05   .9978046  .0642017 -.0162534
T 9452  1 .6617093E+07   1488000E+01 -.4816E+06 -.3708E+06   .9979042 -.0624370 -.0169930
T 9453  1 .6543177E+07   1488000E+01 -.4627E+06  .1243E+06   .9992821 -.0348360  .0148877
T 9454  1 .6218437E+07   1488000E+01  .2941E+06 -.5663E+05   .9958853  .0479347 -.0769073
T 9455  1 .6452725E+07   1488000E+01  .1764E+05  .1381E+06   .9999886 -.0000648 -.0047747
T 9456  1 .5641488E+07   1488000E+01 -.1376E+06  .5553E+05   .9984781 -.0181036  .0520940
T 9457  1 .6297477E+07   1488000E+01  .2742E+06  .1503E+06   .9968648  .0529198  .0588231
T 9458  1 .6884482E+07   1488000E+01 -.2420E+06  .3112E+06   .9979983 -.0027107  .0631821
T 9459  1 .6220540E+07   1488000E+01  .1224E+05  .5449E+06   .9941249 -.0277628  .1046179
T 9460  1 .6259347E+07   1488000E+01  .8638E+06  .3261E+06   .9949188  .0707258  .0716557
T 9461  1 .5276504E+07   1488000E+01 -.1164E+07  .2272E+07   .9385093 -.2127518  .2719134
T 9462  1 .6229595E+07   1488000E+01  .9069E+05  .3377E+06   .9990954  .0329176  .0269224
T 9463  1 .6824857E+07   1488000E+01 -.3819E+06  .4296E+06   .9988757 -.0226554  .0416423
T 9464  1 .6212195E+07   1488000E+01 -.6839E+05 -.7695E+05   .9987523  .0051875  .0496682
T 9465  1 .6379984E+07   1488000E+01 -.2893E+06  .4143E+05   .9985942 -.0529434 -.0025883
T 9466  1 .6621053E+07   1488000E+01  .2843E+06 -.2277E+06   .9947177  .0766098 -.0683208
T 9467  1 .5962448E+07   1488000E+01 -.5799E+06  .9813E+05   .9965822 -.0810352  .0160369
T 9468  1 .6721948E+07   1488000E+01  .6767E+06 -.4003E+05   .9978700  .0585406 -.0287845
T 9469  1 .6532814E+07   1488000E+01  .3033E+06  .8592E+05   .9966653  .0397496  .0712612
T 9470  1 .6375440E+07   1488000E+01 -.1741E+06  .5864E+06   .9957496 -.0570530  .0723032
T 9471  1 .5965171E+07   1488000E+01  .1102E+07 -.2251E+07   .9904843  .0318872 -.1338810
T 9472  1 .6153044E+07   1488000E+01 -.1064E+06  .8793E+05   .9917658 -.0715296  .1062263
T 9473  1 .5741176E+07   1488000E+01  .5162E+06 -.1039E+06   .9943430  .1031029 -.0255297
T 9474  1 .6283277E+07   1488000E+01 -.1621E+06 -.1499E+06   .9966079 -.0822958 -.0002883
T 9475  1 .6968237E+07   1488000E+01 -.2786E+06 -.1517E+06   .9990427 -.0349062 -.0263674
T 9476  1 .6719524E+07   1488000E+01 -.5561E+06  .2572E+06   .9926964 -.1101939  .0491032
T 9477  1 .6814337E+07   1488000E+01  .4148E+05  .3434E+06   .9965274 -.0369483  .0746186
T 9478  1 .6057792E+07   1488000E+01 -.2999E+06 -.1712E+06   .9955892 -.0911129  .0223747
T 9479  1 .6343437E+07   1488000E+01  .2798E+06 -.4916E+06   .9986789  .0426683 -.0286326
T 9480  1 .6159265E+07   1488000E+01 -.6695E+05 -.5173E+06   .9981399 -.0418302 -.0443499
T 9481  1 .6370893E+07   1488000E+01  .1056E+06 -.2062E+06   .9989982  .0151355 -.0421141
T 9482  1 .6149393E+07   1488000E+01  .7130E+06  .2324E+06   .9967418  .0680045  .0433720
T 9483  1 .6893524E+07   1488000E+01 -.1185E+06  .2072E+06   .9998522 -.0168115  .0035948
T 9484  1 .6126474E+07   1488000E+01 -.7522E+06  .3732E+05   .9971961 -.0699064  .0267038
T 9485  1 .6511396E+07   1488000E+01 -.3542E+06  .1118E+07   .9944793  .0317805  .1000047
T 9486  1 .6514661E+07   1488000E+01 -.2303E+06  .3123E+06   .9996380 -.0267402  .0029606
T 9487  1 .6823636E+07   1488000E+01  .1267E+06 -.2463E+06   .9995539  .0084119 -.0286560
T 9488  1 .6151123E+07   1488000E+01 -.2939E+06  .1957E+06   .9991064 -.0216383  .0363070
T 9489  1 .6590755E+07   1488000E+01 -.2296E+06 -.7195E+05   .9984720 -.0485382 -.0264135
T 9490  1 .6827832E+07   1488000E+01 -.1157E+06 -.5661E+06   .9970384 -.0616765 -.0459394
T 9491  1 .6606004E+07   1488000E+01 -.3141E+05 -.5562E+06   .9990787 -.0399376 -.0157060
T 9492  1 .6528376E+07   1488000E+01  .8822E+05 -.6501E+06   .9983747 -.0563609 -.0084498
T 9493  1 .6024380E+07   1488000E+01  .1091E+07 -.2333E+06   .9976745  .0093186 -.0675183
T 9494  1 .6435172E+07   1488000E+01 -.6503E+05  .4066E+06   .9995161 -.0007508 -.0310973
T 9495  1 .6248222E+07   1488000E+01 -.1884E+06  .1067E+06   .9960994 -.0823614  .0316638
T 9496  1 .6184681E+07   1488000E+01 -.3658E+06 -.2644E+06   .9955312 -.0902498  .0277962
T 9497  1 .6373537E+07   1488000E+01  .1372E+06  .5249E+05   .9994415  .0293202 -.0160294
T 9498  1 .6254948E+07   1488000E+01 -.1802E+06  .7051E+05   .9995944 -.0249625 -.0137103
T 9499  1 .6105650E+07   1488000E+01  .2996E+06  .2446E+05   .9995371  .0286668  .0101859
T 9500  1 .6434263E+07   1488000E+01 -.1365E+06  .2643E+06   .9992819 -.0355085  .0132204
T 9501  1 .6400602E+07   1488000E+01  .7945E+06 -.5752E+06   .9936281  .0575632 -.0969007
T 9502  1 .5697837E+07   1488000E+01  .1205E+07 -.9016E+06   .9972504  .0678601 -.0297778
T 9503  1 .6400931E+07   1488000E+01 -.3806E+05  .1741E+06   .9983922 -.0050076  .0564616
T 9504  1 .6680372E+07   1488000E+01  .2958E+06 -.3093E+06   .9973271 -.0548296  .0482941
T 9505  1 .6013470E+07   1488000E+01 -.1530E+06  .6088E+05   .9996233  .0172416 -.0213546
T 9506  1 .6542520E+07   1488000E+01  .2653E+06 -.1296E+06   .9985327  .0215216 -.0496922
T 9507  1 .5538914E+07   1488000E+01 -.1551E+06 -.2035E+06   .9971835 -.0394653 -.0637778
T 9508  1 .6120063E+07   1488000E+01 -.6445E+06  .3515E+06   .9941814 -.0738089  .0784578
T 9509  1 .6525815E+07   1488000E+01 -.4266E+06  .2389E+06   .9993025 -.0144291 -.0344427
T 9510  1 .6218947E+07   1488000E+01 -.2330E+06 -.3153E+06   .9891545  .0675754 -.1304104
T 9511  1 .6033044E+07   1488000E+01  .1513E+05 -.1020E+07   .9554975  .0213089 -.2942285
T 9512  1 .6926634E+07   1488000E+01 -.7898E+06 -.1118E+06   .9948023 -.0984554 -.0259792
T 9513  1 .7091339E+07   1488000E+01  .4663E+06  .5399E+06   .9973092  .0488712  .0546438
T 9514  1 .6433097E+07   1488000E+01 -.2131E+06  .4107E+06   .9964523 -.0069446  .0838728
T 9515  1 .6361076E+07   1488000E+01  .9957E+05  .1888E+06   .9978774  .0643263  .0101420
T 9516  1 .6553355E+07   1488000E+01 -.4965E+06 -.1675E+06   .9979356 -.0448351 -.0459823
T 9517  1 .6528421E+07   1488000E+01 -.2088E+06  .8441E+05   .9914502 -.1296609  .0146492
T 9518  1 .6453176E+07   1488000E+01 -.3050E+06 -.3830E+05   .9998171  .0186075 -.0044111
T 9519  1 .6148897E+07   1488000E+01 -.1370E+06 -.7218E+05   .9978938 -.0156775 -.0629464
T 9520  1 .6314619E+07   1488000E+01 -.2763E+06 -.5925E+06   .9973192  .0152542 -.0715657
T 9521  1 .6711063E+07   1488000E+01 -.2090E+06  .1883E+06   .9980628  .0497315  .0373834
T 9522  1 .6718915E+07   1488000E+01  .3905E+06  .1907E+06   .9997490  .0223759  .0011111
T 9523  1 .6459591E+07   1488000E+01  .5453E+06 -.4056E+06   .9950918  .0848293 -.0509545
T 9524  1 .6717336E+07   1488000E+01  .3845E+06 -.2201E+05   .9997953  .0074379  .0188180
T 9525  1 .6190118E+07   1488000E+01  .7435E+05  .1559E+06   .9987754  .0225657  .0440278
T 9526  1 .6491809E+07   1488000E+01 -.4040E+06 -.7513E+06   .9959001 -.0581323 -.0693076
T 9527  1 .6348377E+07   1488000E+01  .3855E+06 -.3462E+06   .9975942  .0175428 -.0670673
T 9528  1 .6199186E+07   1488000E+01 -.1087E+06  .2988E+06   .9999874  .0049958  .0004198
T 9529  1 .6194969E+07   1488000E+01 -.7371E+06 -.1451E+07   .9947686 -.0493514 -.0894424
T 9530  1 .6521476E+07   1488000E+01  .1264E+06 -.6155E+06   .9961617 -.0575226 -.0659776
T 9531  1 .6969199E+07   1488000E+01 -.2378E+06  .3689E+05   .9987447 -.0262605 -.0426542
T 9532  1 .6731520E+07   1488000E+01 -.7120E+06  .9384E+05   .9963889 -.0836217 -.0147164
T 9533  1 .6040870E+07   1488000E+01  .1898E+06 -.3991E+06   .9984115  .0298234 -.0478028
T 9534  1 .6692032E+07   1488000E+01  .3884E+06  .1482E+05   .9990927  .0374024  .0203685
T 9535  1 .6010517E+07   1488000E+01 -.2633E+06  .6582E+06   .9999115 -.0026817 -.0130317
T 9536  1 .6401822E+07   1488000E+01 -.6498E+04 -.1452E+06   .9992203  .0201261  .0339658
T 9537  1 .5936270E+07   1488000E+01  .1300E+06 -.1043E+06   .9987281  .0206911 -.0459791
T 9538  1 .5982857E+07   1488000E+01  .2641E+06  .1427E+05   .9992646  .0267810  .0274422
T 9539  1 .6206842E+07   1488000E+01  .2609E+06  .3079E+05   .9972413  .0702125 -.0240835
T 9540  1 .6627235E+07   1488000E+01  .9664E+06  .1575E+06   .9966432  .0807179 -.0136725
T 9541  1 .5998579E+07   1488000E+01  .2877E+06  .2846E+06   .9990949  .0272043  .0326995
T 9542  1 .6142746E+07   1488000E+01  .6603E+06  .9113E+06   .9846692  .0259400  .1724927
T 9543  1 .5975786E+07   1488000E+01 -.8322E+06 -.8381E+06   .9948273 -.0505001 -.0881380
T 9544  1 .6409028E+07   1488000E+01  .6307E+06 -.1967E+06   .9960310  .0663983  .0592751
T 9545  1 .6646042E+07   1488000E+01  .1693E+06  .3836E+06   .9922691  .0664102  .1048417
T 9546  1 .6885613E+07   1488000E+01 -.1534E+06  .1868E+06   .9999699 -.0046439 -.0062098
T 9547  1 .6007095E+07   1488000E+01 -.3151E+06  .4476E+06   .9983131 -.0309095  .0491478
T 9548  1 .5757853E+07   1488000E+01 -.2150E+06 -.4896E+06   .9948721 -.0589385 -.0821938
T 9549  1 .6096365E+07   1488000E+01  .4173E+06 -.3116E+06   .9990432  .0436244 -.0030910
T 9550  1 .6120526E+07   1488000E+01 -.3818E+06 -.5546E+06   .9944550 -.0328831 -.0998898
T 9551  1 .6725527E+07   1488000E+01  .2159E+06  .2373E+06   .9997973 -.0034835 -.0198315
T 9552  1 .5875288E+07   1488000E+01 -.3030E+06 -.2080E+06   .9976775  .0103210 -.0673283
T 9553  1 .6964054E+07   1488000E+01 -.1885E+06 -.1878E+04   .9991674 -.0344954 -.0217858
T 9554  1 .6077006E+07   1488000E+01 -.4050E+04  .3462E+06   .9994876 -.0184839  .0261337
T 9555  1 .6592597E+07   1488000E+01  .2606E+06  .4945E+05   .9994634 -.0077504 -.0318250
T 9556  1 .6076196E+07   1488000E+01  .1206E+06  .5733E+05   .9975369  .0491979 -.0499974
T 9557  1 .6145203E+07   1488000E+01 -.4803E+05  .2737E+06   .9972664  .0109178  .0730784
T 9558  1 .6150847E+07   1488000E+01 -.1228E+06  .2400E+06   .9996036 -.0152843 -.0236420
T 9559  1 .6643649E+07   1488000E+01  .1931E+06  .1366E+06   .9999902  .0023221  .0037585
T 9560  1 .6658018E+07   1488000E+01 -.5448E+05 -.1153E+06   .9995760 -.0092808 -.0275985
T 9561  1 .6464644E+07   1488000E+01  .4137E+06 -.1682E+06   .9986542  .0515955 -.0052695
T 9562  1 .6384873E+07   1488000E+01 -.2730E+07  .1190E+07   .9810307 -.1789087  .0746354
T 9563  1 .6872993E+07   1488000E+01  .7125E+05 -.2449E+06   .9996275  .0053942 -.0267534
T 9564  1 .6523124E+07   1488000E+01  .7561E+06 -.1636E+06   .9867350  .1623385 -.0005541
T 9565  1 .6406468E+07   1488000E+01  .3165E+06  .2696E+06   .9924367  .1018014  .0685997
T 9566  1 .6286679E+07   1488000E+01 -.3706E+06  .3875E+06   .9871538 -.1083923  .1173815
T 9567  1 .7181746E+07   1488000E+01  .2412E+06  .3619E+06   .9877158  .0005970  .1562596
T 9568  1 .6747222E+07   1488000E+01 -.6650E+06 -.8324E+05   .9960790 -.0796503 -.0385037
T 9569  1 .6482173E+07   1488000E+01  .8248E+05 -.4258E+06   .9967278  .0300418 -.0750414
T 9570  1 .6234378E+07   1488000E+01  .7274E+05 -.4734E+06   .9985878  .0006745 -.0531216
T 9571  1 .6364513E+07   1488000E+01 -.2259E+05 -.2469E+06   .9997003 -.0100468 -.0223244
T 9572  1 .6154339E+07   1488000E+01 -.8297E+05  .8939E+04   .9990819 -.0427610 -.0026283
T 9573  1 .6194152E+07   1488000E+01  .2050E+06 -.9592E+05   .9996895  .0037986 -.0246259
T 9574  1 .6083747E+07   1488000E+01 -.1605E+06 -.4040E+06   .9955304 -.0905780  .0267351
T 9575  1 .6451505E+07   1488000E+01 -.9650E+05  .2828E+05   .9992937 -.0375673 -.0008681
T 9576  1 .6173840E+07   1488000E+01  .7436E+05  .4920E+06   .9921189 -.0315684  .1212581
T 9577  1 .5933891E+07   1488000E+01  .8714E+06 -.6824E+06   .9859172  .1348069 -.0989665
T 9578  1 .6063625E+07   1488000E+01 -.7863E+06  .1860E+06   .9975750 -.0675904  .0166009
T 9579  1 .6166498E+07   1488000E+01 -.3861E+06 -.3966E+06   .9890016 -.1313104 -.0680686
T 9580  1 .6387392E+07   1488000E+01  .1701E+06  .7994E+05   .9974269  .0692712  .0184682
T 9581  1 .6243023E+07   1488000E+01 -.5367E+06 -.4151E+06   .9995947 -.0223391 -.0176446
T 9582  1 .6348070E+07   1488000E+01  .3983E+06  .3163E+05   .9989486 -.0095762  .0448322
T 9583  1 .6538333E+07   1488000E+01  .1980E+06  .2330E+06   .9989796  .0306163  .0332011
T 9584  1 .6640661E+07   1488000E+01 -.9871E+05  .3517E+04   .9972113 -.0605898  .0435713
T 9585  1 .6194507E+07   1488000E+01 -.3842E+06  .6008E+06   .9983475 -.0248176  .0518293
T 9586  1 .6166489E+07   1488000E+01 -.9962E+05  .5013E+06   .9973379 -.0106882  .0721315
T 9587  1 .6219859E+07   1488000E+01 -.4257E+06 -.1409E+06   .9979491 -.0640048 -.0010296
T 9588  1 .7141192E+07   1488000E+01  .1059E+06  .2562E+05   .9994299  .0326337  .0086519
T 9589  1 .6277464E+07   1488000E+01 -.5861E+06 -.2694E+06   .9945515 -.1033001 -.0140122
T 9590  1 .6681331E+07   1488000E+01  .1259E+06  .1411E+02   .9997603  .0122361  .0181541
T 9591  1 .6836553E+07   1488000E+01 -.3387E+05  .2332E+06   .9995679 -.0094179  .0278438
T 9592  1 .6897813E+07   1488000E+01  .3283E+06  .4639E+05   .9987409  .0460488 -.0199043
T 9593  1 .6560556E+07   1488000E+01 -.1357E+06  .2534E+06   .9986870  .0300523  .0414857
T 9594  1 .6427413E+07   1488000E+01 -.1607E+06 -.2058E+06   .9981272  .0110669 -.0601629
T 9595  1 .6495494E+07   1488000E+01  .6730E+06  .5475E+06   .9961533  .0790158  .0378820
T 9596  1 .6445082E+07   1488000E+01 -.4264E+06  .1033E+06   .9898604 -.1117532  .0876788
T 9597  1 .6385588E+07   1488000E+01 -.1422E+06 -.2990E+06   .9996983 -.0100812 -.0223967
T 9598  1 .6109490E+07   1488000E+01  .9002E+05 -.2192E+06   .9960414  .0489828 -.0741775
T 9599  1 .6160993E+07   1488000E+01  .6785E+05  .1254E+06   .9993212 -.0280575  .0238743
T 9600  1 .6745543E+07   1488000E+01 -.1303E+06  .1080E+06   .9996344 -.0244537 -.0115385
T 9601  1 .6586342E+07   1488000E+01  .1691E+06 -.7230E+06   .9976341  .0347284 -.0593314
T 9602  1 .6037547E+07   1488000E+01  .2691E+05 -.2892E+05   .9981678 -.0507857  .0328928
T 9603  1 .6320630E+07   1488000E+01  .5146E+06 -.4331E+06   .9933549  .0734880 -.0885754
T 9604  1 .6925874E+07   1488000E+01  .8206E+06  .6984E+06   .9940066  .0887927  .0637704
T 9605  1 .6760502E+07   1488000E+01  .3697E+06  .3139E+06   .9964729  .0821417 -.0171586
T 9606  1 .6634645E+07   1488000E+01 -.2324E+06 -.2078E+06   .9953039  .0591837  .0765992
T 9607  1 .6247573E+07   1488000E+01 -.1717E+06  .3293E+06   .9982191 -.0188319  .0566039
T 9608  1 .6331438E+07   1488000E+01 -.2421E+06  .4802E+06   .9991121 -.0182998  .0379478
T 9609  1 .6972116E+07   1488000E+01 -.1347E+06  .1279E+06   .9999182 -.0112518 -.0060807
T 9610  1 .6570474E+07   1488000E+01 -.3831E+06  .6585E+05   .9997297  .0227840 -.0046316
T 9611  1 .6333927E+07   1488000E+01 -.6796E+06 -.3070E+06   .9951842 -.0793445 -.0575577
T 9612  1 .6029884E+07   1488000E+01  .1531E+06 -.1579E+06   .9981658  .0531160 -.0290470
T 9613  1 .5895261E+07   1488000E+01  .6225E+06  .5718E+06   .9961128  .0731549  .0490687
T 9614  1 .6702455E+07   1488000E+01  .1147E+07 -.2795E+06   .9825578  .1859088 -.0042567
T 9615  1 .6470037E+07   1488000E+01 -.3653E+06  .2446E+06   .9990483 -.0380100  .0213965
T 9616  1 .6778534E+07   1488000E+01 -.1896E+06 -.1440E+06   .9992094 -.0260193 -.0300578
T 9617  1 .6538880E+07   1488000E+01  .5430E+06  .9883E+06   .9902078  .0626260  .1247654
T 9618  1 .6386940E+07   1488000E+01  .1317E+06  .5701E+06   .9985743 -.0232416  .0480549
T 9619  1 .6438391E+07   1488000E+01 -.4707E+06  .3527E+06   .9991827 -.0100641  .0391478
T 9620  1 .6224702E+07   1488000E+01  .6097E+06  .1828E+06   .9979694  .0228703 -.0594470
T 9621  1 .6300244E+07   1488000E+01 -.2258E+06 -.1110E+06   .9989639 -.0372753 -.0261098
T 9622  1 .6346372E+07   1488000E+01 -.2932E+05  .5642E+06   .9984659  .0209067  .0512719
T 9623  1 .6114612E+07   1488000E+01  .1557E+06 -.1887E+06   .9987091  .0267289 -.0431934
T 9624  1 .6054445E+07   1488000E+01 -.4280E+05 -.1771E+05   .9999714 -.0073158  .0019430
T 9625  1 .6429730E+07   1488000E+01  .1147E+06  .1676E+06   .9992095  .0102733  .0384038
T 9626  1 .6111414E+07   1488000E+01 -.1009E+07  .2565E+07   .9868878 -.0379314  .1568876
T 9627  1 .6002458E+07   1488000E+01  .1843E+05 -.2515E+06   .9985478 -.0269424 -.0466513
T 9628  1 .6421749E+07   1488000E+01 -.6319E+06 -.1208E+06   .9948409 -.0785503 -.0641989
T 9629  1 .7037408E+07   1488000E+01 -.2006E+06  .1130E+06   .9981022 -.0561130  .0253654
T 9630  1 .6295644E+07   1488000E+01  .6132E+06  .3550E+06   .9963493  .0675670  .0521796
T 9631  1 .6884171E+07   1488000E+01 -.2719E+05 -.1670E+06   .9995917  .0090994 -.0270854
T 9632  1 .6452335E+07   1488000E+01 -.8384E+05 -.1149E+06   .9998373 -.0180308  .0004205
T 9633  1 .6382057E+07   1488000E+01 -.8512E+05 -.1615E+06   .9997330 -.0088460 -.0213456
T 9634  1 .6429287E+07   1488000E+01  .3834E+05  .1150E+07   .9969253  .0295297  .0725801
T 9635  1 .6553978E+07   1488000E+01  .3020E+06  .3455E+06   .9903460  .1303016  .0472892
T 9636  1 .6773393E+07   1488000E+01  .9777E+06  .3500E+06   .9839922  .1781231  .0056168
T 9637  1 .6184734E+07   1488000E+01  .2538E+06  .8571E+06   .9880879 -.0070715  .1537283
T 9638  1 .6163732E+07   1488000E+01 -.2503E+06  .1983E+06   .9997499 -.0121392  .0187816
T 9639  1 .6564663E+07   1488000E+01  .4304E+06  .2150E+05   .9998021  .0193587 -.0045841
T 9640  1 .6884627E+07   1488000E+01 -.5725E+06 -.4901E+06   .9942892 -.0809027 -.0695975
T 9641  1 .6607424E+07   1488000E+01 -.3990E+06 -.5690E+06   .9930569 -.0893574 -.0765061
T 9642  1 .6357894E+07   1488000E+01 -.5930E+06 -.4315E+06   .9937694 -.0904381 -.0651403
T 9643  1 .6316544E+07   1488000E+01 -.1652E+06 -.2918E+06   .9998724  .0034644 -.0155962
T 9644  1 .6385875E+07   1488000E+01 -.1145E+06  .7117E+06   .9953330 -.0225777  .0938212
T 9645  1 .6386528E+07   1488000E+01  .1320E+06 -.5741E+06   .9986332  .0209625 -.0478775
T 9646  1 .6555176E+07   1488000E+01  .6615E+05 -.3488E+05   .9997013 -.0190700  .0152826
T 9647  1 .6863247E+07   1488000E+01  .2301E+05 -.1642E+06   .9997241 -.0011900 -.0234606
T 9648  1 .6221685E+07   1488000E+01  .3910E+06 -.6573E+06   .9911103  .0986096 -.0893119
T 9649  1 .6463564E+07   1488000E+01 -.4029E+06 -.2687E+06   .9952676 -.0746278 -.0622336
T 9650  1 .6850063E+07   1488000E+01 -.2922E+06 -.4522E+06   .9986585 -.0143650 -.0497471
T 9651  1 .6563901E+07   1488000E+01 -.3436E+06  .4068E+05   .9994906 -.0311631 -.0068793
T 9652  1 .6427061E+07   1488000E+01 -.4157E+06 -.1281E+06   .9986665 -.0516249 -.0002725
T 9653  1 .6921019E+07   1488000E+01  .4182E+06 -.1397E+06   .9997561  .0198191 -.0097488
T 9654  1 .6244475E+07   1488000E+01  .9284E+05  .6102E+06   .9964180  .0760437  .0369942
T 9655  1 .6490931E+07   1488000E+01  .4117E+06 -.4367E+06   .9825820  .0118774 -.1854494
T 9656  1 .6553790E+07   1488000E+01  .2688E+06  .5305E+05   .9994772  .0278960  .0163433
T 9657  1 .6201949E+07   1488000E+01 -.2937E+06 -.4975E+05   .9811536 -.1488047  .1232669
T 9658  1 .6785727E+07   1488000E+01 -.1473E+06 -.2495E+06   .9989537 -.0058130 -.0453613
T 9659  1 .6004527E+07   1488000E+01  .3899E+06  .8999E+06   .9877102  .1035595  .1170644
T 9660  1 .6206004E+07   1488000E+01  .2665E+06 -.6067E+06   .9999118  .0114067 -.0068041
T 9661  1 .6495532E+07   1488000E+01  .4142E+06 -.1738E+06   .9951816  .0935998 -.0292021
T 9662  1 .6188503E+07   1488000E+01 -.1391E+06 -.3829E+05   .9993624  .0334619  .0124555
T 9663  1 .6359575E+07   1488000E+01  .6324E+04  .3952E+04   .9995133  .0298526  .0090545
T 9664  1 .6803981E+07   1488000E+01 -.2142E+06  .3448E+06   .9968428 -.0453261  .0651921
T 9665  1 .6316364E+07   1488000E+01 -.1826E+06  .2968E+06   .9902423 -.0078354  .1391361
T 9666  1 .6270563E+07   1488000E+01 -.2380E+06  .3406E+06   .9966754 -.0711849  .0396343
T 9667  1 .6331248E+07   1488000E+01 -.1822E+06  .3621E+06   .9994334  .0324319  .0090050
T 9668  1 .6707627E+07   1488000E+01 -.1403E+06  .2059E+05   .9987173 -.0494772  .0107594
T 9669  1 .6364512E+07   1488000E+01 -.6786E+05 -.4625E+05   .9993193  .0178070 -.0323094
T 9670  1 .6175262E+07   1488000E+01  .7204E+05  .7135E+05   .9994266 -.0010450 -.0338443
T 9671  1 .6422422E+07   1488000E+01 -.1441E+06 -.5569E+05   .9989101 -.0238383  .0401289
T 9672  1 .6277422E+07   1488000E+01  .8363E+06 -.1229E+06   .9968170  .0780168 -.0164103
T 9673  1 .6675689E+07   1488000E+01 -.6790E+06  .4858E+06   .9932752 -.0659702  .0951438
T 9674  1 .5629732E+07   1488000E+01  .1263E+07 -.2968E+07   .9673651  .0461700 -.2491448
T 9675  1 .6330468E+07   1488000E+01  .4257E+06  .2504E+06   .9984863  .0448161  .0318831
T 9676  1 .5952801E+07   1488000E+01 -.1106E+07  .5235E+06   .9798763 -.1861082  .0721543
T 9677  1 .6905067E+07   1488000E+01 -.4876E+06 -.1320E+06   .9874794 -.1577456 -.0009153
T 9678  1 .6167008E+07   1488000E+01 -.5415E+06 -.7037E+06   .9763436 -.1607729 -.1445862
T 9679  1 .6118548E+07   1488000E+01  .7034E+06 -.7024E+05   .9962346  .0820531 -.0279975
T 9680  1 .6428483E+07   1488000E+01 -.1268E+06  .1592E+06   .9989357 -.0421692 -.0186883
T 9681  1 .6452768E+07   1488000E+01 -.2596E+06 -.3702E+05   .9993303 -.0346293  .0118235
T 9682  1 .6724648E+07   1488000E+01  .2975E+05 -.1737E+06   .9993429  .0361581 -.0025044
T 9683  1 .6379922E+07   1488000E+01  .1300E+06  .4288E+06   .9988564  .0360615  .0313917
T 9684  1 .6161363E+07   1488000E+01  .2226E+06  .3986E+06   .9976315  .0044497  .0686412
T 9685  1 .6109422E+07   1488000E+01 -.1030E+06  .3370E+06   .9975219 -.0357931  .0605715
T 9686  1 .6813419E+07   1488000E+01  .2591E+06  .9988E+05   .9988169  .0433733  .0219882
T 9687  1 .6123994E+07   1488000E+01  .1788E+06  .4334E+06   .9954094  .0429734  .0855184
T 9688  1 .6531432E+07   1488000E+01  .1452E+06 -.2134E+06   .9990705  .0415831 -.0113580
T 9689  1 .6419678E+07   1488000E+01  .2239E+06 -.2070E+06   .9984824  .0543899 -.0086338
T 9690  1 .6737693E+07   1488000E+01 -.2199E+06 -.1165E+06   .9984281 -.0305709 -.0469757
T 9691  1 .6231702E+07   1488000E+01  .3030E+06 -.2424E+05   .9998410  .0122402  .0129649
T 9692  1 .6501846E+07   1488000E+01 -.3591E+06 -.1151E+07   .9889605 -.0493087 -.1397347
T 9693  1 .6214201E+07   1488000E+01  .4711E+06 -.3478E+06   .9729165  .2290401 -.0312113
T 9694  1 .6484542E+07   1488000E+01 -.1531E+06  .6021E+06   .9998212 -.0148942  .0116509
T 9695  1 .6679518E+07   1488000E+01  .1832E+06 -.1679E+06   .9981329  .0229885 -.0565889
T 9696  1 .6386439E+07   1488000E+01  .2575E+06  .5283E+06   .9987651  .0141336  .0476297
T 9697  1 .6658558E+07   1488000E+01  .3081E+06  .1141E+06   .9974795  .0447824 -.0550377
T 9698  1 .6381386E+07   1488000E+01  .1226E+06  .2218E+06   .9992654  .0100265  .0369879
T 9699  1 .6349973E+07   1488000E+01 -.1091E+06  .3855E+06   .9996511 -.0259645  .0048428
T 9700  1 .6558278E+07   1488000E+01 -.3024E+04  .2762E+06   .9995321  .0060480 -.0299826
T 9701  1 .6909636E+07   1488000E+01 -.6858E+05 -.5018E+06   .9966116 -.0229308 -.0789906
T 9702  1 .6293410E+07   1488000E+01  .1665E+06  .3919E+06   .9966318 -.0114056  .0812091
T 9703  1 .6432613E+07   1488000E+01 -.2832E+06 -.2552E+06   .9978067 -.0170018 -.0639750
T 9704  1 .6024149E+07   1488000E+01  .6241E+06 -.9301E+06   .9896860  .1406566 -.0271542
T 9705  1 .6279225E+07   1488000E+01 -.8901E+05  .6163E+06   .9972459  .0180763  .0719299
T 9706  1 .6682777E+07   1488000E+01 -.1429E+06  .1895E+06   .9992743  .0114194  .0363388
T 9707  1 .6655616E+07   1488000E+01 -.1352E+06 -.3281E+05   .9950889 -.0875083 -.0462633
T 9708  1 .6124912E+07   1488000E+01 -.2846E+06  .2928E+06   .9990706 -.0315589  .0293593
T 9709  1 .6514644E+07   1488000E+01 -.6215E+06  .1627E+06   .9924861 -.1025929 -.0666789
T 9710  1 .6198294E+07   1488000E+01  .3163E+04 -.2277E+05   .9998696 -.0118148 -.0110070
T 9711  1 .6153238E+07   1488000E+01  .2026E+05 -.4817E+05   .9990556  .0072559  .0428397
T 9712  1 .6269514E+07   1488000E+01  .9868E+05  .3616E+06   .9978821 -.0212347  .0614848
T 9713  1 .6736545E+07   1488000E+01  .4065E+06  .8331E+06   .9886917  .1122860  .0994007
T 9714  1 .6965653E+07   1488000E+01  .1510E+06  .5211E+06   .9973728  .0081308  .0719821
T 9715  1 .6141866E+07   1488000E+01  .7852E+06  .3484E+06   .9939403  .1013463  .0425632
T 9716  1 .6792408E+07   1488000E+01 -.4608E+03 -.2263E+06   .9983285 -.0272624 -.0509612
T 9717  1 .6751730E+07   1488000E+01  .3063E+06 -.4368E+06   .9976791 -.0040174 -.0679726
T 9718  1 .6212617E+07   1488000E+01  .5380E+06 -.3902E+06   .9926112  .1185113  .0260388
T 9719  1 .6305188E+07   1488000E+01 -.8084E+06 -.4180E+06   .9969601 -.0614564 -.0478925
T 9720  1 .6129006E+07   1488000E+01 -.1951E+06 -.4441E+05   .9993679  .0194239  .0297753
T 9721  1 .6765288E+07   1488000E+01  .4352E+06 -.6268E+05   .9983047  .0569609  .0119645
T 9722  1 .6328708E+07   1488000E+01  .2348E+06  .8902E+05   .9971575  .0557634  .0506696
T 9723  1 .6429331E+07   1488000E+01 -.1994E+07 -.5618E+06   .9646836 -.2406186 -.1071829
T 9724  1 .6678353E+07   1488000E+01 -.5243E+06 -.1951E+06   .9996885 -.0206369  .0140385
T 9725  1 .6258927E+07   1488000E+01 -.1396E+05 -.4011E+06   .9994013  .0230822 -.0257739
T 9726  1 .6636257E+07   1488000E+01  .1171E+06  .1808E+06   .9992561  .0309201 -.0230461
T 9727  1 .6128318E+07   1488000E+01  .8621E+06  .6237E+06   .9880226  .1194859  .0976446
T 9728  1 .6719904E+07   1488000E+01  .1470E+06  .4130E+05   .9995315  .0305859  .0011495
T 9729  1 .6014100E+07   1488000E+01  .1533E+06  .1217E+06   .9996505 -.0005842 -.0264304
T 9730  1 .6737258E+07   1488000E+01 -.2871E+06 -.5777E+06   .9935239 -.0829550 -.0776449
T 9731  1 .6539308E+07   1488000E+01 -.3118E+06 -.1115E+06   .9994438 -.0035376 -.0331604
T 9732  1 .6351772E+07   1488000E+01  .6242E+05  .6159E+06   .9950914 -.0011164  .0989536
T 9733  1 .6502860E+07   1488000E+01  .3710E+06 -.8377E+06   .9926634  .0175633 -.1196285
T 9734  1 .6439517E+07   1488000E+01 -.6193E+06  .3324E+06   .9932472 -.1129531  .0264864
T 9735  1 .6595129E+07   1488000E+01 -.8377E+06 -.9562E+06   .9780334 -.0934444 -.1863298
T 9736  1 .6390265E+07   1488000E+01 -.4533E+06 -.9682E+05   .9834219 -.1813118  .0027244
T 9737  1 .6314270E+07   1488000E+01 -.2108E+06 -.1647E+06   .9995504  .0084011 -.0287815
T 9738  1 .6755879E+07   1488000E+01  .3176E+05 -.3048E+06   .9999098  .0040121  .0128190
T 9739  1 .6246211E+07   1488000E+01  .1261E+06  .4849E+06   .9971639  .0371916  .0654289
T 9740  1 .6453462E+07   1488000E+01 -.5633E+06  .7891E+05   .9945319 -.0972546  .0380511
T 9741  1 .6451593E+07   1488000E+01 -.1019E+06 -.3083E+06   .9988181 -.0214706 -.0436044
T 9742  1 .6377220E+07   1488000E+01 -.1388E+06 -.4518E+06   .9988254 -.0144995 -.0462338
T 9743  1 .6154553E+07   1488000E+01  .8844E+06  .1381E+07   .9896705  .0888413  .1125150
T 9744  1 .6101212E+07   1488000E+01 -.3651E+06  .2683E+07   .9823768 -.0463882  .1810636
T 9745  1 .6279306E+07   1488000E+01  .3906E+05  .2168E+05   .9992789 -.0035785 -.0378006
T 9746  1 .6235322E+07   1488000E+01  .2896E+06  .3632E+06   .9926803  .0104032  .1203226
T 9747  1 .6277144E+07   1488000E+01 -.4622E+06  .8924E+05   .9926732 -.1207709 -.0037797
T 9748  1 .6982817E+07   1488000E+01  .9330E+05 -.9113E+05   .9999105  .0116134  .0066379
T 9749  1 .6566628E+07   1488000E+01 -.5481E+06  .1871E+06   .9963003 -.0848227 -.0138130
T 9750  1 .6410868E+07   1488000E+01 -.1120E+07  .3527E+06   .9907672 -.1204762  .0621752
T 9751  1 .6132772E+07   1488000E+01 -.3156E+06 -.2609E+06   .9973204 -.0248731 -.0687998
T 9752  1 .6680962E+07   1488000E+01  .3903E+05  .4151E+05   .9992830 -.0338390 -.0169832
T 9753  1 .6984683E+07   1488000E+01  .1383E+06  .1379E+06   .9999601  .0018385 -.0087463
T 9754  1 .6080912E+07   1488000E+01 -.2581E+06  .3172E+06   .9978007 -.0327661  .0576206
T 9755  1 .6631670E+07   1488000E+01  .2941E+06  .2037E+06   .9993517 -.0155571  .0324668
T 9756  1 .6513117E+07   1488000E+01 -.3842E+06 -.3031E+06   .9973207 -.0487792 -.0545169
T 9757  1 .7026923E+07   1488000E+01 -.2854E+06  .5445E+06   .9975987 -.0290723  .0628619
T 9758  1 .6471001E+07   1488000E+01 -.5902E+04 -.1416E+06   .9943294  .0393030 -.0988150
T 9759  1 .6827388E+07   1488000E+01  .2098E+06  .5257E+05   .9999013  .0021355 -.0138867
T 9760  1 .5516113E+07   1488000E+01  .3354E+06 -.8685E+06   .8609849  .2001932 -.4675763
T 9761  1 .6522831E+07   1488000E+01 -.4339E+05 -.8216E+05   .9996945 -.0160095 -.0188322
T 9762  1 .6789884E+07   1488000E+01 -.2532E+04 -.5367E+06   .9991565 -.0270054  .0309346
T 9763  1 .6258973E+07   1488000E+01  .3629E+06  .5951E+05   .9996551  .0200202 -.0169970
T 9764  1 .6265337E+07   1488000E+01  .3137E+06 -.3309E+06   .9996204  .0273308 -.0034686
T 9765  1 .6712576E+07   1488000E+01  .6140E+06 -.3695E+05   .9961302  .0878587 -.0023572
T 9766  1 .6560817E+07   1488000E+01  .2279E+06  .3434E+06   .9980888  .0254604  .0563077
T 9767  1 .6701265E+07   1488000E+01 -.1764E+06  .2076E+05   .9969203 -.0773450  .0129452
T 9768  1 .6505456E+07   1488000E+01 -.1164E+06 -.2200E+06   .9991114  .0371926 -.0198253
T 9769  1 .6645297E+07   1488000E+01  .2312E+06 -.3017E+06   .9990651  .0346452 -.0258566
T 9770  1 .6428513E+07   1488000E+01  .7258E+06 -.2382E+06   .9984644  .0469119 -.0294640
T 9771  1 .6757410E+07   1488000E+01  .1463E+06 -.3102E+06   .9848291  .0183566 -.1725534
T 9772  1 .6872855E+07   1488000E+01 -.1922E+06  .9812E+06   .9953840 -.0050053  .0958422
T 9773  1 .6485390E+07   1488000E+01 -.2382E+06  .1176E+06   .9997406 -.0001325 -.0227772
T 9774  1 .6196788E+07   1488000E+01 -.1130E+06 -.4077E+05   .9946135 -.0001558 -.1036528
T 9775  1 .7238782E+07   1488000E+01  .4920E+06 -.3322E+05   .9970664  .0665646 -.0377844
T 9776  1 .6233911E+07   1488000E+01  .5247E+05 -.2534E+06   .9988431  .0367130  .0310571
T 9777  1 .6204625E+07   1488000E+01 -.5376E+05  .2022E+06   .9995074  .0136445  .0282642
T 9778  1 .6537677E+07   1488000E+01  .5637E+05 -.2859E+06   .9975097  .0231111 -.0666353
T 9779  1 .6121015E+07   1488000E+01 -.4485E+06 -.4535E+06   .9876178 -.1217185 -.0989735
T 9780  1 .6433066E+07   1488000E+01 -.3547E+06 -.3436E+06   .9971658 -.0734743 -.0161816
T 9781  1 .6394612E+07   1488000E+01  .6880E+06  .3811E+06   .9971873  .0641702  .0387266
T 9782  1 .6723016E+07   1488000E+01  .4570E+06 -.4563E+05   .9987915  .0450654 -.0196135
T 9783  1 .6536266E+07   1488000E+01  .2002E+06  .1173E+06   .9868615 -.0646571  .1480673
T 9784  1 .6321969E+07   1488000E+01  .3702E+06  .7279E+06   .9943642  .0690038  .0804874
T 9785  1 .6695462E+07   1488000E+01  .3335E+06  .2135E+05   .9992688  .0377232  .0062267
T 9786  1 .6536181E+07   1488000E+01  .2829E+05 -.1601E+06   .9986478  .0094834  .0511132
T 9787  1 .6702852E+07   1488000E+01 -.1935E+06  .1024E+06   .9988987 -.0270733  .0383206
T 9788  1 .6511912E+07   1488000E+01  .6989E+05  .2243E+06   .9998341  .0049221  .0175352
T 9789  1 .6401066E+07   1488000E+01 -.2757E+05  .8979E+05   .9985527  .0453688 -.0288816
T 9790  1 .7097654E+07   1488000E+01 -.1308E+06  .1551E+06   .9991907  .0004852 -.0402204
T 9791  1 .6206450E+07   1488000E+01 -.7061E+05 -.5881E+06   .9965644 -.0045516 -.0826959
T 9792  1 .6104794E+07   1488000E+01  .3739E+06  .2304E+06   .9991420 -.0037136 -.0412487
T 9793  1 .6788859E+07   1488000E+01 -.2923E+06  .8143E+05   .9988751 -.0464523  .0095235
T 9794  1 .6027428E+07   1488000E+01 -.7278E+05  .2792E+06   .9986697 -.0159494  .0490357
T 9795  1 .6706185E+07   1488000E+01  .3364E+05  .1151E+06   .9997546  .0207831 -.0076661
T 9796  1 .5920029E+07   1488000E+01  .1260E+06 -.3858E+06   .9969445  .0441652 -.0644287
T 9797  1 .6916685E+07   1488000E+01  .3325E+06  .1128E+05   .9993136  .0199379 -.0312228
T 9798  1 .6872701E+07   1488000E+01  .2705E+04 -.6649E+06   .9855340 -.0236685 -.1678167
T 9799  1 .6638022E+07   1488000E+01  .5197E+06  .3583E+06   .9983859  .0542701 -.0167438
T 9800  1 .6653332E+07   1488000E+01 -.1237E+05  .5519E+05   .9997714 -.0168234  .0131924
T 9801  1 .6381686E+07   1488000E+01 -.5846E+06 -.3003E+06   .9903955 -.1381173 -.0063554
T 9802  1 .6147598E+07   1488000E+01 -.7928E+05 -.5421E+06   .9982009  .0186630 -.0569789
T 9803  1 .6583357E+07   1488000E+01 -.2554E+06  .1460E+06   .9988046 -.0234856  .0428698
T 9804  1 .6835028E+07   1488000E+01 -.3481E+06  .3722E+06   .9989680 -.0183412 -.0415528
T 9805  1 .6674427E+07   1488000E+01  .3411E+06 -.2297E+06   .9974870  .0269240 -.0655342
T 9806  1 .6967554E+07   1488000E+01 -.2225E+06 -.2736E+06   .9948418  .1013814  .0034022
T 9807  1 .6283235E+07   1488000E+01 -.3413E+06 -.3495E+04   .9957304 -.0870725  .0306492
T 9808  1 .6328422E+07   1488000E+01  .5515E+06  .1950E+07   .9879512  .0236738  .1529446
T 9809  1 .6590873E+07   1488000E+01  .1893E+06 -.5614E+06   .9955007  .0081228 -.0944052
T 9810  1 .7034830E+07   1488000E+01 -.7351E+06 -.1376E+06   .9953171 -.0962798 -.0086023
T 9811  1 .6112320E+07   1488000E+01  .4205E+06 -.8580E+04   .9947026  .1009885 -.0191839
T 9812  1 .6038883E+07   1488000E+01  .2603E+06  .1602E+07   .9878030  .0242713  .1538055
T 9813  1 .6659448E+07   1488000E+01  .4097E+06  .4266E+06   .9996150  .0178271 -.0212622
T 9814  1 .6437901E+07   1488000E+01 -.3157E+06 -.1114E+06   .9994225 -.0311135  .0136621
T 9815  1 .6587918E+07   1488000E+01 -.6128E+06  .1646E+06   .9972644 -.0738235 -.0037083
T 9816  1 .6718883E+07   1488000E+01 -.3426E+06  .8465E+04   .9972121 -.0718042  .0203046
T 9817  1 .6827627E+07   1488000E+01  .2201E+06  .5800E+06   .9984166 -.0056609  .0559658
T 9818  1 .6617709E+07   1488000E+01  .3361E+06 -.8240E+06   .9973432  .0381036 -.0620854
T 9819  1 .6074290E+07   1488000E+01  .1967E+06 -.3350E+06   .9968497  .0655067 -.0447161
T 9820  1 .6285488E+07   1488000E+01  .9223E+05 -.1509E+06   .9973493 -.0594221  .0419924
T 9821  1 .6936752E+07   1488000E+01 -.2081E+06 -.4795E+06   .9963611 -.0437632 -.0731392
T 9822  1 .6028491E+07   1488000E+01 -.6769E+05 -.3505E+06   .9991013 -.0267458 -.0328822
T 9823  1 .6185454E+07   1488000E+01  .2153E+06  .4838E+06   .9985405  .0531595  .0095374
T 9824  1 .6726000E+07   1488000E+01 -.2211E+06  .3071E+06   .9985090 -.0438965  .0324493
T 9825  1 .6223084E+07   1488000E+01  .3837E+05 -.1468E+06   .9976121 -.0338448 -.0602041
T 9826  1 .6934361E+07   1488000E+01  .1287E+05  .7532E+05   .9990466  .0230736  .0370619
T 9827  1 .5655052E+07   1488000E+01 -.3956E+06 -.2901E+05   .9995430  .0299289 -.0042548
T 9828  1 .6374878E+07   1488000E+01  .1662E+06  .7236E+06   .9955196  .0351750  .0877694
T 9829  1 .5977056E+07   1488000E+01 -.1704E+06 -.1422E+06   .9990745 -.0327739 -.0278584
T 9830  1 .6086790E+07   1488000E+01 -.4232E+06 -.5159E+06   .9967917 -.0704772 -.0379378
T 9831  1 .6833490E+07   1488000E+01  .9346E+04  .1282E+06   .9988533  .0260118  .0401919
T 9832  1 .6336848E+07   1488000E+01  .2369E+06 -.5959E+06   .9983280 -.0035542 -.0576939
T 9833  1 .5927402E+07   1488000E+01  .2652E+07 -.1134E+07   .9729457  .1881323 -.1341003
T 9834  1 .6512318E+07   1488000E+01  .2189E+06  .1140E+06   .9999207  .0125815 -.0004674
T 9835  1 .6582729E+07   1488000E+01  .2169E+06  .1159E+06   .9950976  .0889834  .0431595
T 9836  1 .5618005E+07   1488000E+01  .1147E+07  .2339E+07   .9413900  .2349773  .2420136
T 9837  1 .6308168E+07   1488000E+01  .1956E+05 -.1535E+06   .9993424  .0361720 -.0025305
T 9838  1 .6448434E+07   1488000E+01 -.6218E+06  .2600E+06   .9945095 -.0984822  .0353845
T 9839  1 .6232748E+07   1488000E+01 -.2946E+06 -.5739E+06   .9914922  .0080837 -.1299152
T 9840  1 .6087075E+07   1488000E+01 -.1833E+06  .4553E+05   .9995532 -.0298843 -.0006513
T 9841  1 .6394881E+07   1488000E+01 -.1486E+06  .1942E+06   .9981507 -.0596608 -.0116495
T 9842  1 .6494580E+07   1488000E+01  .4165E+06 -.6266E+05   .9989963  .0245144 -.0374891
T 9843  1 .6407219E+07   1488000E+01 -.3802E+06 -.1133E+06   .9993703  .0061987  .0349360
T 9844  1 .6884477E+07   1488000E+01  .2842E+06  .4615E+06   .9973141  .0164570  .0713710
T 9845  1 .6176903E+07   1488000E+01  .2044E+05 -.6874E+06   .9946809 -.0250264 -.0999180
T 9846  1 .6413445E+07   1488000E+01 -.1213E+06 -.2144E+06   .9975300 -.0303924 -.0633265
T 9847  1 .6803640E+07   1488000E+01 -.4942E+06 -.3742E+06   .9943918 -.0995074 -.0358218
T 9848  1 .6466456E+07   1488000E+01  .3094E+06 -.3123E+05   .9973585  .0722621  .0073562
T 9849  1 .6626943E+07   1488000E+01  .2822E+06 -.1994E+06   .9992446  .0346076  .0176813
T 9850  1 .6654912E+07   1488000E+01 -.7471E+05 -.6940E+06   .9929953 -.0741529 -.0919874
T 9851  1 .6198977E+07   1488000E+01  .3823E+06  .3377E+06   .9951268  .0517389  .0839394
T 9852  1 .6260789E+07   1488000E+01  .3331E+05  .4637E+06   .9968199 -.0093037  .0791418
T 9853  1 .6560703E+07   1488000E+01 -.5794E+05 -.4469E+06   .9996725 -.0249766 -.0055723
T 9854  1 .6768205E+07   1488000E+01  .4448E+06  .2344E+06   .9974270  .0000712  .0716888
T 9855  1 .6284502E+07   1488000E+01  .3444E+06 -.1091E+06   .9988969  .0408365 -.0231826
T 9856  1 .6229044E+07   1488000E+01 -.4727E+05  .1234E+06   .9989996 -.0086237  .0438804
T 9857  1 .6550493E+07   1488000E+01 -.4196E+06  .3136E+06   .9964700 -.0746287  .0384456
T 9858  1 .6412722E+07   1488000E+01  .3085E+06  .4052E+06   .9957486  .0501367  .0772720
T 9859  1 .6544871E+07   1488000E+01 -.4284E+06 -.8259E+06   .9235052 -.1581379 -.3494718
T 9860  1 .6375815E+07   1488000E+01  .1147E+06 -.5046E+06   .9986388  .0397784 -.0337372
T 9861  1 .6363538E+07   1488000E+01  .8900E+05 -.2377E+05   .9994476  .0316227  .0102184
T 9862  1 .6543437E+07   1488000E+01 -.2106E+06 -.1495E+06   .9981373 -.0490119  .0363289
T 9863  1 .6395440E+07   1488000E+01  .2914E+06  .8441E+05   .9993845  .0350591 -.0012188
T 9864  1 .6280888E+07   1488000E+01 -.4146E+06 -.6668E+06   .9946041 -.0971695 -.0363437
T 9865  1 .6301138E+07   1488000E+01  .8004E+05 -.2492E+05   .9984237  .0553744  .0091551
T 9866  1 .6556852E+07   1488000E+01  .2732E+06 -.1104E+06   .9990271  .0378948 -.0225594
T 9867  1 .5993504E+07   1488000E+01  .4900E+06  .5526E+04   .9987289  .0261007 -.0431196
T 9868  1 .6214022E+07   1488000E+01  .2401E+06  .4492E+05   .9995722  .0131641  .0261174
T 9869  1 .5859863E+07   1488000E+01 -.7948E+06  .6296E+06   .9858132 -.1568129  .0598497
T 9870  1 .6290705E+07   1488000E+01 -.1864E+06  .1526E+06   .9998726 -.0141906 -.0073102
T 9871  1 .6937210E+07   1488000E+01 -.1689E+06  .9039E+05   .9987798 -.0056086  .0490654
T 9872  1 .6729158E+07   1488000E+01 -.1632E+06  .1566E+06   .9997436 -.0138460  .0179174
T 9873  1 .6244104E+07   1488000E+01 -.3356E+04 -.5152E+05   .9999101 -.0007616 -.0133877
T 9874  1 .6982122E+07   1488000E+01 -.2719E+06 -.3068E+06   .9978527 -.0642817 -.0125673
T 9875  1 .6516311E+07   1488000E+01 -.4336E+06  .1876E+05   .9966752 -.0790438  .0197666
T 9876  1 .6464677E+07   1488000E+01 -.4243E+06 -.3117E+06   .9985694  .0297385 -.0444393
T 9877  1 .6638730E+07   1488000E+01 -.7546E+05  .2618E+06   .9979122 -.0280278  .0581868
T 9878  1 .6464351E+07   1488000E+01 -.1280E+07 -.5538E+04   .9862754 -.1631249 -.0255181
T 9879  1 .6548290E+07   1488000E+01  .3051E+05 -.2570E+06   .9990764  .0337298 -.0266210
T 9880  1 .6566717E+07   1488000E+01 -.3509E+06 -.4180E+06   .9969023 -.0438252 -.0653083
T 9881  1 .6405693E+07   1488000E+01  .6330E+05 -.5414E+06   .9982954 -.0316078 -.0490628
T 9882  1 .6901543E+07   1488000E+01 -.4536E+05  .2865E+06   .9991759 -.0014256  .0405636
T 9883  1 .6463365E+07   1488000E+01 -.5036E+06 -.4757E+06   .9933873 -.0766430 -.0854841
T 9884  1 .6903491E+07   1488000E+01 -.2529E+06 -.6277E+05   .9983430 -.0566950 -.0098446
T 9885  1 .6057912E+07   1488000E+01  .3023E+06 -.1092E+06   .9999576  .0092017 -.0003968
T 9886  1 .6096871E+07   1488000E+01 -.2234E+06 -.4665E+05   .9973361  .0721534  .0107065
T 9887  1 .7102372E+07   1488000E+01  .3269E+05 -.1004E+06   .9995640 -.0274424  .0108934
T 9888  1 .6074351E+07   1488000E+01  .1603E+06 -.2828E+06   .9996146 -.0019057  .0276940
T 9889  1 .6718057E+07   1488000E+01 -.2470E+06 -.3029E+06   .9973039 -.0594008 -.0430869
T 9890  1 .6307926E+07   1488000E+01 -.2911E+06  .5791E+06   .9938294 -.0581996  .0944246
T 9891  1 .6034475E+07   1488000E+01  .3127E+05 -.4935E+05   .9998481 -.0104465  .0139550
T 9892  1 .6091994E+07   1488000E+01  .5687E+06  .3376E+06   .9936331  .0356025  .1068909
T 9893  1 .6352754E+07   1488000E+01  .1954E+06  .5946E+04   .9990116  .0303373  .0324886
T 9894  1 .6777195E+07   1488000E+01 -.4298E+06  .1479E+06   .9987240 -.0465541  .0195707
T 9895  1 .6411212E+07   1488000E+01 -.2498E+06  .1129E+06   .9985854 -.0504491  .0167983
T 9896  1 .6142325E+07   1488000E+01  .1857E+06 -.3202E+06   .9982398  .0522043 -.0281434
T 9897  1 .6602767E+07   1488000E+01  .2524E+06  .8009E+05   .9988622 -.0469255  .0084998
T 9898  1 .6750231E+07   1488000E+01  .1274E+06 -.4794E+06   .9983854 -.0375624 -.0426108
T 9899  1 .6707678E+07   1488000E+01  .5514E+05 -.2013E+06   .9938564  .0365365 -.1044730
T 9900  1 .6526041E+07   1488000E+01  .2025E+06 -.3129E+06   .9942292  .0933975 -.0527757
T 9901  1 .6383424E+07   1488000E+01  .2834E+06 -.1114E+06   .9957850  .0838106 -.0372562
T 9902  1 .6284784E+07   1488000E+01 -.4414E+06 -.4779E+06   .9944905 -.0971895 -.0392790
T 9903  1 .6005968E+07   1488000E+01  .1605E+06 -.2214E+06   .9993611  .0324138 -.0150572
T 9904  1 .6341121E+07   1488000E+01  .1462E+06  .8000E+06   .9970037  .0752898  .0177484
T 9905  1 .6516371E+07   1488000E+01 -.3811E+06 -.6204E+06   .9952862  .0061606 -.0967858
T 9906  1 .6496388E+07   1488000E+01  .4036E+06  .5263E+06   .9977483  .0447113  .0499931
T 9907  1 .6435408E+07   1488000E+01  .1329E+06 -.4772E+06   .9978396  .0456199 -.0472757
T 9908  1 .6206477E+07   1488000E+01 -.1184E+07  .2213E+07   .9794681 -.1215638  .1608244
T 9909  1 .6563481E+07   1488000E+01 -.1500E+06 -.7724E+05   .9946194  .0114604  .1029603
T 9910  1 .6121358E+07   1488000E+01 -.2162E+05 -.1805E+06   .9995062  .0150871 -.0275651
T 9911  1 .6841112E+07   1488000E+01 -.3573E+06  .4373E+04   .9968962 -.0421789  .0664751
T 9912  1 .6561376E+07   1488000E+01  .7002E+05  .2216E+06   .9972988  .0331388  .0655509
T 9913  1 .6752830E+07   1488000E+01 -.3707E+05 -.4630E+06   .9969170  .0623193 -.0476740
T 9914  1 .6624275E+07   1488000E+01  .1420E+06  .1171E+06   .9998617  .0122953  .0111974
T 9915  1 .6454066E+07   1488000E+01 -.1847E+06 -.5257E+06   .9940758 -.0352828 -.1028032
T 9916  1 .6337897E+07   1488000E+01 -.4817E+05 -.4946E+05   .9997358 -.0228531  .0024745
T 9917  1 .6126844E+07   1488000E+01  .1532E+07 -.6771E+06   .9874645  .1449752 -.0624187
T 9918  1 .5841932E+07   1488000E+01  .5193E+06 -.3358E+06   .9987614  .0479676 -.0132239
T 9919  1 .5956807E+07   1488000E+01 -.2194E+06  .2138E+06   .9982553 -.0380446  .0451551
T 9920  1 .6528746E+07   1488000E+01  .3630E+06 -.6275E+05   .9997365  .0188131 -.0131530
T 9921  1 .6204678E+07   1488000E+01  .2906E+06  .2830E+06   .9933049  .0783221  .0849182
T 9922  1 .6379304E+07   1488000E+01  .2536E+06 -.1015E+06   .9997927 -.0133632  .0153607
T 9923  1 .6215209E+07   1488000E+01  .4937E+06 -.5834E+06   .9971687 -.0049915 -.0750317
T 9924  1 .6496561E+07   1488000E+01  .2858E+06  .6293E+06   .9952823  .0169264  .0955338
T 9925  1 .6416157E+07   1488000E+01 -.1233E+06  .7792E+06   .9932068 -.0121960  .1157217
T 9926  1 .6449163E+07   1488000E+01  .7781E+04 -.2152E+06   .9992336  .0274024 -.0279524
T 9927  1 .6018767E+07   1488000E+01  .3289E+06  .1604E+06   .9995782  .0160063  .0242326
T 9928  1 .6419243E+07   1488000E+01  .3299E+04  .1944E+06   .9990661  .0392152  .0181414
T 9929  1 .6753840E+07   1488000E+01  .1223E+06 -.1094E+06   .9997324  .0031373  .0229206
T 9930  1 .6555641E+07   1488000E+01 -.3091E+05 -.1176E+06   .9978339 -.0576643 -.0316601
T 9931  1 .6098860E+07   1488000E+01 -.2194E+06  .2158E+06   .9980016 -.0286694  .0563107
T 9932  1 .6413985E+07   1488000E+01 -.4422E+06  .5331E+06   .9975044 -.0317905  .0630431
T 9933  1 .6533503E+07   1488000E+01  .3654E+05  .1416E+06   .9997673  .0070455  .0203870
T 9934  1 .6198108E+07   1488000E+01 -.4941E+05 -.1561E+06   .9980154  .0189448 -.0600533
T 9935  1 .6556714E+07   1488000E+01  .6529E+05  .1096E+06   .9992237  .0120813 -.0374963
T 9936  1 .6898252E+07   1488000E+01 -.1616E+05 -.1018E+06   .9998177  .0190404 -.0014415
T 9937  1 .6231406E+07   1488000E+01  .5401E+06 -.1027E+06   .9928443  .1190293 -.0096012
T 9938  1 .6490712E+07   1488000E+01  .6667E+05 -.3039E+06   .9785923  .1733035  .1110093
T 9939  1 .6090130E+07   1488000E+01  .1697E+06 -.3168E+06   .9991619  .0371486  .0171894
T 9940  1 .6198381E+07   1488000E+01  .7137E+04  .1048E+06   .9995522 -.0014870  .0298858
T 9941  1 .7168403E+07   1488000E+01 -.2727E+05  .7031E+05   .9998679 -.0038409  .0157941
T 9942  1 .6344660E+07   1488000E+01 -.5951E+05 -.2044E+06   .9984100  .0201339 -.0526507
T 9943  1 .6681205E+07   1488000E+01 -.2675E+06 -.3217E+06   .9968641 -.0738011 -.0285559
T 9944  1 .6437042E+07   1488000E+01  .1113E+06  .2146E+06   .9945960 -.0573390  .0865507
T 9945  1 .6227202E+07   1488000E+01 -.4052E+06 -.5127E+06   .9948424 -.0977151 -.0272102
T 9946  1 .6192421E+07   1488000E+01  .1925E+05  .1531E+05   .9983934 -.0406424  .0394821
T 9947  1 .6558736E+07   1488000E+01  .4057E+05 -.2702E+06   .9997216  .0150189 -.0181972
T 9948  1 .6421063E+07   1488000E+01  .4041E+06 -.1299E+06   .9998513  .0172438  .0000156
T 9949  1 .6132115E+07   1488000E+01 -.3367E+06 -.6060E+06   .9949825 -.0783560 -.0622100
T 9950  1 .6153555E+07   1488000E+01 -.1108E+06  .4772E+06   .9978422 -.0261771  .0602142
T 9951  1 .6125378E+07   1488000E+01 -.3807E+06  .3616E+06   .9975256 -.0318330  .0626841
T 9952  1 .6505171E+07   1488000E+01  .1267E+06  .1894E+06   .9940969 -.0933290  .0553269
T 9953  1 .6147452E+07   1488000E+01 -.1238E+06  .8830E+05   .9996532 -.0126582  .0230902
T 9954  1 .6533755E+07   1488000E+01 -.3872E+06 -.4935E+05   .9997429 -.0222537 -.0043575
T 9955  1 .6755023E+07   1488000E+01 -.5692E+06  .5627E+06   .9869405 -.0662194  .1468448
T 9956  1 .6156719E+07   1488000E+01 -.4873E+06  .1763E+06   .9960936  .0003490  .0883027
T 9957  1 .6992663E+07   1488000E+01  .2288E+06  .6233E+05   .9977538  .0390850  .0544041
T 9958  1 .6208736E+07   1488000E+01 -.1432E+06  .2234E+06   .9997785  .0127784 -.0167248
T 9959  1 .6371142E+07   1488000E+01  .5227E+05  .3768E+06   .9970829 -.0387189  .0657761
T 9960  1 .6193477E+07   1488000E+01 -.1213E+06 -.5169E+06   .9998240 -.0022821 -.0186191
T 9961  1 .6668883E+07   1488000E+01  .2612E+06  .2526E+06   .9996102  .0213669 -.0179713
T 9962  1 .6518750E+07   1488000E+01 -.6747E+03  .2447E+06   .9997216  .0178453  .0154353
T 9963  1 .6000777E+07   1488000E+01  .2979E+06 -.1250E+06   .9927896  .1159500 -.0304047
T 9964  1 .6500267E+07   1488000E+01 -.1068E+06  .6385E+06   .9979899  .0129707  .0620322
T 9965  1 .5966224E+07   1488000E+01 -.4025E+06 -.5037E+06   .9969464 -.0610679 -.0486679
T 9966  1 .5679307E+07   1488000E+01 -.6718E+06 -.6758E+06   .9934597 -.0737686 -.0871556
T 9967  1 .6270161E+07   1488000E+01 -.4002E+06 -.2202E+06   .9897056  .0625274 -.1287364
T 9968  1 .6387328E+07   1488000E+01  .9096E+05 -.2143E+06   .9995886  .0046490  .0283013
T 9969  1 .6892382E+07   1488000E+01 -.4953E+06  .3143E+06   .9991160 -.0284243  .0309723
T 9970  1 .6160231E+07   1488000E+01  .1605E+06  .8986E+06   .9589154 -.0759905  .2733254
T 9971  1 .6735085E+07   1488000E+01 -.3149E+06 -.3412E+06   .9826223 -.1824671 -.0340465
T 9972  1 .6224513E+07   1488000E+01 -.2126E+05 -.1867E+06   .9985343  .0210615 -.0498561
T 9973  1 .6931047E+07   1488000E+01 -.1238E+06  .4396E+06   .9987428 -.0184215  .0466211
T 9974  1 .6716692E+07   1488000E+01  .2493E+06  .1305E+06   .9972913  .0525679  .0514457
T 9975  1 .6158913E+07   1488000E+01  .7206E+05 -.2016E+06   .9985960  .0493881 -.0191538
T 9976  1 .6612304E+07   1488000E+01 -.4895E+06  .4803E+05   .9993866 -.0338715 -.0088938
T 9977  1 .6713776E+07   1488000E+01 -.9760E+05  .1323E+06   .9965513 -.0776788 -.0291820
T 9978  1 .6521704E+07   1488000E+01  .5133E+06  .3492E+06   .9972899  .0595003  .0432733
T 9979  1 .6308048E+07   1488000E+01  .8371E+06  .2273E+06   .9954843  .0866781  .0387027
T 9980  1 .6473913E+07   1488000E+01  .3561E+06 -.3729E+06   .9932495  .0912614 -.0716017
T 9981  1 .6691085E+07   1488000E+01  .7471E+05 -.6004E+06   .9907252  .0043075 -.1358123
T 9982  1 .6778931E+07   1488000E+01  .1620E+06  .7367E+06   .9956346 -.0018849  .0933172
T 9983  1 .6539156E+07   1488000E+01  .3549E+06  .4558E+06   .9947700  .0520073  .0879081
T 9984  1 .5827202E+07   1488000E+01  .8120E+05 -.3142E+06   .9982104  .0457915 -.0384601
T 9985  1 .6219508E+07   1488000E+01  .9179E+04 -.1683E+05   .9971184  .0575563 -.0494182
T 9986  1 .6417523E+07   1488000E+01  .3705E+06 -.2113E+06   .9995284 -.0018692 -.0306508
T 9987  1 .6582867E+07   1488000E+01 -.6320E+05 -.4437E+05   .9993662 -.0234000 -.0268274
T 9988  1 .6197567E+07   1488000E+01 -.3850E+06  .3270E+06   .9962720 -.0702508  .0500688
T 9989  1 .6593309E+07   1488000E+01  .2572E+06 -.5430E+06   .9949715  .0620757 -.0786027
T 9990  1 .6276701E+07   1488000E+01 -.1554E+06  .5141E+06   .9975803  .0036084  .0694300
T 9991  1 .6721667E+07   1488000E+01  .2549E+06  .6810E+06   .9903951  .0405525  .1321856
T 9992  1 .6382503E+07   1488000E+01  .3361E+06 -.2192E+06   .9995755  .0222376 -.0188219
T 9993  1 .6640610E+07   1488000E+01  .1312E+06  .2442E+06   .9988885 -.0331754  .0334823
T 9994  1 .6113733E+07   1488000E+01  .2355E+06 -.8473E+06   .9916293  .0716187 -.1074343
T 9995  1 .5949301E+07   1488000E+01 -.2921E+06  .9173E+04   .9990000 -.0324825  .0307220
T 9996  1 .6714316E+07   1488000E+01  .4546E+06 -.4566E+06   .9869122  .0603244 -.1495501
T 9997  1 .6329241E+07   1488000E+01 -.9989E+05 -.8387E+06   .9937635  .0136152 -.1106740
T 9998  1 .6561364E+07   1488000E+01  .1424E+07 -.7475E+06   .9919447  .0760376 -.1013118
T 9999  1 .6092377E+07   1488000E+01 -.3193E+06  .9080E+05   .9999140 -.0029759  .0127705
T10000 